EAN_Supplier,EAN_Amazon,ASIN,SupplierTitle,AmazonTitle,SupplierURL,AmazonURL,Sales,NetProfit,ROI,SupplierPrice,AmazonPrice,MatchCategory,MatchScore,MatchReason
5010792754697.0,690251058983.0,B07924ZBS1,Pomegranate Noir Body Care,Jo Malone Pomegranate Noir Body Creme 1.7oz/50ml New,https://angelwholesale.co.uk/gift/gifts-by-recipient/gifts-for-her/all-gifts-for-women/pomegranate-noir-hand-lip-care-set/p1070517.html,https://www.amazon.co.uk/dp/B07924ZBS1,50.0,19.540000000000003,574.7058823529412,3.42,38.1,GROUP_3_UNCERTAIN,64.1025641025641,Moderate similarity - needs verification
5050565546265.0,,B0FQK4M4VR,Badminton Two Player Set,"Carlton Nanomax Pro Ti Badminton Set, 2 Player Set with Rackets, Carry Cover & Shuttles",https://angelwholesale.co.uk/sale/special-offers-occassions/badminton-set-assorted-/p1057492.html,https://www.amazon.co.uk/dp/B0FQK4M4VR,50.0,16.032916666666665,572.6041666666666,2.7,29.99,GROUP_3_UNCERTAIN,41.1214953271028,Moderate similarity - needs verification
5051211241565.0,5060618625595.0,B082MPZMZT,Medium Round Basket with Liner,"Natural Finish Round Laundry Wicker Basket Cotton Liner with Lid Bathroom Storage (Brown, Medium)",https://angelwholesale.co.uk/new/latest-hamper-supplies/round-basket-with-zigzag-design/p1064299.html,https://www.amazon.co.uk/dp/B082MPZMZT,50.0,14.002916666666664,289.915458937198,5.136,29.99,GROUP_3_UNCERTAIN,53.70967741935484,Product type match: basket
,5059799141987.0,B09LR315WH,Metallic Reindeer Head Hanging Decoration - Silver (30cm),Taylor & Brown 85cm Light Up Reindeer Stag Head Metal Framed Deer Stags Head Christmas Xmas Wall Decoration Plug in with 80 LED's for Indoor Outdoor (Warm White),https://angelwholesale.co.uk/Item/Mumbles-Reindeer.-30cm-toy022714,https://www.amazon.co.uk/dp/B09LR315WH,50.0,12.095000000000004,184.93883792048936,7.188000000000001,34.95,GROUP_3_UNCERTAIN,52.142857142857146,Product type match: decoration
5015302108465.0,,B0BCDRW9RY,Ragdoll Plush Toy Assortment (6 Assorted),CU-MATE 20 Inch Grey Ragdoll Cat Stuffed Toy Dolls Cute Handmade Plush Toy Ann Baker Cat Birthday Gift for Boys Girls,https://angelwholesale.co.uk/gift/gifts-by-recipient/baby-gifts/large-3d-plush-elephant-assorted-/p1053479.html,https://www.amazon.co.uk/dp/B0BCDRW9RY,100.0,10.768333333333334,210.31901041666669,5.484,27.85,GROUP_3_UNCERTAIN,45.769230769230774,"Product type match: plush, toy, doll"
5056283828300.0,,B079FV4K43,Double Bubble Solution Bottle 70ml CDU Assorted Colours,"Bramble - Pack 9"" Frisbee Flying Disc Saucers for Kids & Adults Outdoor Fun Play Activity - 3 Assorted Colours, 23cm",https://www.poundwholesale.co.uk/hoot-awesome-frisbee-assorted-colours-cdu,https://www.amazon.co.uk/dp/B079FV4K43,50.0,10.539583333333333,871.0399449035812,0.792,19.99,GROUP_3_UNCERTAIN,42.944785276073624,Moderate similarity - needs verification
,5060738831623.0,B08F7SKNP6,Natural Wood Adjustable Rocking Moses Basket Stand,"ELEGANT BABY Beary Nice Cream Palm Moses Basket with Deluxe Natural Rocking Stand, Adjustable Hood, Fibre Mattress & Padded Liner",https://angelwholesale.co.uk/baby/nursery/moses-baskets-stands/grey-wood-adjustable-rocking-moses-basket-stand/p1048120.html,https://www.amazon.co.uk/dp/B08F7SKNP6,50.0,9.095000000000002,50.38781163434904,21.0,54.99,GROUP_3_UNCERTAIN,42.42857142857143,Product type match: basket
,5060738831623.0,B08F7SKNP6,Natural Wood Adjustable Rocking Moses Basket Stand,"ELEGANT BABY Beary Nice Cream Palm Moses Basket with Deluxe Natural Rocking Stand, Adjustable Hood, Fibre Mattress & Padded Liner",https://angelwholesale.co.uk/baby/nursery/moses-baskets-stands/white-wood-adjustable-rocking-moses-basket-stand/p1048121.html,https://www.amazon.co.uk/dp/B08F7SKNP6,50.0,9.095000000000002,50.38781163434904,21.0,54.99,GROUP_3_UNCERTAIN,42.42857142857143,Product type match: basket
5056117210035.0,,B0CV5J77K3,Polka Dot Short Sleeve Unbranded Cotton Bodysuit (3-6m),"Bramble & Bear 3/6 Pack Short/Long Sleeve Baby Vests - Organic Cotton Unisex Baby Bodysuit Vests for 0-3 Years - Comfortable Bodysuits for Boys & Girls - Soft, Cosy, Cute",https://angelwholesale.co.uk/Item/Baby-Blue-Short-Sleeve-Unbranded-Cotton-Bodysuit-3-6m-bac01838,https://www.amazon.co.uk/dp/B0CV5J77K3,50.0,8.611249999999998,354.37242798353907,2.256,18.99,GROUP_3_UNCERTAIN,52.91469194312796,Product type match: bodysuit
5022896110125.0,,B0000X1MEK,Christmas Holly China Gravy Boat,"Portmeirion Home & Gifts The Holly & Ivy Gravy Boat and Stand, Ceramic, Multi-Colour",https://angelwholesale.co.uk/Item/Boat-Oars--O10126,https://www.amazon.co.uk/dp/B0000X1MEK,50.0,8.578333333333337,170.88313413014615,5.364,22.6,GROUP_3_UNCERTAIN,41.81818181818181,Moderate similarity - needs verification
5050565758200.0,,B09FLJJZCV,28cm Plush Handing Reindeer (Assorted),Christmas Stuffed Animal Cute Plush Moose Reindeer Stuffed Animal for Baby Boys Girls Home Bedroom Party Decoration,https://angelwholesale.co.uk/occasions/summer-holidays/travel/hand-fan-assorted-/p1064629.html,https://www.amazon.co.uk/dp/B09FLJJZCV,50.0,8.434583333333332,708.7885154061623,0.768,16.99,GROUP_3_UNCERTAIN,46.78807947019868,Product type match: plush
5056721895802.0,5060938436086.0,B0FTMP2WZP,Natural & Black Seagrass Basket (14cm x 15cm),"Straame Seagrass Storage Baskets Set of 4 - Handwoven Wicker Organisers with Handles, Steel-Reinforced Frame, Nesting Design - 30 x 22 x 15 cm, Natural seagrass material for Shelves, Bathroom and Home",https://angelwholesale.co.uk/home/all-home-and-decor/natural-black-seagrass-basket-with-liner-14-x-14cm-/p1067336.html,https://www.amazon.co.uk/dp/B0FTMP2WZP,300.0,6.478333333333332,352.0833333333332,1.548,19.99,GROUP_3_UNCERTAIN,41.60944206008584,Product type match: basket
5056721849270.0,5060938436086.0,B0FTMP2WZP,Natural & Black Seagrass Basket (14cm x 15cm),"Straame Seagrass Storage Baskets Set of 4 - Handwoven Wicker Organisers with Handles, Steel-Reinforced Frame, Nesting Design - 30 x 22 x 15 cm, Natural seagrass material for Shelves, Bathroom and Home",https://angelwholesale.co.uk/packaging/baskets-containers/natural-seagrass-braided-jute-basket-14cm-x-14cm-/p1064306.html,https://www.amazon.co.uk/dp/B0FTMP2WZP,300.0,6.278333333333332,307.76143790849665,1.788,19.99,GROUP_3_UNCERTAIN,41.60944206008584,Product type match: basket
5055442193280.0,,B0DRVQ6ZQD,Ladies 5 Pack Trainer Socks with Mesh Insert and Arch Support (Assorted Designs),"Bamboo Trainer Socks Womens 6 Pairs, Breathable Cushioned Ladies Ankle Socks, Anti Blister Short Athletic Sports Running Sock, Low Cut Summer Walking Sock",https://angelwholesale.co.uk/Item/Ladies-5-Pack-Assorted-Workout-Mesh-Insert-Trainer-Socks--S14169,https://www.amazon.co.uk/dp/B0DRVQ6ZQD,400.0,5.795,273.34905660377353,1.884,12.99,GROUP_3_UNCERTAIN,52.55458515283843,Product type match: sock
5056117230002.0,5056565043605.0,B0F8BTVNY8,White 100% Organic Cotton Unbranded Short Sleeve Bodysuit (0-3 Months),Baby Bodysuits Cotton 6 Pack Short Sleeve White Vests Tops Boy Girl,https://angelwholesale.co.uk/Item/Pink-Organic-Cotton-Unbranded-Short-Sleeve-Bodysuit-0-3-Months-gdr0714,https://www.amazon.co.uk/dp/B0F8BTVNY8,200.0,5.531666666666667,197.55952380952385,2.7,14.99,GROUP_3_UNCERTAIN,58.28358208955223,Product type match: bodysuit
5016064058685.0,5030005163818.0,B084YTSGR5,Farm Tractor  (Assorted Designs),Toyland® Pack of 6 Die Cast Metal Farm Tractor & Implements Set - Approx. 5cm - 4 Assorted Designs - 1 Chosen at Random,https://angelwholesale.co.uk/Item/Farm-Stationery-bac01989,https://www.amazon.co.uk/dp/B084YTSGR5,50.0,5.468333333333334,501.6819571865444,0.648,13.99,GROUP_3_UNCERTAIN,42.028985507246375,Moderate similarity - needs verification
5056721849393.0,5060938436086.0,B0FTMP2WZP,Natural & Black Seagrass Basket (14cm x 15cm),"Straame Seagrass Storage Baskets Set of 4 - Handwoven Wicker Organisers with Handles, Steel-Reinforced Frame, Nesting Design - 30 x 22 x 15 cm, Natural seagrass material for Shelves, Bathroom and Home",https://angelwholesale.co.uk/packaging/baskets-containers/natural-black-seagrass-basket-19cm-x-20cm-/p1064312.html,https://www.amazon.co.uk/dp/B0FTMP2WZP,300.0,5.278333333333332,173.62938596491222,2.9880000000000004,19.99,GROUP_3_UNCERTAIN,41.60944206008584,Product type match: basket
5056349257402.0,5060938436086.0,B0FTMP2WZP,Natural & Black Seagrass Basket (14cm x 15cm),"Straame Seagrass Storage Baskets Set of 4 - Handwoven Wicker Organisers with Handles, Steel-Reinforced Frame, Nesting Design - 30 x 22 x 15 cm, Natural seagrass material for Shelves, Bathroom and Home",https://angelwholesale.co.uk/packaging/baskets-containers/natural-black-striped-seagrass-basket-13cm-x-15cm-/p1064315.html,https://www.amazon.co.uk/dp/B0FTMP2WZP,300.0,5.278333333333332,173.62938596491222,2.9880000000000004,19.99,GROUP_3_UNCERTAIN,41.60944206008584,Product type match: basket
681070116787.0,,B0DRWPX231,"18\"" ECO ONE Balloon - Birthday Jungle","1st Birthday Decorations for Boys,1st Wild One Birthday Balloons,Jungle Balloons,First Safari 1 Year",https://angelwholesale.co.uk/party/shop-balloons/birthday-balloons/18-eco-one-balloon-birthday-cactus/p1046831.html,https://www.amazon.co.uk/dp/B0DRWPX231,50.0,5.155000000000002,330.44871794871807,1.212,12.99,GROUP_3_UNCERTAIN,40.373134328358205,Product type match: balloon
681070116749.0,,B0DRWPX231,"18\"" ECO ONE Balloon - Birthday Jungle","1st Birthday Decorations for Boys,1st Wild One Birthday Balloons,Jungle Balloons,First Safari 1 Year",https://angelwholesale.co.uk/Item/ECO-ONE-Balloon---Birthday-Green-Motifs-18-inch-16357-18,https://www.amazon.co.uk/dp/B0DRWPX231,50.0,5.155000000000002,330.44871794871807,1.212,12.99,GROUP_3_UNCERTAIN,40.373134328358205,Product type match: balloon
5012866016786.0,,B084YTSGR5,Farm Tractor   (Assorted Designs),Toyland® Pack of 6 Die Cast Metal Farm Tractor & Implements Set - Approx. 5cm - 4 Assorted Designs - 1 Chosen at Random,https://angelwholesale.co.uk/Item/-Farm-Tractor--T19307,https://www.amazon.co.uk/dp/B084YTSGR5,50.0,5.059583333333334,207.35997267759564,2.268,13.99,GROUP_3_UNCERTAIN,42.028985507246375,Moderate similarity - needs verification
5056721862040.0,5060238572682.0,B00F2KN25S,Light Willow Oval Tray Basket with Handles,Woodluv Oval Antique Wash Willow Wicker Picnic Hamper Shopping Storage Basket W/Handle - 39.5cm x 30cm x 37.5(H) cm,https://angelwholesale.co.uk/occasions/mothers-day/baskets-buckets/light-willow-rectangle-tray-basket-with-handles/p1065640.html,https://www.amazon.co.uk/dp/B00F2KN25S,50.0,4.784999999999998,110.25345622119814,4.548,21.99,GROUP_3_UNCERTAIN,56.55844155844156,Product type match: basket
5056721838984.0,,B0F3H4NVK6,Arundel Peony Bouquet Dusky Pink,"4 Bunches Pink Flowers Artificial Peonies Roses Bouquet, Fake Hydrangea Peony, Faux Pink Flower That Look Real, for Wedding Bridal Bouquet Home Party Table Décor",https://angelwholesale.co.uk/craft/floristry/silk-flowers/artificial-flowers-bouquets/essential-dusky-pink-peony-bouquet/p1063850.html,https://www.amazon.co.uk/dp/B0F3H4NVK6,100.0,4.601666666666668,183.33333333333337,2.352,14.99,GROUP_3_UNCERTAIN,40.26315789473684,Product type match: peony
,,B0F8BVCVKH,Soft Touch Plain Grey Bodysuit (NB-6 Months),Baby Bodysuits Cotton 6 Pack Short Sleeve White Vests Tops Boy Girl,https://angelwholesale.co.uk/baby/clothing/bodysuits/soft-touch-plain-black-bodysuit-nb-6-months-/p1060040.html,https://www.amazon.co.uk/dp/B0F8BVCVKH,100.0,4.551250000000002,203.18080357142864,2.028,12.99,GROUP_3_UNCERTAIN,51.69724770642202,Product type match: bodysuit
,5060960361684.0,B0CV5J77K3,Polka Dot Short Sleeve Unbranded Cotton Bodysuit (3-6m),"Bramble & Bear 3/6 Pack Short/Long Sleeve Baby Vests - Organic Cotton Unisex Baby Bodysuit Vests for 0-3 Years - Comfortable Bodysuits for Boys & Girls - Soft, Cosy, Cute",https://angelwholesale.co.uk/clothing/baby-clothing/baby-bodysuits-grows/polka-dot-short-sleeve-unbranded-cotton-bodysuit-0-3m-/p1054623.html,https://www.amazon.co.uk/dp/B0CV5J77K3,50.0,4.533333333333334,260.536398467433,1.428,12.34,GROUP_3_UNCERTAIN,52.91469194312796,Product type match: bodysuit
5023797201349.0,,B0DKJ8R9PQ,Supersoft Plain Navy Bandana Bibs  by Soft Touch,Yoofoss Baby Bibs 10 Pack Dribble Bandana Bibs 100% Cotton for Boys Drool Bib for Teething Soft and Absorbent with Adjustable Snaps,https://angelwholesale.co.uk/Item/Ditsy-Bandana-Bibs-By-Soft-Touch-bac02021,https://www.amazon.co.uk/dp/B0DKJ8R9PQ,200.0,4.518333333333335,337.1890547263683,0.948,12.91,GROUP_3_UNCERTAIN,47.7683615819209,Product type match: bib
,,B0CCPDMS3D,White 100% Organic Cotton Unbranded Short Sleeve Bodysuit (0-3 Months),"Bramble & Bear 3/6 Pack Short/Long Sleeve Baby Vests - Organic Cotton Unisex Baby Bodysuit Vests for 0-3 Years - Comfortable Bodysuits for Boys & Girls - Soft, Cosy, Cute",https://angelwholesale.co.uk/Item/White-Short-Sleeve-Unbranded-Cotton-Bodysuit-0--3-Months-bac0677,https://www.amazon.co.uk/dp/B0CCPDMS3D,50.0,4.451250000000002,190.22435897435903,2.148,12.99,GROUP_3_UNCERTAIN,54.111111111111114,Product type match: bodysuit
5056117252127.0,,B0DKJ8R9PQ,Supersoft Plain Navy Bandana Bibs  by Soft Touch,Yoofoss Baby Bibs 10 Pack Dribble Bandana Bibs 100% Cotton for Boys Drool Bib for Teething Soft and Absorbent with Adjustable Snaps,https://angelwholesale.co.uk/Item/Supersoft-Plain-Fuschia-Bandana-Bibs--by-Soft-Touch-gac0755,https://www.amazon.co.uk/dp/B0DKJ8R9PQ,200.0,4.368333333333335,293.17673378076074,1.128,12.91,GROUP_3_UNCERTAIN,47.7683615819209,Product type match: bib
5056117200159.0,,B0F8BVCVKH,Grey Marl Short Sleeve Unbranded Baby Bodysuit (3-6 Months),Baby Bodysuits Cotton 6 Pack Short Sleeve White Vests Tops Boy Girl,https://angelwholesale.co.uk/Item/Grey-Marl-Short-Sleeve-Unbranded-Baby-Bodysuit-6-12m-bac03738,https://www.amazon.co.uk/dp/B0F8BVCVKH,100.0,4.361250000000002,179.4753086419754,2.256,12.99,GROUP_3_UNCERTAIN,53.70967741935484,Product type match: bodysuit
5012866625094.0,5060267853691.0,B07NCZKFSJ,Wooden Shape Sorter  by AtoZ Toys,Jaques of London Wooden Shape Sorter for 1 Year Old | Montessori Wooden Toys | Toddler Learning Toys | Premium Gifts Since 1795,https://angelwholesale.co.uk/Item/Wooden-Time-To-Brush-Fairy--by-AtoZ-Toys-toy021742,https://www.amazon.co.uk/dp/B07NCZKFSJ,300.0,4.345,280.3225806451612,1.2,13.23,GROUP_3_UNCERTAIN,52.908496732026144,Product type match: toy
5056117224476.0,5056565043612.0,B0F8BVCVKH,Grey Marl Short Sleeve Unbranded Baby Bodysuit (3-6 Months),Baby Bodysuits Cotton 6 Pack Short Sleeve White Vests Tops Boy Girl,https://angelwholesale.co.uk/Item/Grey-Marl-Short-Sleeve-Unbranded-Baby-Bodysuit-0-3-Months-bac03736,https://www.amazon.co.uk/dp/B0F8BVCVKH,100.0,4.255000000000001,175.10288065843628,2.256,12.99,GROUP_3_UNCERTAIN,53.70967741935484,Product type match: bodysuit
5055442193358.0,,B098JZ8NLN,Ladies 5 Pack Trainer Socks with Mesh Insert and Arch Support (Assorted Designs),Trainer Socks Womens 6 Pairs Cushioned Sports Socks for Women Cotton Breathable Cushion Running Socks Ladies Casual Nonslip Ankle Athletic Socks,https://angelwholesale.co.uk/Item/Mens-3-Pack-Trainer-Socks-with-Mesh-Insert-Arch-Support-and-Cushioned-Sole-S14150,https://www.amazon.co.uk/dp/B098JZ8NLN,400.0,4.031666666666668,179.18518518518525,2.04,11.69,GROUP_3_UNCERTAIN,45.63063063063063,Product type match: sock
5056117226418.0,5056565043391.0,B0F7RXGZ1X,Personalisable Pink Unbranded Sleepsuit with Chest Poppers (0-3m),Baby Girl Sleepsuits 3 Pack Cotton Pink Floral Fruit Baby Grows,https://angelwholesale.co.uk/Item/White-Unbranded-Sleepsuit-0-3m---with-Chest-Poppers---Personalisable-bac01789,https://www.amazon.co.uk/dp/B0F7RXGZ1X,50.0,4.0116666666666685,88.9504804138951,4.752,14.99,GROUP_3_UNCERTAIN,43.57142857142857,Product type match: sleepsuit
5012866013662.0,5030005163818.0,B084YTSGR5,Farm Tractor  (Assorted Designs),Toyland® Pack of 6 Die Cast Metal Farm Tractor & Implements Set - Approx. 5cm - 4 Assorted Designs - 1 Chosen at Random,https://angelwholesale.co.uk/Item/Farm-Tractor---T19123,https://www.amazon.co.uk/dp/B084YTSGR5,50.0,4.008333333333334,157.18954248366015,2.4,13.99,GROUP_3_UNCERTAIN,42.028985507246375,Moderate similarity - needs verification
5056721854311.0,,B0B5S4FT5H,Essential Yellow Daffodil Plant,Yellow Narcissus Daffodil Bulbs | Big Buy Value Pack | 40 Bulbs | Bee Friendly | Easy Planting | Perfect Spring Flowers | Eco-Friendly Packaging,https://angelwholesale.co.uk/craft/floristry/silk-flowers/artificial-flowers-other/essential-white-daffodil-plant-/p1064566.html,https://www.amazon.co.uk/dp/B0B5S4FT5H,500.0,3.9783333333333335,163.04644808743168,2.268,13.99,GROUP_3_UNCERTAIN,40.766871165644176,Product type match: daffodil
5056721895642.0,6975204682649.0,B0DGKJBCB7,Natural & Black Jute Braided Rope Basket with Liner (22 x 19cm),"Woven Storage Basket, Cotton Rope Basket for Shelves Closet Organizer, Square Shelf Basket for Toys, Books, Shoes, Decorative Empty Gift Basket for Home Bathroom Decor, 33x25x22.5cm, Black Jute",https://angelwholesale.co.uk/home/all-home-and-decor/natural-black-jute-braided-rope-basket-with-liner-19-x-16cm-/p1067328.html,https://www.amazon.co.uk/dp/B0DGKJBCB7,50.0,3.963333333333334,156.03674540682417,2.388,14.44,GROUP_3_UNCERTAIN,40.30612244897959,Product type match: basket
5056117226517.0,5056565043643.0,B0F8BVF2R2,White 100% Organic Cotton Unbranded Short Sleeve Bodysuit (12-18 Months),Baby Bodysuits Cotton 6 Pack Short Sleeve White Vests Tops Boy Girl,https://angelwholesale.co.uk/Item/White-Short-Sleeve-Unbranded-Cotton-Bodysuit-12-18-Months-bac02375,https://www.amazon.co.uk/dp/B0F8BVF2R2,50.0,3.915000000000001,167.30769230769235,2.148,12.99,GROUP_3_UNCERTAIN,57.64705882352941,Product type match: bodysuit
,5056565043643.0,B0F8BVF2R2,Cerise Short Sleeve Unbranded Bodysuit (18-24 Months),Baby Bodysuits Cotton 6 Pack Short Sleeve White Vests Tops Boy Girl,https://angelwholesale.co.uk/Item/Cerise-Short-Sleeve-Unbranded-Bodysuit-0-3-Months-bac01662,https://www.amazon.co.uk/dp/B0F8BVF2R2,50.0,3.825000000000001,157.40740740740748,2.256,12.99,GROUP_3_UNCERTAIN,50.59322033898305,Product type match: bodysuit
5023797402081.0,5060597079990.0,B095CR44YJ,Navy Ribbed Knee Length Socks with satin Flower & Diamonte  by Soft Touch,Sock Snob - Womens Long Knee High Bamboo Socks | 2 Pair Pack | Plain & Patterned | Gift for Ladies,https://angelwholesale.co.uk/Item/Ribbed-Knee-Length-Socks-with-satin-Flower--Diamonte--by-Soft-Touch-bac06626,https://www.amazon.co.uk/dp/B095CR44YJ,100.0,3.815000000000002,192.67676767676775,1.716,9.99,GROUP_3_UNCERTAIN,55.50632911392405,Product type match: sock
5023797402067.0,5060597079990.0,B095CR44YJ,Navy Ribbed Knee Length Socks with satin Flower & Diamonte  by Soft Touch,Sock Snob - Womens Long Knee High Bamboo Socks | 2 Pair Pack | Plain & Patterned | Gift for Ladies,https://angelwholesale.co.uk/Item/Ribbed-Knee-Length-Socks-with-satin-Flower--Diamonte--by-Soft-Touch-bac06624,https://www.amazon.co.uk/dp/B095CR44YJ,100.0,3.806666666666669,192.2558922558924,1.716,9.98,GROUP_3_UNCERTAIN,55.50632911392405,Product type match: sock
5056117226678.0,5056602615420.0,B0BGS9K4F1,Lemon Unbranded Cotton Popover Baby Bib - ideal for personalisation,Baby 12 Pack Bibs 100% Cotton White Popover The Head One Size Large Bib,https://angelwholesale.co.uk/Item/Cream-Unbranded-Cotton-Popover-Baby-Bib---ideal-for-personalisation-bac02832,https://www.amazon.co.uk/dp/B0BGS9K4F1,50.0,3.798333333333335,209.852670349908,1.512,12.49,GROUP_3_UNCERTAIN,49.074074074074076,Product type match: bib
5056721895864.0,6975204682649.0,B0DGKJBCB7,Natural & Black Jute Braided Rope Basket with Liner (25 x 20cm),"Woven Storage Basket, Cotton Rope Basket for Shelves Closet Organizer, Square Shelf Basket for Toys, Books, Shoes, Decorative Empty Gift Basket for Home Bathroom Decor, 33x25x22.5cm, Black Jute",https://angelwholesale.co.uk/home/all-home-and-decor/black-natural-jute-braided-rope-basket-20-x-20cm-/p1067338.html,https://www.amazon.co.uk/dp/B0DGKJBCB7,50.0,3.463333333333334,113.92543859649123,2.9880000000000004,14.44,GROUP_3_UNCERTAIN,40.30612244897959,Product type match: basket
5056721895635.0,6975204682649.0,B0DGKJBCB7,Natural & Black Jute Braided Rope Basket with Liner (25 x 20cm),"Woven Storage Basket, Cotton Rope Basket for Shelves Closet Organizer, Square Shelf Basket for Toys, Books, Shoes, Decorative Empty Gift Basket for Home Bathroom Decor, 33x25x22.5cm, Black Jute",https://angelwholesale.co.uk/home/all-home-and-decor/natural-black-jute-braided-rope-basket-with-liner-22-x-19cm-/p1067327.html,https://www.amazon.co.uk/dp/B0DGKJBCB7,50.0,3.463333333333334,113.92543859649123,2.9880000000000004,14.44,GROUP_3_UNCERTAIN,40.30612244897959,Product type match: basket
5060251952652.0,5056565043643.0,B0F8BVF2R2,White 100% Organic Cotton Unbranded Short Sleeve Bodysuit (12-18 Months),Baby Bodysuits Cotton 6 Pack Short Sleeve White Vests Tops Boy Girl,https://angelwholesale.co.uk/Item/Blue-Organic-Cotton-Unbranded-Short-Sleeve-Bodysuit-12-18-Months-gdr0762,https://www.amazon.co.uk/dp/B0F8BVF2R2,50.0,3.455000000000001,123.3928571428572,2.7,12.99,GROUP_3_UNCERTAIN,57.64705882352941,Product type match: bodysuit
,5056565043643.0,B0F8BVF2R2,White 100% Organic Cotton Unbranded Short Sleeve Bodysuit (12-18 Months),Baby Bodysuits Cotton 6 Pack Short Sleeve White Vests Tops Boy Girl,https://angelwholesale.co.uk/Item/Pink-Organic-Cotton-Unbranded-Short-Sleeve-Bodysuit-12-18-Months-gdr0765,https://www.amazon.co.uk/dp/B0F8BVF2R2,50.0,3.455000000000001,123.3928571428572,2.7,12.99,GROUP_3_UNCERTAIN,57.64705882352941,Product type match: bodysuit
5023797402074.0,5060960731296.0,B0B9SKCVKN,Navy Ribbed Knee Length Socks with satin Flower & Diamonte  by Soft Touch,Youngly 6 Pairs of Cotton Lycra Plain Knee High Socks Extra Long Smooth Socks for Women & Girls Knitted UK Size 4-6,https://angelwholesale.co.uk/Item/Ribbed-Knee-Length-Socks-with-satin-Flower--Diamonte--by-Soft-Touch-bac06625,https://www.amazon.co.uk/dp/B0B9SKCVKN,100.0,3.316666666666669,213.97849462365608,1.2,9.98,GROUP_3_UNCERTAIN,49.97267759562842,Product type match: sock
5035320531236.0,,B0CLP1DDVK,Baby large sleeved Nylon bibs by Nursery Time,Long Sleeve Bibs 5 Pack Waterproof Sleeved Bib Baby Toddler Soft Bib for 6-30 Months,https://angelwholesale.co.uk/Item/Baby-Cotton-Plain-Tights-by-Nursery-Time-gac0717,https://www.amazon.co.uk/dp/B0CLP1DDVK,500.0,3.305000000000001,183.6111111111112,1.5,9.99,GROUP_3_UNCERTAIN,49.10852713178294,Product type match: bib
5055442193266.0,,B0CRYH4FC5,Ladies 3 Pack Black Invisible Workout Footie Socks,JaosWish Women No Show Socks Ultra Low Cut Liner Socks Non Slip Invisible Socks for Loafer Boat Flats 6 Pairs,https://angelwholesale.co.uk/Item/Ladies-3-Pack-White-Invisible-Workout-Footie-Socks-S14165,https://www.amazon.co.uk/dp/B0CRYH4FC5,200.0,3.1416666666666675,165.3508771929825,1.62,8.99,GROUP_3_UNCERTAIN,47.70440251572327,Product type match: sock
5023797402791.0,,B0FDKSMBTS,Soft Touch Plain White Turnover Socks (Newborn),"12 Pairs Baby White Socks Newborn 0-12 Months, Soft Elastic Plain Baby Roll Top Toddler White Cotton Socks Girls Boys Unisex",https://angelwholesale.co.uk/Item/Plain-Turnover-Socks-By-Soft-Touch-bto02505,https://www.amazon.co.uk/dp/B0FDKSMBTS,50.0,3.0900000000000007,325.2631578947369,0.48,8.58,GROUP_3_UNCERTAIN,43.57142857142857,Product type match: sock
5023797405785.0,5060960731296.0,B0B9SKCVKN,Dusty Blue \'Elegance\' Knee Length Socks w/Pom Pom,Youngly 6 Pairs of Cotton Lycra Plain Knee High Socks Extra Long Smooth Socks for Women & Girls Knitted UK Size 4-6,https://angelwholesale.co.uk/clothing/shop-by-department/socks-tights/babies-socks/dusty-pink-elegance-knee-length-socks-w/pom-pom/p1065589.html,https://www.amazon.co.uk/dp/B0B9SKCVKN,100.0,3.066666666666669,170.3703703703705,1.5,9.98,GROUP_3_UNCERTAIN,52.5,Product type match: sock
5023797400988.0,5059151315070.0,B0CP8731Y1,Plain Turnover Socks,A2Z Ladies Cotton Rich Plain Socks Pack Of 6 Luxurious Soft And Breathable Socks For Women UK Shoe Size 4-7,https://angelwholesale.co.uk/Item/Soft-Touch-Plain-White-Turnover-Socks-Newborn-gac02032,https://www.amazon.co.uk/dp/B0CP8731Y1,100.0,3.0250000000000004,277.5229357798165,0.648,7.95,GROUP_3_UNCERTAIN,40.196850393700785,Product type match: sock
5060251956520.0,5056565043391.0,B0F7RXGZ1X,Pink 100% Organic Cotton Unbranded Sleepsuit (0-3 Months),Baby Girl Sleepsuits 3 Pack Cotton Pink Floral Fruit Baby Grows,https://angelwholesale.co.uk/Item/Pink-Organic-Cotton-Unbranded-Sleepsuit-3-6-Months-bac03489,https://www.amazon.co.uk/dp/B0F7RXGZ1X,50.0,2.9716666666666685,53.54354354354358,6.0,14.99,GROUP_3_UNCERTAIN,47.47863247863248,Product type match: sleepsuit
5023797405815.0,,B018SIRI3C,Blue \'Elegance\' Knee Length Socks w/Pom Pom,Mysocks Knee High Socks for Women and Men - Soft Combed Cotton Long Socks - Ladies Girls Knee Length Knee Socks,https://angelwholesale.co.uk/clothing/shop-by-department/socks-tights/girls-socks/burgundy-elegance-knee-length-socks-w/pom-pom/p1065586.html,https://www.amazon.co.uk/dp/B018SIRI3C,50.0,2.798333333333333,155.46296296296293,1.5,8.35,GROUP_3_UNCERTAIN,48.78378378378378,Product type match: sock
45023797202245.0,6163629270095.0,B07KVT1LG2,Pink Ribbed Velcro Bibs,Baby's 0-6 Months 7 Pics of Soft Double Layers Cotton Absorbent Bandana 7 Bibs Set,https://angelwholesale.co.uk/brands/soft-touch/biscuit-ribbed-velcro-bibs/p1060145.html,https://www.amazon.co.uk/dp/B07KVT1LG2,200.0,2.7550000000000017,188.6986301369864,1.092,9.99,GROUP_3_UNCERTAIN,41.66666666666667,Product type match: bib
75023797202246.0,6163629270095.0,B07KVT1LG2,Pink Ribbed Velcro Bibs,Baby's 0-6 Months 7 Pics of Soft Double Layers Cotton Absorbent Bandana 7 Bibs Set,https://angelwholesale.co.uk/brands/soft-touch/sage-green-ribbed-velcro-bibs/p1060147.html,https://www.amazon.co.uk/dp/B07KVT1LG2,200.0,2.7550000000000017,188.6986301369864,1.092,9.99,GROUP_3_UNCERTAIN,41.66666666666667,Product type match: bib
,6163629270095.0,B07KVT1LG2,Pink Ribbed Velcro Bibs,Baby's 0-6 Months 7 Pics of Soft Double Layers Cotton Absorbent Bandana 7 Bibs Set,https://angelwholesale.co.uk/brands/soft-touch/blue-ribbed-velcro-bibs-/p1060144.html,https://www.amazon.co.uk/dp/B07KVT1LG2,200.0,2.7550000000000017,188.6986301369864,1.092,9.99,GROUP_3_UNCERTAIN,41.66666666666667,Product type match: bib
5056283851438.0,,B0BGKG711N,Hoot Water Balloon Pump With Waterbombs 300 Pack,"2 Pack Balloon Pumps, Balloon Inflator Pump Ballon Pump, Balloon Pump Hand for Weddings and Birthday Parties, Two Random Colors(with 2 Balloon Knotters and 200 Glue Dots)",https://www.poundwholesale.co.uk/hoot-mini-water-balloon-pump-with-waterbombs-100-pack,https://www.amazon.co.uk/dp/B0BGKG711N,50.0,2.580833333333333,188.38199513381997,0.984,8.98,GROUP_3_UNCERTAIN,46.77570093457943,Product type match: balloon
5060251958586.0,6163629270095.0,B07KVT1LG2,Pink Polka Dot Pattern Cotton Unbranded Velcro Bib,Baby's 0-6 Months 7 Pics of Soft Double Layers Cotton Absorbent Bandana 7 Bibs Set,https://angelwholesale.co.uk/Item/Pink-Stripe-Pattern-Cotton-Unbranded-Velcro-Bib-bac01656,https://www.amazon.co.uk/dp/B07KVT1LG2,200.0,2.5650000000000013,155.45454545454552,1.32,9.99,GROUP_3_UNCERTAIN,58.93939393939394,Product type match: bib
5056117226760.0,6163629270095.0,B07KVT1LG2,Pink Stripe Pattern Cotton Unbranded Velcro Bib,Baby's 0-6 Months 7 Pics of Soft Double Layers Cotton Absorbent Bandana 7 Bibs Set,https://angelwholesale.co.uk/Item/Pink-Polka-Dot-Pattern-Cotton-Unbranded-Velcro-Bib-bac03176,https://www.amazon.co.uk/dp/B07KVT1LG2,200.0,2.5650000000000013,155.45454545454552,1.32,9.99,GROUP_3_UNCERTAIN,58.41085271317829,Product type match: bib
,,B0CFV8GBY8,Peppa Pig Touch and Feel Puzzles,Peppa Pig Wooden Jigsaw Puzzle Set - Fun And Educational Baby Toy For 3 Year Olds And Up - Toddler Games And Puzzles - Peppa Pig Gift - Jigsaw Puzzles For Kids - Peppa Pig Jigsaw,https://angelwholesale.co.uk/toys/puzzles-board-games/peppa-pig-bath-time-puzzles/p1065200.html,https://www.amazon.co.uk/dp/B0CFV8GBY8,300.0,2.532916666666668,71.349765258216,3.6,11.99,GROUP_3_UNCERTAIN,43.0,Product type match: puzzle
5056117252073.0,6163629270095.0,B07KVT1LG2,Supersoft Plain cotton jersey Pink Pop On Bibs  by Soft Touch,Baby's 0-6 Months 7 Pics of Soft Double Layers Cotton Absorbent Bandana 7 Bibs Set,https://angelwholesale.co.uk/Item/Supersoft-Plain-cotton-jersey-Blue-Pop-On-Bibs--by-Soft-Touch-bac01250,https://www.amazon.co.uk/dp/B07KVT1LG2,200.0,2.4650000000000016,140.85714285714295,1.44,9.99,GROUP_3_UNCERTAIN,55.845070422535215,Product type match: bib
5038168037076.0,738211054238.0,B0FQC36L7Q,Baby's Breath Artificial Flower - Royal Blue (12 Stems),"12 Pcs Artificial Flowers, Blue Artificial Gypsophila, Baby Breath Flowers Artificial, Gypsophila Artificial Flowers Fake Flowers Decorative for Wedding Bouquet Party Decorations",https://angelwholesale.co.uk/Item/Babys-Breath-Artificial-Flower---Navy-Blue-12-Stems-nap014485,https://www.amazon.co.uk/dp/B0FQC36L7Q,50.0,2.398333333333333,133.24074074074076,1.5,8.59,GROUP_3_UNCERTAIN,42.43362831858407,Product type match: flower
5038168001763.0,738211054238.0,B0FQC36L7Q,Baby's Breath Artificial Flower - Pale Blue (12 Stems),"12 Pcs Artificial Flowers, Blue Artificial Gypsophila, Baby Breath Flowers Artificial, Gypsophila Artificial Flowers Fake Flowers Decorative for Wedding Bouquet Party Decorations",https://angelwholesale.co.uk/Item/Babys-Breath-Artificial-Flower---Pale-Pink-12-Stems-nap02889,https://www.amazon.co.uk/dp/B0FQC36L7Q,50.0,2.398333333333333,133.24074074074076,1.5,8.59,GROUP_3_UNCERTAIN,42.55555555555556,Product type match: flower
26635230278.0,,B0CYBRZ68Y,Gold Foil Star Balloon (18 Inch),"Gold Foil Star Balloon,10Pcs Gold Star Shaped Foil Balloons,18Inch Helium Polyester Film Balloons for Graduation,Brithday,Engagement,Wedding Party Decorations",https://angelwholesale.co.uk/occasions/baby-shower/blue-foil-star-balloon-18-inch-/p1067590.html,https://www.amazon.co.uk/dp/B0CYBRZ68Y,100.0,2.371666666666667,217.5840978593272,0.648,7.49,GROUP_3_UNCERTAIN,45.851063829787236,Product type match: balloon
,5060960361875.0,B0D2KCNK81,Personalisable Grey Unbranded Sleepsuit with Chest Poppers (12-18 Months),"Bramble & Bear 2-Pack Toddler & Baby Sleepsuits for Boys & Girls | Organic Cotton, Super Soft Baby Sleepwear | Full Zip Sleepsuits with Easy Accessibility | Stretch Fit and Footless",https://angelwholesale.co.uk/Item/Personalisable-Red-Unbranded-Sleepsuit-with-Chest-Poppers-12-18-Months--B20075,https://www.amazon.co.uk/dp/B0D2KCNK81,50.0,2.3550000000000004,53.16027088036118,4.656,12.99,GROUP_3_UNCERTAIN,40.10460251046025,Product type match: sleepsuit
,5060960361875.0,B0D2KCNK81,Personalisable Grey Unbranded Sleepsuit with Chest Poppers (12-18 Months),"Bramble & Bear 2-Pack Toddler & Baby Sleepsuits for Boys & Girls | Organic Cotton, Super Soft Baby Sleepwear | Full Zip Sleepsuits with Easy Accessibility | Stretch Fit and Footless",https://angelwholesale.co.uk/Item/Personalisable-Black-Unbranded-Sleepsuit-with-Chest-Poppers-12-18-Months--B20072,https://www.amazon.co.uk/dp/B0D2KCNK81,50.0,2.2750000000000004,50.44345898004436,4.752,12.99,GROUP_3_UNCERTAIN,40.10460251046025,Product type match: sleepsuit
681070121675.0,,B0FF92LKWG,ECO 18inch Birthday Star Metallic Balloon,"Green Star Balloons Foil, 10PCS Green Foil Stars Shape Balloons, 18 Inch Metallic Stars Balloon for Helium Pentagram Balloon for Birthday, Anniversary, Jungle Theme, Christmas Party Decoration",https://angelwholesale.co.uk/party/shop-balloons/birthday-balloons/eco-18inch-metallic-castle-birthday-balloon/p1058340.html,https://www.amazon.co.uk/dp/B0FF92LKWG,50.0,2.248333333333334,145.99567099567105,1.188,7.99,GROUP_3_UNCERTAIN,41.315789473684205,Product type match: balloon
,6163629289707.0,B07WCY7DWG,Plain Blue 100% cotton velcro bibs by Soft Touch,Baby's 0-6 Months 7 Pics of Soft Double Layers Cotton Absorbent Bandana 7 Bibs Set,https://angelwholesale.co.uk/Item/Plain-white-cotton-velcro-bib-by-Soft-Touch-bac0655,https://www.amazon.co.uk/dp/B07WCY7DWG,50.0,2.245000000000001,149.6666666666667,1.14,9.99,GROUP_3_UNCERTAIN,47.55813953488372,Product type match: bib
26635305761.0,,B0CYBRZ68Y,Gold Foil Star Balloon (18 Inch),"Gold Foil Star Balloon,10Pcs Gold Star Shaped Foil Balloons,18Inch Helium Polyester Film Balloons for Graduation,Brithday,Engagement,Wedding Party Decorations",https://angelwholesale.co.uk/party/shop-balloons/all-balloons-accessories/silver-foil-star-balloon-18-inch-/p1067592.html,https://www.amazon.co.uk/dp/B0CYBRZ68Y,100.0,2.201666666666667,174.73544973544978,0.852,7.49,GROUP_3_UNCERTAIN,45.851063829787236,Product type match: balloon
,6163629260744.0,B07B9349B3,Cream Plain Dyed Bandana Bibs by soft touch,Baby's Double Layer of Cotton Soft Absorbent Drooling Bibs (7 Pieces),https://angelwholesale.co.uk/Item/Plain-Dyed-white-Bandana-Bibs--by-Soft-Touch-bac01486,https://www.amazon.co.uk/dp/B07B9349B3,100.0,2.1450000000000014,134.06250000000009,1.26,9.99,GROUP_3_UNCERTAIN,40.45454545454545,Product type match: bib
5023797201356.0,,B0CNQ8Y6DN,Ditsy Bandana Bibs By Soft Touch,Muslin Baby Bibs 6 Pack Dribble Bandana Bibs Cotton Drool Bibs for Teething Soft and Absorbent with Adjustable Snaps,https://angelwholesale.co.uk/Item/Funky-animal-print-bandana-bibs-by-Soft-Touch-bac02022,https://www.amazon.co.uk/dp/B0CNQ8Y6DN,100.0,2.1100000000000003,130.2469135802469,1.284,7.98,GROUP_3_UNCERTAIN,48.78378378378378,Product type match: bib
5056721855424.0,658848912346.0,B07W7T65D6,16cm Round Grey Woodchip Basket,"Round Kindling/Storage Basket, Hessian Lined, Excellent Quality, Very Strong Kuba Rattan (Small)",https://angelwholesale.co.uk/occasions/mothers-day/baskets-buckets/grey-wash-round-woodchip-basket-with-handle-16cm-dia-/p1064745.html,https://www.amazon.co.uk/dp/B07W7T65D6,200.0,2.1083333333333343,59.55743879472696,3.588,14.95,GROUP_3_UNCERTAIN,41.22950819672131,Product type match: basket
5056117232440.0,5061044740128.0,B0DK5SV5Q7,Girls 3pk Knee High School Socks - Navy Size 31-36 / 12-3.5,"ProActive Sports 6 Pairs Girls' Knee High Socks - Size 4-6 UK - Soft Cotton School Uniform Socks for Back to School, Uniform, Party Wear",https://angelwholesale.co.uk/Item/Girls-3pk-Knee-High-Sock---Black-Size-31-36-/-12-3.5-gun0508,https://www.amazon.co.uk/dp/B0DK5SV5Q7,100.0,2.048333333333333,99.91869918699186,1.8,8.95,GROUP_3_UNCERTAIN,51.95652173913043,Product type match: sock
5056117232471.0,5061044740128.0,B0DK5SV5Q7,Girls 3pk Knee High Sock - Navy 37-40 / 4-6,"ProActive Sports 6 Pairs Girls' Knee High Socks - Size 4-6 UK - Soft Cotton School Uniform Socks for Back to School, Uniform, Party Wear",https://angelwholesale.co.uk/Item/Girls-3pk-Knee-High-Sock---Grey-37-40-/-4-6-gun0515,https://www.amazon.co.uk/dp/B0DK5SV5Q7,100.0,2.048333333333333,99.91869918699186,1.8,8.95,GROUP_3_UNCERTAIN,44.76190476190476,Product type match: sock
,6163629260720.0,B07B8Z9L6Y,Supersoft Plain Navy Bandana Bibs  by Soft Touch,Baby's Double Layer of Cotton Soft Absorbent Drooling Bibs (7 Pieces),https://angelwholesale.co.uk/Item/Supersoft-Plain-Light-Pink-Bandana-Bibs--by-Soft-Touch-bac01475,https://www.amazon.co.uk/dp/B07B8Z9L6Y,100.0,2.005000000000001,134.5637583892618,1.128,9.99,GROUP_3_UNCERTAIN,50.08771929824561,Product type match: bib
5056117251915.0,6163629260720.0,B07B8Z9L6Y,Supersoft Plain cotton jersey Blue Pop On Bibs  by Soft Touch,Baby's Double Layer of Cotton Soft Absorbent Drooling Bibs (7 Pieces),https://angelwholesale.co.uk/Item/Supersoft-Plain-cotton-jersey-Pink-Pop-On-Bibs--by-Soft-Touch-gac0701,https://www.amazon.co.uk/dp/B07B8Z9L6Y,100.0,1.9950000000000008,133.00000000000006,1.14,9.99,GROUP_3_UNCERTAIN,55.94488188976378,Product type match: bib
5015302118105.0,,B00O0YKYP8,Push Along Bus Shape Sorter,"Fun Time Time Shape Sorter Bus, 55889",https://angelwholesale.co.uk/gift/gifts-by-recipient/baby-gifts/yellow-shape-sorter-school-bus/p1070744.html,https://www.amazon.co.uk/dp/B00O0YKYP8,50.0,1.9912500000000013,41.48437500000004,5.1,12.99,GROUP_3_UNCERTAIN,50.79365079365079,Moderate similarity - needs verification
5056349227429.0,5060618627728.0,B08XYB5HGZ,Pink & Natural Two Tone Basket (17cm),"Natural Wicker Storage Gift Hamper Shelf Basket with Lining Gift Hampers Storage Box (White+Pink, Large)",https://angelwholesale.co.uk/packaging/baskets-containers/11-5cm-grey-natural-two-tone-belly-basket/p1046727.html,https://www.amazon.co.uk/dp/B08XYB5HGZ,50.0,1.9462500000000007,71.55330882352945,2.604,9.99,GROUP_3_UNCERTAIN,47.83582089552239,Product type match: basket
5020133113540.0,,B0BVL1S312,Girls Black Knee High Socks With Ribbon,"3 Pairs Girls Knee High School Socks Cotton Socks with Fluffy Ribbons Bow, Back to School Socks Uniform Party Wear Long Socks Girls Bow Knee High School Socks",https://angelwholesale.co.uk/Item/Girls-3-Pack-Black-Knee-High-Socks--msc021844,https://www.amazon.co.uk/dp/B0BVL1S312,50.0,1.8883333333333343,110.42884990253415,1.392,7.99,GROUP_3_UNCERTAIN,48.6734693877551,Product type match: sock
5055442154519.0,5059151306320.0,B0CJMMYHLC,Kids 3pk Plain Sock - Navy 37-40 / 4-6,A2Z 4 Kids Boy's Socks-970 Socks,https://angelwholesale.co.uk/Item/Kids-3pk-Plain-Sock---Black-37-40-/-4-6-gun0548,https://www.amazon.co.uk/dp/B0CJMMYHLC,50.0,1.8450000000000009,108.52941176470594,1.38,6.99,GROUP_3_UNCERTAIN,60.45454545454545,Product type match: sock
5055442188798.0,5056632624096.0,B0D42BYR14,Baby Christmas Socks in Organza Bag (0-12 Months) (Assorted Designs),4 Pairs Multipack Baby Xmas Socks | Novelty Assorted Fluffy Christmas Socks in Bag | 0-6 6-12 months,https://angelwholesale.co.uk/Item/Assorted-Design-of-Space-Themed-Socks-in-Organza-Bags-S13785,https://www.amazon.co.uk/dp/B0D42BYR14,50.0,1.7795833333333335,121.06009070294786,1.104,7.99,GROUP_3_UNCERTAIN,63.75,Product type match: sock
5055442154861.0,5056227777336.0,B07GZT5MQC,Cotton-Rich Tights (Age 7-8),I.L.C.K Girls Back To School Plain Cotton Rich Tights,https://angelwholesale.co.uk/clothing/girls-clothing/girls-socks-tights/cotton-rich-tights-age-5-6-/p1052944.html,https://www.amazon.co.uk/dp/B07GZT5MQC,50.0,1.7566666666666677,88.72053872053877,1.716,8.48,GROUP_3_UNCERTAIN,45.56962025316456,Moderate similarity - needs verification
5060251950634.0,,B0F9YLW28K,Personalisable White Unbranded Sleepsuit with Chest Poppers (0-3m),Unisex Baby Sleepsuits 2 Pack – I Love Mummy & Daddy Cotton Footed Rompers – Newborn to 24 Months Baby Bodysuits for Boys and Girls,https://angelwholesale.co.uk/Item/Personalisable-Pink-Unbranded-Sleepsuit-NB-bac0676,https://www.amazon.co.uk/dp/B0F9YLW28K,300.0,1.7516666666666667,38.839615668883965,4.752,11.99,GROUP_3_UNCERTAIN,45.68783068783068,Product type match: sleepsuit
,,B0F9YLW28K,Personalisable Black Unbranded Sleepsuit with Chest Poppers (0-3 Months),Unisex Baby Sleepsuits 2 Pack – I Love Mummy & Daddy Cotton Footed Rompers – Newborn to 24 Months Baby Bodysuits for Boys and Girls,https://angelwholesale.co.uk/blanks/blank-baby/blank-sleepsuits-and-bodysuits/personalisable-grey-unbranded-sleepsuit-with-chest-poppers-0-3-months-/p1048853.html,https://www.amazon.co.uk/dp/B0F9YLW28K,300.0,1.7516666666666667,38.839615668883965,4.752,11.99,GROUP_3_UNCERTAIN,50.8974358974359,Product type match: sleepsuit
5015302108526.0,9001616847943.0,B0CMV6GDW1,Soother With Steriliser Box (4 Assorted Designs),MAM Original Soothers | 0-6 Months | 2 Pack | Comes in Dummy Steriliser Case | Sustainable Materials | Baby Accessories for Newborn | Cream/Green (Various Designs),https://angelwholesale.co.uk/baby/toys/soothers-and-comforters/soother-and-holder/p1053489.html,https://www.amazon.co.uk/dp/B0CMV6GDW1,200.0,1.733333333333334,85.80858085808585,1.764,8.5,GROUP_3_UNCERTAIN,40.0,Moderate similarity - needs verification
5050750063348.0,,B0F9YLW28K,3 Piece I Love My Daddy Gift Set (0-9 Months),Unisex Baby Sleepsuits 2 Pack – I Love Mummy & Daddy Cotton Footed Rompers – Newborn to 24 Months Baby Bodysuits for Boys and Girls,https://angelwholesale.co.uk/clothing/baby-clothing/sleepsuits/babygrows/3-piece-i-love-my-daddy-gift-set-0-9-months-pink-and-blue-/p1054142.html,https://www.amazon.co.uk/dp/B0F9YLW28K,300.0,1.711666666666667,37.61904761904762,4.8,11.99,GROUP_3_UNCERTAIN,40.476190476190474,Moderate similarity - needs verification
5023797308734.0,5060960361899.0,B0D2KBLZGC,"2 Pack Sleepsuit (Clouds & Stars, Grey)","Bramble & Bear 2-Pack Toddler & Baby Sleepsuits for Boys & Girls | Organic Cotton, Super Soft Baby Sleepwear | Full Zip Sleepsuits with Easy Accessibility | Stretch Fit and Footless",https://angelwholesale.co.uk/clothing/baby-clothing/sleepsuits/babygrows/2-pack-sleepsuit-clouds-stars-pink-/p1050861.html,https://www.amazon.co.uk/dp/B0D2KBLZGC,50.0,1.6566666666666687,21.239316239316267,8.7,18.26,GROUP_3_UNCERTAIN,40.742574257425744,Product type match: sleepsuit
5023797308703.0,5060960361899.0,B0D2KBLZGC,"2 Pack Sleepsuit - (Clouds & Stars, Blue)","Bramble & Bear 2-Pack Toddler & Baby Sleepsuits for Boys & Girls | Organic Cotton, Super Soft Baby Sleepwear | Full Zip Sleepsuits with Easy Accessibility | Stretch Fit and Footless",https://angelwholesale.co.uk/clothing/baby-clothing/sleepsuits/babygrows/2-pack-sleepsuit-clouds-stars-grey-/p1050851.html,https://www.amazon.co.uk/dp/B0D2KBLZGC,50.0,1.6566666666666687,21.239316239316267,8.7,18.26,GROUP_3_UNCERTAIN,40.742574257425744,Product type match: sleepsuit
5055185811298.0,,B0DMSPVH1R,Elf Hat with Elf Ears,"Elf Hat with Ears,Novelty Christmas Accessory,Funny Christmas Hats,One Size for Adult",https://angelwholesale.co.uk/Item/Chidlrens-Leopard-Print-Fur-Hat-with-Ears-8-13yr-bun0628,https://www.amazon.co.uk/dp/B0DMSPVH1R,200.0,1.568333333333334,56.21266427718044,2.688,7.99,GROUP_3_UNCERTAIN,47.075471698113205,Product type match: hat
,5056794901783.0,B0DG92Z6KT,White Round Basket with Handle 25cm Dia,"Arthur Cameron - Rectangular Wicker Storage Basket with Handles - 29 x 25 x 15 cm - Small Wicker Basket, Bathroom Storage Organiser, Bedroom Storage (Antique Wash)",https://angelwholesale.co.uk/packaging/baskets-containers/foxton-round-basket-25cm-/p913533.html,https://www.amazon.co.uk/dp/B0DG92Z6KT,100.0,1.564583333333333,41.06517935258092,3.912,10.99,GROUP_3_UNCERTAIN,49.375,Product type match: basket
681070196284.0,,B0DK1BJKTB,18 inch Happy Birthday Beer Shape  Balloon,"24pcs Happy Birthday Foil Balloons - 18"" Inch Round Helium Mylar Party Balloon for Birthday Parties Decorations",https://angelwholesale.co.uk/Item/18-inch-Shape---Cupcake-Blue-Birthday-msc04086,https://www.amazon.co.uk/dp/B0DK1BJKTB,50.0,1.5350000000000004,101.65562913907289,1.152,6.99,GROUP_3_UNCERTAIN,48.557046979865774,Product type match: balloon
,6163629260744.0,B07B9349B3,WHITE 100% ORGANIC COTTON UNBRANDED VELCRO BIB,Baby's Double Layer of Cotton Soft Absorbent Drooling Bibs (7 Pieces),https://angelwholesale.co.uk/Item/Blue-Organic-Cotton-Unbranded-Velcro-Bib-bac03487,https://www.amazon.co.uk/dp/B07B9349B3,100.0,1.505000000000001,67.18750000000003,2.028,9.99,GROUP_3_UNCERTAIN,50.714285714285715,Product type match: bib
5056117227545.0,4894950800508.0,B0CP9CZSLB,Polystyrene Ball - 6cm.  Great for Sweetie Trees!,10 x Modelling Craft Polystyrene Foam Ball Sphere 6cm-White,https://angelwholesale.co.uk/Item/Polystyrene-Ball---7cm.--Great-for-Sweetie-Trees-nap02645,https://www.amazon.co.uk/dp/B0CP9CZSLB,50.0,1.5016666666666671,202.927927927928,0.228,7.19,GROUP_3_UNCERTAIN,42.71844660194174,Moderate similarity - needs verification
5023797402159.0,636123047037.0,B075P5JWFC,Jacquard Knee-length Socks with coloured Hearts  by Soft Touch,"SockStack Women's Knee High 4 Pack Fair Isle Design Thermal Socks, Size 4-7, SK238",https://angelwholesale.co.uk/Item/Cream-Shiny-Knee-length-Socks-with-spots--by-Soft-Touch-bac06623,https://www.amazon.co.uk/dp/B075P5JWFC,400.0,1.5016666666666665,85.32196969696967,1.452,8.45,GROUP_3_UNCERTAIN,50.46099290780142,Product type match: sock
5055442154106.0,5056256383034.0,B0DJGMQB47,Men's 5 Pack Heel & Toe Sock,Sock Stack 5 Pack Men’s Cotton Rich Novelty Dad Socks Father’s Day Heel & Toe Smart Breathable sock Colourful Birthday Gift,https://angelwholesale.co.uk/Item/Baby-Boys-5-pack-Heel--Toe-Socks-With-Grippers-bac05995,https://www.amazon.co.uk/dp/B0DJGMQB47,50.0,1.4983333333333335,56.97084917617239,2.496,8.95,GROUP_3_UNCERTAIN,46.292517006802726,Product type match: sock
5056721838267.0,,B0BMXB894B,Essential Garden Mix Remembrance Grave Pot - Orange,"Mr. Barry’s Rose Artificial Flowers in Grave Flower Pots – UV-Resistant, Long-Lasting Design for Cemetery, Grave Displays, Home & Garden Memorial Arrangements (Yellow Orange & Red)",https://angelwholesale.co.uk/craft/floristry/memorial/essential-rose-mix-remembrance-grave-pot-orange/p1063821.html,https://www.amazon.co.uk/dp/B0BMXB894B,100.0,1.454583333333333,37.10671768707481,4.0440000000000005,10.99,GROUP_3_UNCERTAIN,44.49308755760369,Product type match: pot
,6198709174031.0,B0B34KQ2KV,UK Made High quality Cotton turn down socks 0-6months - bright green,Baby Thick Winter Socks Cotton Infant Newborn Cozy Warm Socks Pack of 5,https://angelwholesale.co.uk/Item/Christmas-Penguin-Socks-0-6months-S13854,https://www.amazon.co.uk/dp/B0B34KQ2KV,50.0,1.4450000000000005,125.65217391304353,0.72,6.99,GROUP_3_UNCERTAIN,55.87591240875913,Product type match: sock
5056721895734.0,3370910070453.0,B00G69NEN4,Natural & Silver Hogla Basket With Liner (14 x 14cm),Compactor Cosmos Etna Basket - Stylish Black Woven Paper and Metal Frame Organizer - Medium Size (31X24X14 cm),https://angelwholesale.co.uk/home/all-home-and-decor/natural-silver-hogla-basket-with-liner-12-x-12cm-/p1067333.html,https://www.amazon.co.uk/dp/B00G69NEN4,50.0,1.4366666666666683,93.2900432900434,1.188,11.48,GROUP_3_UNCERTAIN,50.526315789473685,Product type match: basket
5023797201455.0,,B0CNQ8Y6DN,Ditsy Bandana Bibs By Soft Touch,Muslin Baby Bibs 6 Pack Dribble Bandana Bibs Cotton Drool Bibs for Teething Soft and Absorbent with Adjustable Snaps,https://angelwholesale.co.uk/Item/Little-Prince-Princess-Bandana-Bib-By-Soft-Touch-bac06859,https://www.amazon.co.uk/dp/B0CNQ8Y6DN,200.0,1.4066666666666676,86.83127572016465,1.284,7.94,GROUP_3_UNCERTAIN,48.78378378378378,Product type match: bib
5035320048079.0,762715486783.0,B0CCCX1X3N,Baby large sleeved Nylon bibs by Nursery Time,"3 Pack Long Sleeve Baby Bibs, Waterproof Sleeved Bib, Toddler Soft Bib for 6-30 Months",https://angelwholesale.co.uk/Item/Dotty-PEVA-baby-bibs-with-velcro-fastening-by-Nursery-Time-gse0963,https://www.amazon.co.uk/dp/B0CCCX1X3N,300.0,1.3850000000000002,81.9526627218935,1.368,6.99,GROUP_3_UNCERTAIN,50.65891472868217,Product type match: bib
,6163629260720.0,B07B8Z9L6Y,Supersoft Plain cotton jersey Blue Pop On Bibs  by Soft Touch,Baby's Double Layer of Cotton Soft Absorbent Drooling Bibs (7 Pieces),https://angelwholesale.co.uk/Item/Supersoft-Plain-Blue-Body-Suit-by-Soft-touch-bac01918,https://www.amazon.co.uk/dp/B07B8Z9L6Y,100.0,1.3750000000000009,64.85849056603777,1.884,9.99,GROUP_3_UNCERTAIN,55.94488188976378,Product type match: bib
5020133488242.0,,B0CHK2LNX1,Boys Fairisle Lounge Sock (Assorted Designs),GM Apparel Boys Kids Fluffy Slipper Socks – Non-Skid Gripper – Bed Sock – Super Soft Fuzzy – Cosy Thermal – Strips – Pack of 4 Pairs,https://angelwholesale.co.uk/new/latest-clothing/boys-flip-flops-assorted-design-/p1054621.html,https://www.amazon.co.uk/dp/B0CHK2LNX1,100.0,1.3079166666666666,49.35534591194968,2.52,8.99,GROUP_3_UNCERTAIN,45.864197530864196,Product type match: sock
5034566131279.0,,B007HLKFBO,Miyoni Collie 8inch,"MiYoni Dogs 13127 8-inch Westie, White",https://angelwholesale.co.uk/Item/Miyoni-Westie-8inch-toy02541,https://www.amazon.co.uk/dp/B007HLKFBO,50.0,1.2824999999999995,20.65217391304347,6.792,13.98,GROUP_3_UNCERTAIN,50.0,Moderate similarity - needs verification
742554369034.0,,B0BGM41K12,18 inch Soccer Balloon  Balloon,"8Pcs Football Party Balloons, 18Inch Soccer Foil Balloon Football Shape Mylar Foil Balloons Decorations for Men Soccer Fans Sport Game Theme Birthday Party Decorations Supplies",https://angelwholesale.co.uk/Item/18-inch-Emoji-Smiley-Teeth--Balloon-msc04482,https://www.amazon.co.uk/dp/B0BGM41K12,50.0,1.2612499999999998,98.53515624999996,0.876,6.99,GROUP_3_UNCERTAIN,43.292682926829265,Product type match: balloon
63562580458.0,5028250784827.0,B078N3DHTV,Easter Melamine Side Plates (11inch),"KitchenCraft Colourworks Melamine Plastic Side Plates, Classics Colours, Set of 4",https://angelwholesale.co.uk/Item/Hello-Kitty-Bows-design-9-childrens-melamine-plate-toy02880,https://www.amazon.co.uk/dp/B078N3DHTV,50.0,1.2433333333333338,148.01587301587307,0.348,7.0,GROUP_3_UNCERTAIN,47.78761061946903,Moderate similarity - needs verification
681070174213.0,,B0B1WC34M5,"Black,  White and Silver Circle Balloon Tail","60pcs 12 Inch Black White & Silver Balloons, Sliver & Black Balloons Set with Confetti Helium Latex for Wedding, Anniversary, Birthday Party Graduation Parties Decorations",https://angelwholesale.co.uk/Item/Circle-Black--Balloon-msc03875,https://www.amazon.co.uk/dp/B0B1WC34M5,50.0,1.2316666666666671,108.04093567251464,0.708,5.99,GROUP_3_UNCERTAIN,44.12621359223301,Product type match: balloon
5055442193259.0,,B0CQM49WM6,Ladies 3 Pack White Invisible Workout Footie Socks,No Show Trainer Socks Mens Womens Invisible Footies Men Ladies Low Cut Cotton Multipack Breathable Summer Casual Liner Ankle Socks with Non-Slip Silicone 6 Pairs,https://angelwholesale.co.uk/Item/Ladies-3-Pack-Black-Invisible-Workout-Footie-Socks-S14164,https://www.amazon.co.uk/dp/B0CQM49WM6,50.0,1.2183333333333335,64.12280701754386,1.62,6.43,GROUP_3_UNCERTAIN,44.38388625592417,Product type match: sock
5055139017936.0,619271506977.0,B00V5FK3UG,Card of 4 Deco Ribbon (Assorted Designs),10M Bundles of Mixed Ribbon off cuts Assorted Colours / sizes Premium Quality,https://angelwholesale.co.uk/Item/Wdn-Card-Hldr-Flwr-ladybug-nap014037,https://www.amazon.co.uk/dp/B00V5FK3UG,100.0,1.208333333333334,163.2882882882884,0.228,4.99,GROUP_3_UNCERTAIN,46.017699115044245,Moderate similarity - needs verification
5050565587879.0,,B0F1BXK7HM,Cloth Rope Tug Toys (Assorted Designs),"Speedy Panther 2 Pack Dog Rope Toys for Large Medium Dogs, Durable Chew Toys for Aggressive Chewers, Safe & Non-Toxic Tough Rope Tug Toy for Teeth Cleaning",https://angelwholesale.co.uk/sale/special-offers-occassions/2-2m-skipping-rope-assorted-/p1057494.html,https://www.amazon.co.uk/dp/B0F1BXK7HM,300.0,1.191666666666667,65.83793738489875,1.512,8.99,GROUP_3_UNCERTAIN,43.87700534759358,Product type match: toy
5055442154496.0,5059151301257.0,B0CG3J5ZP8,Kids 3pk Plain Sock - Grey 27-30 / 9-12,A2Z 4 Kids Boy's Socks-970 Socks,https://angelwholesale.co.uk/Item/Kids-3pk-Plain-Sock---Black-27-30-/-9-12-gun0546,https://www.amazon.co.uk/dp/B0CG3J5ZP8,100.0,1.1650000000000007,68.52941176470593,1.38,6.99,GROUP_3_UNCERTAIN,59.776119402985074,Product type match: sock
5023797201264.0,5055465195650.0,B0764F73LZ,Cute 'My 1st Xmas' Velcro Bib by Soft Touch,BabyPrem Baby Bib My 1st Christmas Spoil Me Feeding Clothes Boy Girl Unisex Red,https://angelwholesale.co.uk/Item/Xmas-Velcro-Terry-Printed-Body-Bib-By-Soft-Touch-bac06875,https://www.amazon.co.uk/dp/B0764F73LZ,600.0,1.1116666666666666,75.11261261261261,1.116,5.99,GROUP_3_UNCERTAIN,51.666666666666664,Product type match: bib
5012866016618.0,5012866310402.0,B0735243GH,Baby Doll 30cm By Atoz Toys (2 Assorted Designs),"A to Z My Baby Bella Doll, Pink, 30cm",https://angelwholesale.co.uk/Item/Dinosaur-Assorted-By-Atoz-Toys-toy07636,https://www.amazon.co.uk/dp/B0735243GH,100.0,1.0466666666666675,46.31268436578176,2.052,8.96,GROUP_3_UNCERTAIN,49.5679012345679,Product type match: doll
5015302108434.0,739106637482.0,B0BM9LYHJV,Plush Comforter Toy (Assorted Designs),"Soft Touch Baby Bear Comforter,Bear Security Blanket,Unisex Baby Gifts Comforter,Machine Washable Plush Toy comforter Boy Girl Gift Blankie (White bear)",https://angelwholesale.co.uk/toys/baby-toys/plush-toy-with-rattle-4-assorted-designs-/p1053476.html,https://www.amazon.co.uk/dp/B0BM9LYHJV,100.0,1.0416666666666667,36.16898148148149,2.7960000000000003,9.29,GROUP_3_UNCERTAIN,40.806451612903224,"Product type match: plush, toy"
,,B0F9YLW28K,Personalisable Grey Unbranded Sleepsuit with Chest Poppers (0-3 Months),Unisex Baby Sleepsuits 2 Pack – I Love Mummy & Daddy Cotton Footed Rompers – Newborn to 24 Months Baby Bodysuits for Boys and Girls,https://angelwholesale.co.uk/Item/Grey-Star-Pattern-Cotton-Unbranded-Sleepsuit-0-3-Months-bac06236,https://www.amazon.co.uk/dp/B0F9YLW28K,300.0,1.0016666666666667,19.04309252217998,5.652,11.99,GROUP_3_UNCERTAIN,52.11340206185567,Product type match: sleepsuit
5055442193341.0,,B0DZHYRSLG,Men's 3 Pack Stripe Design Socks (Assorted Designs),Mens Stripe Socks Rich Cotton Bright & Colourful Design Striped Sock Crew Length One Size Adults UK 6-11 - 6 Pairs,https://angelwholesale.co.uk/Item/Mens-3-Pack-Low-Cut-Workout-Trainer-Socks-S14152,https://www.amazon.co.uk/dp/B0DZHYRSLG,100.0,0.9995833333333336,44.42592592592594,2.04,7.99,GROUP_3_UNCERTAIN,48.9622641509434,Product type match: sock
5012866630081.0,850016823243.0,B0CBNGXNVT,Fabulous Wash Time Pals Bath Toy (4 Assrtd Designs) (Assorted Designs),Glo Pals Original Water-Activated Light-up Sensory Bath Toy - Party Pal - White. 4 Reusable Light-Up Cubes. Colourful Bath Time Fun. Childrens Light-up Sensory Play. Gift Suitable for Boys & Girls 3+,https://angelwholesale.co.uk/Item/Danny-The-Dolphin-Bath-Toy-toy0111,https://www.amazon.co.uk/dp/B0CBNGXNVT,600.0,0.9350000000000016,21.395881006865025,4.584,9.99,GROUP_3_UNCERTAIN,44.92125984251969,Product type match: toy
5023797405600.0,794794704328.0,B0F32SP7JT,White \'Adorable\' Knee Length Socks w/Satin Bow,"1Pair White Knee High Socks with White Satin Bow, Overknee Socks Long Stockings, Opaque Bow Lace Thigh High School Stocking for Women Valentine's Day Favors",https://angelwholesale.co.uk/brands/soft-touch/beige-adorable-knee-length-socks-w/satin-bow-/p1065577.html,https://www.amazon.co.uk/dp/B0F32SP7JT,50.0,0.8283333333333343,57.92540792540798,1.056,4.99,GROUP_3_UNCERTAIN,46.313131313131315,Product type match: sock
5023797405587.0,794794704328.0,B0F32SP7JT,White \'Adorable\' Knee Length Socks w/Satin Bow,"1Pair White Knee High Socks with White Satin Bow, Overknee Socks Long Stockings, Opaque Bow Lace Thigh High School Stocking for Women Valentine's Day Favors",https://angelwholesale.co.uk/brands/soft-touch/navy-adorable-knee-length-socks-w/satin-bow-/p1065580.html,https://www.amazon.co.uk/dp/B0F32SP7JT,50.0,0.8283333333333343,57.92540792540798,1.056,4.99,GROUP_3_UNCERTAIN,46.313131313131315,Product type match: sock
5023797405549.0,794794704328.0,B0F32SP7JT,White \'Adorable\' Knee Length Socks w/Satin Bow,"1Pair White Knee High Socks with White Satin Bow, Overknee Socks Long Stockings, Opaque Bow Lace Thigh High School Stocking for Women Valentine's Day Favors",https://angelwholesale.co.uk/clothing/shop-by-department/socks-tights/babies-socks/pink-adorable-knee-length-socks-w/satin-bow-/p1065581.html,https://www.amazon.co.uk/dp/B0F32SP7JT,50.0,0.8283333333333343,57.92540792540798,1.056,4.99,GROUP_3_UNCERTAIN,46.313131313131315,Product type match: sock
5025192002866.0,5060397392138.0,B072PY36GF,Manhattan Display Basket (17 inch),Woodluv Grey Wicker Rectangular Storage Gift Hamper Basket With Removable Lining - Large,https://angelwholesale.co.uk/Item/Manhattan-Display-Basket-15-inch-msc05109,https://www.amazon.co.uk/dp/B072PY36GF,500.0,0.7416666666666669,16.12318840579711,4.859999999999999,14.99,GROUP_3_UNCERTAIN,42.11864406779661,Product type match: basket
5055442155080.0,5056006032977.0,B019E5ZRE0,Girls Plain Grey Tights 1 Pack (5-6 Years),I.L.C.K Girls Back To School Plain Cotton Rich Tights,https://angelwholesale.co.uk/Item/Girls-Plain-Navy-Tights-1-Pack-5-6-Years-gun0532,https://www.amazon.co.uk/dp/B019E5ZRE0,200.0,0.7366666666666672,39.81981981981985,1.56,6.98,GROUP_3_UNCERTAIN,43.01075268817204,Moderate similarity - needs verification
5023797402098.0,794794704328.0,B0F32SP7JT,White Ribbed Knee Length Socks with satin Flower & Diamonte  by Soft Touch,"1Pair White Knee High Socks with White Satin Bow, Overknee Socks Long Stockings, Opaque Bow Lace Thigh High School Stocking for Women Valentine's Day Favors",https://angelwholesale.co.uk/Item/Ribbed-Knee-Length-Socks-with-satin-Flower--Diamonte--by-Soft-Touch-bac06627,https://www.amazon.co.uk/dp/B0F32SP7JT,100.0,0.7083333333333341,45.69892473118285,1.2,4.99,GROUP_3_UNCERTAIN,52.333333333333336,Product type match: sock
,4894950800508.0,B0CP9CZSLB,Polystyrene Ball - 6cm.  Great for Sweetie Trees!,10 x Modelling Craft Polystyrene Foam Ball Sphere 6cm-White,https://angelwholesale.co.uk/Item/Polystyrene-Ball---10cm.--Great-for-Sweetie-Trees-nap02643,https://www.amazon.co.uk/dp/B0CP9CZSLB,50.0,0.7016666666666671,45.56277056277059,1.188,7.19,GROUP_3_UNCERTAIN,42.71844660194174,Moderate similarity - needs verification
,3117430006001.0,B00DQTUQMY,Lemon Unbranded Cotton Popover Baby Bib - ideal for personalisation,7 Pack Popover Baby Bib Bibs White Soft Towelling Unisex Multi Pack,https://angelwholesale.co.uk/Item/Pink-Unbranded-Cotton-Popover-Baby-Bib---ideal-for-personalisation-bac02831,https://www.amazon.co.uk/dp/B00DQTUQMY,50.0,0.5650000000000004,31.21546961325969,1.512,6.99,GROUP_3_UNCERTAIN,57.42424242424242,Product type match: bib
,5050747100155.0,B00OKNL4VM,Transparent Box - 190x50x50mm,5.5 Litre Storage Box W400xD255xH80mm Clear RB90121,https://angelwholesale.co.uk/Item/Transparent-Box-40x40x40mm-nap0921,https://www.amazon.co.uk/dp/B00OKNL4VM,400.0,0.5466666666666666,75.92592592592591,0.204,7.1,GROUP_3_UNCERTAIN,41.02564102564102,Moderate similarity - needs verification
5056117216891.0,3117430006001.0,B00DQTUQMY,Lemon Unbranded Cotton Popover Baby Bib - ideal for personalisation,7 Pack Popover Baby Bib Bibs White Soft Towelling Unisex Multi Pack,https://angelwholesale.co.uk/Item/Grey-Marl-Unbranded-Cotton-Popover-Baby-Bib---ideal-for-personalisation-bac03735,https://www.amazon.co.uk/dp/B00DQTUQMY,50.0,0.5350000000000004,29.07608695652176,1.548,6.99,GROUP_3_UNCERTAIN,57.42424242424242,Product type match: bib
5056117216877.0,3117430006001.0,B00DQTUQMY,Lemon Unbranded Cotton Popover Baby Bib - ideal for personalisation,7 Pack Popover Baby Bib Bibs White Soft Towelling Unisex Multi Pack,https://angelwholesale.co.uk/Item/Cerise-Unbranded-Cotton-Popover-Baby-Bib---ideal-for-personalisation-bac03733,https://www.amazon.co.uk/dp/B00DQTUQMY,50.0,0.5350000000000004,29.07608695652176,1.548,6.99,GROUP_3_UNCERTAIN,57.42424242424242,Product type match: bib
,5055465195650.0,B0764F73LZ,Cute 'My 1st Xmas' Velcro Bib by Soft Touch,BabyPrem Baby Bib My 1st Christmas Spoil Me Feeding Clothes Boy Girl Unisex Red,https://angelwholesale.co.uk/Item/My-First-Christmas-Cute-Reindeer-Cotton-Velcro-Baby-Bib.-bac06274,https://www.amazon.co.uk/dp/B0764F73LZ,600.0,0.4716666666666667,22.248427672955977,1.884,5.99,GROUP_3_UNCERTAIN,51.666666666666664,Product type match: bib
5055442154847.0,5056006032960.0,B019E5ZM72,Girls Plain Grey Tights 1 Pack (2-3 Years),I.L.C.K Girls Back To School Plain Cotton Rich Tights,https://angelwholesale.co.uk/clothing/shop-by-department/socks-tights/tights/girls-plain-black-tights-1-pack-2-3-years-/p1053395.html,https://www.amazon.co.uk/dp/B019E5ZM72,50.0,0.4483333333333332,21.349206349206344,1.86,6.85,GROUP_3_UNCERTAIN,43.01075268817204,Moderate similarity - needs verification
5023797201066.0,,B0DBTN42CD,Xmas Velcro Terry Printed Body Bib By Soft Touch,SATINIOR Christmas Baby Bibs Baby Feeding Bib First Christmas Gifts for Boy Girl Babies Newborn Toddlers,https://angelwholesale.co.uk/Item/Cute-My-1st-Xmas-Velcro-Bib-by-Soft-Touch-bac02990,https://www.amazon.co.uk/dp/B0DBTN42CD,50.0,0.4216666666666666,27.204301075268816,1.2,5.27,GROUP_3_UNCERTAIN,41.315789473684205,Product type match: bib
,3117430006001.0,B00DQTUQMY,Cerise Unbranded Cotton Popover Baby Bib - ideal for personalisation,7 Pack Popover Baby Bib Bibs White Soft Towelling Unisex Multi Pack,https://angelwholesale.co.uk/Item/White-Unbranded-Cotton-Popover-Baby-Bib---ideal-for-personalisation-bac02310,https://www.amazon.co.uk/dp/B00DQTUQMY,50.0,0.3950000000000004,19.949494949494973,1.716,6.99,GROUP_3_UNCERTAIN,54.097744360902254,Product type match: bib
5056117216884.0,3117430006001.0,B00DQTUQMY,Blue Unbranded Cotton Popover Baby Bib - ideal for personalisation,7 Pack Popover Baby Bib Bibs White Soft Towelling Unisex Multi Pack,https://angelwholesale.co.uk/Item/Royal-Blue-Unbranded-Cotton-Popover-Baby-Bib---ideal-for-personalisation-bac03734,https://www.amazon.co.uk/dp/B00DQTUQMY,50.0,0.3950000000000004,19.949494949494973,1.716,6.99,GROUP_3_UNCERTAIN,57.74809160305343,Product type match: bib
5060015577039.0,5060464744365.0,B01LYOU5M5,Girls Plain Tights pk1 - Black age 2-3,"Girls Tights Plain Opaque 40 Denier, Age 2-12Years-18 Colours",https://angelwholesale.co.uk/Item/Girls-Plain-Tights-pk1---Black-age-3-4-gun0521,https://www.amazon.co.uk/dp/B01LYOU5M5,50.0,0.3583333333333345,21.07843137254909,1.38,4.99,GROUP_3_UNCERTAIN,47.91666666666667,Moderate similarity - needs verification
5060015577237.0,5060464744365.0,B01LYOU5M5,Girls Plain Tights pk1 - Black age 3-4,"Girls Tights Plain Opaque 40 Denier, Age 2-12Years-18 Colours",https://angelwholesale.co.uk/Item/Girls-Plain-Navy-Tights-pk1-3-4-Years-gun0531,https://www.amazon.co.uk/dp/B01LYOU5M5,50.0,0.3583333333333345,21.07843137254909,1.38,4.99,GROUP_3_UNCERTAIN,45.83333333333333,Moderate similarity - needs verification
,5023797300905.0,B01N0LP3CF,Grey Unbranded 0-3m Plain Baby Beanie Hat,Soft Touch Plain Super Soft Cotton Hat,https://angelwholesale.co.uk/Item/White-Unbranded-0-3m-Plain-Baby-Beanie-Hat-bou0720,https://www.amazon.co.uk/dp/B01N0LP3CF,100.0,0.3250000000000002,17.955801104972384,1.512,4.83,GROUP_3_UNCERTAIN,52.9746835443038,Product type match: hat
,5023797300905.0,B01N0LP3CF,Cream Unbranded Plain Baby Beanie Hat (0-3 Months),Soft Touch Plain Super Soft Cotton Hat,https://angelwholesale.co.uk/Item/Pink-Unbranded-Plain-Baby-Beanie-Hat-0-3-Months-bou0693,https://www.amazon.co.uk/dp/B01N0LP3CF,100.0,0.3250000000000002,17.955801104972384,1.512,4.83,GROUP_3_UNCERTAIN,47.55813953488372,Product type match: hat
5035320015392.0,,B0F9YPTPT5,Nursery Time Baby Romper - Love And Hugs (0 To 6 Months),Unisex Baby Sleepsuits 2 Pack – I Love Mummy & Daddy Cotton Footed Rompers – Newborn to 24 Months Baby Bodysuits for Boys and Girls,https://angelwholesale.co.uk/Item/Nursery-Time-Baby-Striped-Racing-Team-Hooded-Velour-Onesie-0---6-Months-bto0857,https://www.amazon.co.uk/dp/B0F9YPTPT5,100.0,0.281666666666666,4.898550724637671,6.24,11.99,GROUP_3_UNCERTAIN,46.63841807909605,Product type match: romper
5053154296220.0,,B0BGFN7D4K,Reindeer Blanks Christmas Decoration - Personalisable,40 Pieces Wooden Baubles Wooden Christmas Decorations to Paint Decorate Your Own Baubles Natural Wood Slices Wood Chips for DIY Crafts Christmas Tree Decorations Christmas Ornaments Pendants,https://angelwholesale.co.uk/Item/Snowgirl-Blank-Decoration-ideal-for-personalisation-xma03004,https://www.amazon.co.uk/dp/B0BGFN7D4K,600.0,0.2012499999999997,8.600427350427339,2.148,6.99,GROUP_3_UNCERTAIN,41.55601659751038,Product type match: decoration
5056117204942.0,5060464744365.0,B01LYOU5M5,Girls Plain Tights pk1 - Black age 2-3,"Girls Tights Plain Opaque 40 Denier, Age 2-12Years-18 Colours",https://angelwholesale.co.uk/Item/Girls-Plain-Tights-pk1---Cream-age-2-3-gun0520,https://www.amazon.co.uk/dp/B01LYOU5M5,50.0,0.1983333333333343,10.66308243727604,1.572,4.99,GROUP_3_UNCERTAIN,47.91666666666667,Moderate similarity - needs verification
5051211223806.0,658848912346.0,B07W7T65D6,16cm Round Grey Woodchip Basket,"Round Kindling/Storage Basket, Hessian Lined, Excellent Quality, Very Strong Kuba Rattan (Small)",https://angelwholesale.co.uk/new/latest-hamper-supplies/penny-round-storage-basket-16cm-/p1064301.html,https://www.amazon.co.uk/dp/B07W7T65D6,200.0,0.1783333333333343,3.260207190737374,5.904,14.95,GROUP_3_UNCERTAIN,41.22950819672131,Product type match: basket
,5023797300905.0,B01N0LP3CF,White Unbranded 0-3m Plain Baby Beanie Hat,Soft Touch Plain Super Soft Cotton Hat,https://angelwholesale.co.uk/Item/White-Unbranded-Newborn-Plain-Baby-Beanie-Hat-H10423,https://www.amazon.co.uk/dp/B01N0LP3CF,100.0,0.1550000000000002,7.828282828282841,1.716,4.83,GROUP_3_UNCERTAIN,50.0,Product type match: hat
,5023797300905.0,B01N0LP3CF,White Unbranded 0-3m Plain Baby Beanie Hat,Soft Touch Plain Super Soft Cotton Hat,https://angelwholesale.co.uk/blanks/blank-baby/blank-hats-mittens/grey-unbranded-0-3m-plain-baby-beanie-hat/p1048859.html,https://www.amazon.co.uk/dp/B01N0LP3CF,100.0,0.0950000000000002,4.656862745098049,1.788,4.83,GROUP_3_UNCERTAIN,50.0,Product type match: hat
742554363353.0,,B0C74HV4P3,14 inch  Number Balloon - 7 - Light Pink,"Light Pink Foil Balloon Number 7, 40'' Giant Self Inflating Number Balloons Set 0-9, Large Pastel Pink Number 7 Helium Balloon for Girls 7th Birthday Princess Party Decorations Supplies",https://angelwholesale.co.uk/Item/14-inch--Number-Balloon---4---Light-Pink-msc04462,https://www.amazon.co.uk/dp/B0C74HV4P3,50.0,0.055,4.700854700854705,0.744,3.99,GROUP_3_UNCERTAIN,41.851851851851855,"Product type match: light, balloon"
5023797401787.0,5023797300905.0,B01N0LP3CF,Infants Plain Hat By Soft Touch,Soft Touch Plain Super Soft Cotton Hat,https://angelwholesale.co.uk/Item/Infants-Plain-Pink-Tights--by-Soft-Touch-gac02009,https://www.amazon.co.uk/dp/B01N0LP3CF,100.0,0.0150000000000001,0.7075471698113266,1.884,4.83,GROUP_3_UNCERTAIN,63.98550724637681,Brand match: soft-touch; Product type match: hat
