idx,brand,supplier,amazon,profit,sales
727,QUEST,QUEST EXPRESSO COFFEE EXPRESSO MACHINE WITH MILK FROTHER,Quest 36569 Espresso Coffee Machine With Milk Frother / 1.2L,33.6262499999999,500
188,EVERBUILD,EVERBUILD SEALANT STRIPOUT TOOL,Everbuild Super Flow Sealant/Adhesive Cartridge Applicator G,28.78875,400
451,CLIPPER,EXTRASTAR PROFESSIONAL CLIPPER RECHAREABLE USB-C BLACK,"Ufree Hair Clippers for Men, Professional Clippers and Trimm",18.5516666666666,200
1700,QUEST,QUEST TURBO BLENDER 2 IN 1 32129,"Quest Food Processor, 6-in-1 Chopper, Blender, Grinder, 2 Li",14.0825,200
748,WHAM,WHAM CRYSTAL 60LTR SMOKE BOX & LID,Wham Crystal 5 x 60L Stackable Plastic Storage Boxes with Li,13.8099999999999,50
1505,SPONTEX,SPONTEX QUICK SPRAY MOP DUO,Spontex Quick Spray Duo Flat Spray Mop with Washable Microfi,12.735,50
741,FAIRY,THE CHRISTMAS WORKSHOP 40 FAIRY LIGHTS  CLEAR,40M 800 LED Fairy Lights Outdoor Christmas Lights Plug in Cl,9.31166666666666,200
733,KILNER,KILNER 1LTR SQUARE CLIP TOP JAR (SP),6 x Kilner Clip Top Glass Storage Jar - Square 1 Litre,8.49333333333333,50
973,MASON CASH,MASON CASH MIXING BOWL IN THE MEADOW DAFFODIL 21CM,Mason Cash in The Forest Hedgehog Mixing Bowl 1.1 Litre | 21,7.96,100
261,CLIPPER,CLIPPER GAS LIGHTER MINI TUBE,Genuine CLIPPER Universal Lighter Fuel Fluid Refill 300ML Pa,7.20291666666666,50
832,SCHOTT ZWIESEL,SCHOTT ZWIESEL WHITE WINE GLASS 407ML SET OF 2,Schott Zwiesel Pure Glassware - White Wine Glasses - Set of ,7.17833333333333,200
972,VINERS,VINERS EVERYDAY PURITY 4PC DINNER KNIFE,Viners Everyday Breeze 16 Piece 18/0 Silver Stainless Steel ,6.77333333333333,50
1375,MASON CASH,MASON CASH MIXING BOWL OWL STONE 26CM,Mason Cash in The Forest Owl Mixing Bowl 4 Litre | 26cm Dark,6.53833333333333,300
581,FAIRY,DRESS UP CHILD FAIRY WINGS,"EQLEF Fairy Wings Costume Kids, Princess Fairy Costume Butte",5.915,100
350,SUPERIOR,SUPERIOR ROUND 10 CONTAINER & LID 4 OZ,Superior 32oz Food Containers With Lids â€“ 20-Pack Durable ,5.645,100
976,SOUDAL,SOUDAL EXPANDING FOAM HAND HELD 150ML,Soudal 750ml Champagne Gap Filler Expanding Foam Handheld Sp,5.47458333333333,400
1788,EVERBUILD,EVERBUILD BITUMEN TROWEL MASTIC 1 LITRE,"Everbuild 103 Premium Trowel Mastic, Stone, 6 kg",5.33583333333333,50
333,SUPERIOR,SUPERIOR ROUND 10 CONTAINER & LID 2 OZ,Superior 20-Pack 16oz Microwave Containers With Lids â€“ Dur,5.30166666666666,100
376,DRAPER,DRAPER HSS DRILL BIT 1.5 MM,"Draper 18551 Combined HSS and Masonry Drill Bit Set, Blue, 1",5.155,100
1690,MASON CASH,MASON CASH MIXING BOWL CREAM 29CM,Mason Cash Colour Mix Cream Mixing Bowl | 4 Litre Capacity |,5.11499999999999,200
486,BAKER,PENDEFORD POTATO BAKER,"Microwave Potato Baker, Red",5.07083333333333,50
1338,WHAM,WHAM CRYSTAL 32LTR SMOKE BOX & LID,Wham Crystal 5 x 32L Stackable Plastic Storage Boxes with Li,5.01833333333333,100
1055,SUPERIOR,SUPERIOR FOIL 5 CONTAINERS & LID 2400ML,Superior Foil Containers with Lids â€“ 9x13 Inches Sturdy De,4.99625,200
1142,EXTRA SELECT,EXTRA SELECT PREMIUM RABBIT FOOD BUCKET 5L,Extra Select Premium Rabbit Mix Bucket 5L - Balanced Complem,4.85791666666666,300
1470,SOUDAL,SOUDAL EXPANDING FOAM HANDHELD 750ML,Soudal 750ml Champagne Gap Filler Expanding Foam Handheld Sp,4.25458333333333,400
1404,SUPERIOR,SUPERIOR FOIL 5 CONTAINERS & LID 9X13IN,Superior Foil Containers with Lids â€“ 9x13 Inches Sturdy De,4.15625,200
1433,KILROCK,KILROCK BATHROOM & KITCHEN DRAIN UNBLOCKER 1 LITRE(SOLD EACH,Kilrock SLAM - Sink and Plughole Bathroom Drain Unblocker - ,4.12416666666666,50
1731,PYREX,PYREX CLASSIC CASSEROLE 1.3LTR,Pyrex Essentials Glass Round Casserole Dish with Lid 1.0L Tr,3.69833333333333,50
1225,SUPERIOR,SUPERIOR FOIL 10 CONTAINERS & LID 1 LTR,"Superior 10-Pack Aluminium Foil Trays with Paper Lids, Heavy",3.27833333333333,700
2222,PYREX,PYREX ESSENTIALS CASSEROLE 6.7LTR RECT,Pyrex Essentials - Set of 3 glass casseroles high resistance,3.18666666666666,300
1556,SUPERIOR,SUPERIOR FOIL 5 CONTAINERS & LID 4.5LTR,Superior Foil Containers with Lids â€“ 9x13 Inches Sturdy De,3.06499999999999,200
1716,AMTECH,AMTECH VICE BABY,"Amtech D2600 150mm (6"") Woodworking vice",3.04166666666666,100
1378,SUPERIOR,SUPERIOR FOIL 10 CONTAINERS & LID 1 LTR,"Superior 10-Pack Aluminium Foil Trays with Paper Lids, Heavy",2.99833333333333,700
864,BACOFOIL,BACOFOIL ZIPPER BAGS ALL PURPOSE 12 PACK 1L (PM Â£2.19),Bacofoil 3 x Zipper Small All Purpose Bags Food Freezing Sto,2.93,500
1053,PASABAHCE,PASABAHCE CIHANGIR TEA GLASS 95 CC 6PC,"Pasabahce Istanbul tea glass, set of 6, drinking glasses wit",2.86166666666666,100
756,TIDYZ,TIDYZ WHEELY BIN LINERS 5 BAGS 300L,Tidyz 30 Extra Large Wheelie Bin Liners Waste Rubbish Bags 3,2.76666666666666,500
1138,PASABAHCE,PASABAHCE KANDILLI OPTIC TEA GLASS 90CC 6PC,"Pasabahce Istanbul tea glass, set of 6, drinking glasses wit",2.73166666666666,100
809,TIDYZ,TIDYZ PEDAL BIN LINERS 40 WHITE TIE HANDLE 15L,Tidyz 6 Packs Of 40 White Plastic Bin Bags - Fits 15L Pedal ,2.72666666666666,500
810,TIDYZ,TIDYZ COMPOSTABLE 15 BAGS 10LTR,Tidyz 6 Packs Of 40 White Plastic Bin Bags - Fits 15L Pedal ,2.72666666666666,500
929,PAN AROMA,PAN AROMA JAR CANDLE 85GM SALTED CARAMEL,"Pan Aroma Orange Decorative Holder & Scented Candle, Salted ",2.725,50
927,PAN AROMA,PAN AROMA CANDLE 85G LEMONGRASS,"Pan Aroma Orange Decorative Holder & Scented Candle, Salted ",2.725,50
928,PAN AROMA,PAN AROMA CANDLE 85G PURE JASMINE,"Pan Aroma Orange Decorative Holder & Scented Candle, Salted ",2.725,50
1103,CURVER,CURVER RATTAN ROUND LARGE ORGANISER GREY,"CURVER Style Rattan Effect Kitchen, Living room, Bathroom, B",2.71,50
1452,DRAPER,DRAPER HEX KEY SET METRIC DIY 8 PC,Draper 10 Piece T-Handle Hexagon Allen Key Set | Metric Long,2.65833333333333,500
1097,AMTECH,AMTECH DRAIN CLEANER,Amtech S1895 Flexible Drain Auger & Waste Pipe Unblocker,2.60208333333333,200
1069,PAN AROMA,PAN AROMA CANDLE 85G LIME GINGER,"Pan Aroma Orange Decorative Holder & Scented Candle, Salted ",2.565,50
1312,AMTECH,AMTECH LED MINI TORCH,Amtech S1532 9 LED mini Torch,2.34833333333333,200
1456,KILROCK,KILROCK DAMP CLEAR MOULD REMOVER ACTIVE FOAMING ACTION 500ML,Kilrock 3 X Blast Away Mould Spray 500ml,2.30083333333333,200
1289,CHUPA CHUPS,CHUPA CHUPS MINI LOLLIES 12PC,Chupa Chups The Best of x50 Lollipops,2.17791666666666,300
1448,BACOFOIL,BACOFOIL ZIPPER BAGS ALL PURPOSE 15 PACK SMALL 1L,Bacofoil 3 x Zipper Small All Purpose Bags Food Freezing Sto,2.17,500
2067,DRAPER,DRAPER SPANNER SET METRIC COMBINATION,Draper 1 x Redline 68481 Metric Combination Spanner Set (11-,2.15333333333333,100
1850,SUPERIOR,SUPERIOR FOIL 10 CONTAINERS & LID 9X9IN,"Superior 10-Pack Aluminium Foil Trays with Paper Lids, Heavy",2.12833333333333,700
920,BEAUFORT,BEAUFORT SQUARE FOOD CONTAINER 600ML,Beaufort 13 Litre New SQUARE FOOD & CAKE CONTAINER WITH CLEA,2.09291666666666,200
1654,CORAL,"CORAL EASY COATER 4"" & FREE BRUSH",Coral 10501 Easy Coater Paint Kit with Headlock and Mini Rol,2.06666666666666,500
987,BEAUFORT,BEAUFORT SQUARE FOOD CONTAINER 1LTR,Beaufort 13 Litre New SQUARE FOOD & CAKE CONTAINER WITH CLEA,2.03,200
2125,CLIPPER,CLIPPER ELECTRONIC BRIO LIGHTERS PK25,Clipper Lighter Solid Colors Refillable With Refillable Flin,1.99791666666666,800
1306,AMTECH,AMTECH PADLOCK BRASS 20MM,"Amtech T0790 Brass Small Padlocks with Keys for Luggage, loc",1.98666666666666,50
1791,DRAPER,DRAPER WINDOW SQUEEGEE,Draper Telescopic Window Cleaning Equipment | 46.55 to 73.5c,1.91166666666666,100
1174,STATUS,STATUS TV TWIN AERAIL ADAPTOR S CLAM IN CDU,Status 15 Metre TV Aerial Cable Extension Kit | White | Exte,1.72499999999999,200
2208,EXTRA SELECT,EXTRA SELECT FISH FOOD BLEND BUCKET 5L,"Extra Select Complete Fish Food Blend Tub, 5 Litre",1.71375,50
1334,PAN AROMA,PAN AROMA JAR CANDLE 85GM RED BERRY,"PAN AROMAÂ® RED Decorative Holder & Scented Candle, RED Berr",1.67166666666666,50
2284,YALE,YALE ESSENTIALS DEADLOCK P/BRASS 64MM,"Yale British Standard 5 Lever Mortice Deadlock, High Securit",1.61833333333333,200
1423,PAN AROMA,PAN AROMA CANDLE TALL APPLE&CINN EACH,Pan Aroma 16 Tea Lights Apple & Cinnamon,1.515,100
1422,PAN AROMA,PAN AROMA CANDLE ROUND APPLE CINNAMON EACH,Pan Aroma 16 Tea Lights Apple & Cinnamon,1.515,100
1421,PAN AROMA,PAN AROMA C TEA-LIGHTS 16PK APP&CIN,Pan Aroma 16 Tea Lights Apple & Cinnamon,1.515,100
2097,SUPERIOR,SUPERIOR FOIL 10 CONTAINERS & LID 2 LTR,"Superior 10-Pack Aluminium Foil Trays with Paper Lids, Heavy",1.47833333333333,700
1660,AMTECH,AMTECH PICK-UP TOOL TELE MAG 5LB,Amtech S8006 3 LED telescopic torch and magnetic pick up too,1.44,100
1804,MARIGOLD,MARIGOLD OUTDOOR GLOVES EXTRA LARGE,Marigold 2 x Extra Tough Outdoor Gloves - Single Pair (Extra,1.40833333333333,200
2147,TALA,TALA MEAT THERMOMETER 4106,"Tala Stainless Steel Meat Thermometer, Classic Meat Probe fo",1.30833333333333,50
2115,MINKY,MINKY IRONING BOARD CLIPS PK3,Minky Easy Fit Ironing board cover + Ironing Board Clips Bun,1.25833333333333,100
1467,BEAUFORT,BEAUFORT MEASURE ULTIMATE JUG 3LTR,Beaufort 3 Litre Ultimate Plastic Measuring Jug,1.25416666666666,50
1582,CLIPPER,GLAMOUR STUDIO NAIL CLIPPER SET,Manicure Set Glamour Gaze Manicure Pedicure Kit Nail Clipper,1.17166666666666,300
1610,GIFTMAKER,GIFTMAKER PENGUIN SANTA SACK,Giftmaker Collection Large Christmas Santa Sack Gift Stockin,1.15124999999999,100
1746,STATUS,STATUS UK VISITOR TRAVEL ADAPTER,"Status India to UK Power Adaptor, India to UK Travel Adapter",1.06166666666666,50
1890,STATUS,STATUS TV AERIAL LEAD 5M CABLE IN CDU,Status 15 Metre TV Aerial Cable Extension Kit | White | Exte,1.05499999999999,200
1620,MINKY,MINKY ANTIBACTERIAL 4 SPONGE SCOURERS HD,Minky Anti-Bacterial Cleaing Pad | 3 Pack | Reusable Microfi,1.045,700
1733,GIFTMAKER,GIFTMAKER CHRISTMAS NON WOVEN SANTA SACK SPECIAL DELIVERY,Giftmaker Collection Large Christmas Santa Sack Gift Stockin,1.04124999999999,100
2193,PYREX,PYREX AIR FRYER SQUARE DISH 20X17CM,PYREX PREPWARE â€“ Square Glass Dish 20 x 17 cm â€“ 1 L,1.03625,50
1710,PAN AROMA,PAN AROMA POTPOURRI ASSORTED 180G,Pan Aroma Set Of 4 Pot Pourri Fragrance - Berries Fluffy Tow,1.03,200
1711,PAN AROMA,PAN AROMA POTPOURRI ASSORTED,Pan Aroma Set Of 4 Pot Pourri Fragrance - Berries Fluffy Tow,1.03,200
1727,AMTECH,AMTECH SHARPENING STONE 2000,"Amtech E2300 300mm (12"") Cigar Sharpening Stone",1.0175,50
1651,MINKY,MINKY CLOTH GRILL AND PAN SCOURER 2PK,Minky Anti-Bacterial Cleaing Pad | 3 Pack | Reusable Microfi,1.015,700
1861,GIFTMAKER,GIFTMAKER CHRISTMAS BASIC SANTA SACK,Giftmaker Collection Large Christmas Santa Sack Gift Stockin,0.931249999999999,100
2207,KILNER,KILNER BOTTLE SQUARE 1LTR,"Kilner Clip Top Bottle, 1 Litre",0.910416666666666,50
2166,KILROCK,KILROCK DAMP CLEAR REFILL POUCH 1KG (2x500g),Kilrock Damp Clear Moisture Trap Refill - Pack of 5 x 500 gr,0.898749999999999,400
1718,TIDYZ,TIDYZ 50 WHITE PEDAL BIN LINERS+HANDLE 15L,Tidyz 3 Packs Of 40 White Plastic Disposable Pedal Bin Liner,0.885,50
2259,APOLLO,APOLLO WOODEN DISH STAND,"APOLLO 1684 Wooden dish drainer, Wood, 40x34x4",0.884166666666666,50
2178,ROLSON,ROLSON CLAW HAMMER FIBREGLASS 8OZ,Rolson 11201 8oz Stubby Claw Hammer,0.861666666666667,300
1873,MINKY,MINKY SUPER DIAMOND SCRUBBER,Minky Anti-Bacterial Cleaing Pad | 3 Pack | Reusable Microfi,0.845,700
2124,DRAPER,DRAPER SINK PLUNGER 135MM,Draper Drain Rod Plunger Attachment 4'' | Heavy Duty Outside,0.821666666666667,50
2228,ROLSON,ROLSON PLASTERING TROWEL 280X115MM,"Rolson 52245 Smooth Plastering Trowel, Multi, 280 x 120 mm",0.741666666666666,100
2283,BAKER,BAKER & SALT SWISS ROLL TRAY,Baker & Salt Non-Stick Swiss Roll Tray 32 x 23.5 x 1cm,0.717916666666666,600
1929,APOLLO,APOLLO BALLOON WHISK,"Apollo Whisk Rainbow, silicone, 26cm, 25x6x6",0.683333333333334,200
1881,TIDYZ,TIDYZ FOOD BAG 300PCS,600 TidyZ Food Freezer Bags with TIe Handles. Large Kitchen ,0.658333333333334,400
2383,KILROCK,KILROCK SERVICE-PRO COFFEE MACHINE DESCALER 150ML(SOLD EACH),Kilrock Service Pro Coffee Machine Descaler & Cleaner 2 x 15,0.632083333333333,100
2213,AMTECH,"AMTECH POINTING TROWEL 150M(6"") WITH SOFT GRIP","Amtech G0230 150mm (6"") Pointing trowel with soft grip",0.625416666666666,50
1920,TIDYZ,TIDYZ FREEZER BAGS 100 PCS XLLARGE,100 TidyZ Large Slide Zip Freezer Bags. Resealable. Zip Lock,0.608333333333334,900
2108,MINKY,MINKY ALL PURPOSE CLOTH PK10,Minky Anti-Bacterial Cleaing Pad | 3 Pack | Reusable Microfi,0.595,700
2583,PYREX,PYREX BUTTERFLY RECTANGULAR DISH SET OF 2,Pyrex - Set of 3 Rectangular Oven Dishes - Ideal for 2 to 6 ,0.588333333333333,400
2441,EVERBUILD,EVERBUILD JET RAPID SET CEMENT 3KG,"Everbuild Jetcem Deep Rapid Repair Sand and Cement, Grey, 6 ",0.574999999999999,50
2448,WHAM,WHAM CRYSTAL 32LTR CLEAR UNDERBED BOX&LID,Wham Clear Plastic Storage Box Boxes With Lids Home Office S,0.548333333333334,50
2342,AMTECH,AMTECH TELESCOPIC PICKUP TOOL,Amtech S8006 3 LED telescopic torch and magnetic pick up too,0.541666666666667,100
2352,BEAUFORT,BEAUFORT SQ FOOD CONTAINER 13 LTR,Beaufort 13 Litre New SQUARE FOOD & CAKE CONTAINER WITH CLEA,0.505833333333334,200
2064,FAIRY,FAIRY MAX POWER TEARDROP SCOURER,Addis Fairy Originals Non Scratch General Dual Sponge Scoure,0.491666666666667,100
2065,FAIRY,FAIRY DUAL SPONGE SCOURER WITH CRYSTALS PK2,Addis Fairy Originals Non Scratch General Dual Sponge Scoure,0.491666666666667,100
2375,MASON CASH,MASON CASH MUG 450ML CREAM,Mason Cash Colour Mix Cream Mixing Bowl | 2.7 Litre Capacity,0.471666666666667,100
2248,MINKY,MINKY EVERYDAY SPONGES BRIGHT & GOLD 2PC,Minky Anti-Bacterial Cleaing Pad | 3 Pack | Reusable Microfi,0.465,700
2249,MINKY,MINKY BRITES FLAT SCOURING PAD 4PC,Minky Anti-Bacterial Cleaing Pad | 3 Pack | Reusable Microfi,0.465,700
2096,APOLLO,APOLLO VINEGAR SHAKER,"apollo THE HOUSEWARES BRAND 3357 Glass Vinegar Shaker, Clear",0.463333333333332,50
2432,ROLSON,ROLSON BALL ENDED HEX SCREWDRIVER 7PC BITS,"Rolson 51 pc Screwdriver & Bit Set (Chrome Vanadium Steel, S",0.428333333333333,400
2411,KILROCK,KILROCK MOULD & MILDEW REMOVER BRUSH ON GEL 250ML(SOLD EACH),Kilrock Mould Remover Brush-On Gel 2 x 250ml - Eliminates Mo,0.426666666666666,200
2214,FAIRY,FAIRY MAX POWER SOAP DISPENSING DISH BRUSH & REFILLS 3PCS,Fairy Soap Dispensing Dish Brush,0.425,50
2523,BAKER,BAKER & SALT LOOSE CASE CAKE TIN 23CM,Baker & Salt Loose Based Round Cake Tin Deep - 09inch,0.404583333333332,50
2269,KILNER,KILNER PRESERVE JAR 0.25LTR SCREW LID,Kilner Preserve Jar 0.25L (250ml) Round Glass Screw Top Lid ,0.403333333333333,50
2332,MINKY,MINKY ANTI BACTERIAL MICROFIBRE ROLLS 4PC,Minky Anti-Bacterial Cleaing Pad | 3 Pack | Reusable Microfi,0.395,700
2607,CLIPPER,CLIPPER BUTANE GAS PK12,Clipper Butane Gas 12 pcs Canister 300ml - Universal Refill ,0.389583333333331,100
2243,CHEF AID,CHEF AID PASTRY CUTTERS  W184,"Chef Aid Pastry Cutters, Set Of 3, Cookie Biscuit Cutter, Sc",0.384999999999999,800
2529,MINKY,MINKY WASHING LINE PROP SUREGRIP,Minky Retractable Reel Washing Line with 15 m of Drying Spac,0.381666666666666,200
2272,APOLLO,APOLLO SILICON WHISK SPLASH 25CM,"Apollo Whisk Rainbow, silicone, 26cm, 25x6x6",0.373333333333333,200
2389,AMTECH,AMTECH TROWEL MARGIN - SOFT GRIP5X2,"Amtech G0230 150mm (6"") Pointing trowel with soft grip",0.351666666666667,50
2506,WHAM,WHAM CRYSTAL CD BOX CLEAR,Wham Pack 5 Crystal 17L Box & Lid Clear,0.348333333333334,50
2370,TALA,TALA DISPOSABLE ICING BAGSX10,Tala Icing Bag Set with 8 Interchangeable Stainless Steel Pi,0.266666666666667,200
2291,BEAUFORT,BEAUFORT MEASURE ULTIMATE JUG 2LTR,Beaufort - 2 Litre Clear Plastic Measuring Jug,0.252083333333333,200
2274,TALA,TALA COCKTAIL STICKS 200,"Tala Bamboo Cocktail Sticks, Ponted End Cocktails Sticks Per",0.251666666666667,50
2624,PYREX,PYREX ESSENTIALS CASSEROLE OVAL 4.1LTR,"Pyrex Essentials Glass oval Casserole high resistance, 3 L",0.213750000000001,100
2532,AMTECH,AMTECH BOX SPANNER /TOMMY BAR,Amtech K1150 6 Piece Tubular Box Spanner Set with Tommy bar,0.207083333333334,50
2431,CHEF AID,CHEF AID PASTRY BRUSH 3 IN 1 CARDED,"Chef Aid Pure Bristle Pastry Brush, Beige",0.164999999999999,400
2630,THERMOS,THERMOS ECO COOL 6 CAN COOL BAG NAVY 3L,Blue Thermos Eco Cool 6 Can Cool Bag (111416),0.164999999999999,200
2603,APOLLO,APOLLO RB CUTTING BOARD 30X20,"Apollo 3245 RB Bread Board 30cm Round, Multi-Colour, 30x1.8x",0.158333333333333,100
2569,EVERBUILD,EVERBUILD ONE STRIKE FILLER 250ML,Everbuild â€“ One Strike â€“ Multi-Purpose Quick-Drying Fill,0.151666666666667,500
2562,HARRIS,HARRIS PUTTY KNIFE,Harris Seriously Good Putty Knife,0.134166666666667,50
2595,KILROCK,KILROCK PLUGHOLE FRESHENER CITRUS FRESH 500ML(SOLD EACH),Kilrock Plughole Unblocker Bathroom 500ml 2 Pack - Fast-Acti,0.115416666666666,50
2502,CLIPPER,BABY PIPKIN NAIL CLIPPERS & SCISSORS SET,"Vicloon Baby Nail Kit, 4-in-1 Baby Nail Care Set, Baby Nail ",0.115,200
2615,MASON CASH,MASON CASH CERAMIC RECT DISH 16cm,Mason Cash 2001.542 Collection Fine Stoneware Square Roastin,0.101666666666666,50
2598,CHEF AID,CHEF AID STRAINER DIAMETER 18CM,"Chef Aid 18cm Long Handled Metal Sieve, Kitchen Essential To",0.0833333333333337,200
2617,FAIRY,FAIRY MAX POWER SOAP DISPENSING DISH BRUSH,Fairy Soap Dispensing Dish Brush,0.0550000000000003,50
2658,WHAM,WHAM CRYSTAL 160LTR CLEAR BOX & LID,"Wham Pack of 2 Crystal Storage Boxes with Lids, Plastic, 80L",0.0504166666666676,300
2645,STATUS,STATUS 3WAY BASIC C/FREE SOCKET WHT 1PK CLAM,STATUS 2 Way Socket | 2 USB Port Cable Free Socket | S2W2USB,0.0400000000000002,200
2638,CHEF AID,CHEF AID SHOT GLASSES ASSORTED 20PCE,"Chef Aid Multi-Coloured Plastic Shot Glasses, Pack of 20 Reu",0.0300000000000009,600
2652,ROLSON,ROLSON CHALK LINE AND LAYOUT SET 3PCE,Rolson 52537 3 pc Chalk Line Set,0.0233333333333336,50
2639,WHAM,WHAM MEASURING JUG 2LTR,"Wham Cuisine 2L Clear Measuring Jug,JNS_453403",0.0179166666666669,100
2659,CHEF AID,CHEF AID FLUTED CAKE RING,"Chef Aid Non-Stick Fluted Cake Pan with Non-Stick Coating, I",0.0125000000000004,200
