,EAN,EAN_OnPage,ASIN,SupplierTitle,AmazonTitle,SupplierPrice_incVAT,SellingPrice_incVAT,NetProfit,ROI %,bought_in_past_month
0,5053249248073,,B0D4N6R7YG,151 WHITE NO-DRIP GLOSS PAINT 300ML,"LG OLED48C45LA 48-Inch OLED Evo 4K UHD Smart TV, (Î±9 AI Processor Gen7, Dolby Atmos, Freeview Play and Amazon Alexa, 120Hz), Umber Brown [Model 2024]",2.484,848.0,595.636666666666,22734.223918575,500
26,5900627061383,198153749706.0,B0DRPCJDWW,AIRWICK CANDLE VANILLA & BROWN SUGAR 105G PK6,Lenovo Idea Tab Pro Android Tablet | 12.7 inch Full HD Display | MediaTek Dimensity 8300 | 128GB | Wi-Fi 6 | 8GB RAM | Luna Grey + Pen,10.7399999999999,354.99,258.235,2718.26315789473,300
52,8006540937594,4242003943359.0,B0BXLRLC9T,FAIRY WASHING UP LIQUID MAX POWER ORIGINAL 440ML PK8,"SIEMENS EQ6 plus S300, Fully Automatic Bean to Cup Espresso Coffee Machine with Cappuccinatore milk system, 11 beverages, Ceramic Grinder, Large Touchscreen Display, TE653M11GB, Titanium",14.772,381.65,241.011666666666,1874.11871435977,200
1,5033601010654,,B0F43JDYKX,EUROWRAP GIANT BIRTHDAY BADGE GIRL 3,"Motorola edge 60 fusion, Pantone Slipstream, Moto AI Smartphone, 50MP Sony LYTIA Camera, with Co2 offset",0.744,299.99,208.912916666666,17855.8048433048,100
78,5025301737399,,B0FJ1RGCSP,CHRISTMAS MUSICAL SNOW GLOBE CHRISTMAS SANTA,"Cordless Vacuum Cleaner, 600W 50KPA 65Mins Cordless Stick Vacuum with Touch Screen AUTO-Mode, Pet Tool &1M Hose, Wall-Charging, Fragrance Release, Powerful Vacuum for Floors/Carpets/Pet Hair UK Homes",8.868,169.99,110.059583333333,1386.14084802686,900
141,4894158102466,,B09VPPS96M,FESTIVE MAGIC LED LIGHTS 500 CLEAR CABLE WHIT,"Andonstar AD246S-M HDMI Digital Microscope - 2000x, 3 Lens 2160P UHD Video Record, 7 Inch LCD Soldering Microscope",13.4279999999999,169.99,106.259583333333,905.107183418512,50
2,5015302457396,5056275754877.0,B081JT9XRT,RSW BRIGHTS WASHING UP BOWL,"Hyundai Petrol Backpack Leaf Blower, 170mph, 52cc 2 Stroke Engine With Support Harnesses, Anti-vibration, 55 Mins Per Litre Of Fuel",1.14,158.8,98.0233333333333,6534.88888888889,100
11,8003653005004,,B01KWWYF6A,TONKITA TOILET BRUSH & HOLDER,"Nespresso Citiz Coffee Machine by De'Longhi for Original Coffee Pods, Italian Inspired Espresso, Quality Coffee, Starter Capsule Set Included, EN167.B, Black",2.112,139.0,93.7383333333333,4057.9365079365,900
41,8003653033670,,B01KWWYF6A,TONTIKA BROOM & HANDLE MAXI OUTDOOR,"Nespresso Citiz Coffee Machine by De'Longhi for Original Coffee Pods, Italian Inspired Espresso, Quality Coffee, Starter Capsule Set Included, EN167.B, Black",4.596,139.0,91.6683333333333,2092.88432267884,900
21,5030017011138,,B0FB36DTHD,PANASONIC UPRIGHT   SDB113,"ElecKeys Cordless Vacuum Cleaner,65 Mins 580W 48KPa 1.8L Vacuum Cleaners for Home,Self-Standing Anti-Tangle Vacuum,Handheld Vacuum Cleaner Rechargeable Wall-Mounted for Carpets Floors Pet Hair",2.616,144.99,90.505,3315.20146520146,300
4,5015302203115,,B017N6IF5U,WORLD OF PETS TOY BALL LAUNCHER 62CM ASSORTED,PetSafe Automatic Ball Launcher Dog Toy â€“ Tennis Ball Throwing Machine for Dogs â€“ Indoor or Outside Play â€“ Easy-Open Packaging,1.344,130.0,88.0033333333333,5269.66067864271,50
17,5055706641151,717710483480.0,B0FGHZB8FM,PROKLEEN SPUNLACE FLOOR MOP & HANDLE,"Oversize Turbo Dryer Blower,Car Accessories,Max Instantaneous Thrust 1.60KG,4 Speeds,64MM Super Big Electric Cordless Air Blower for Leaf,Patio Cleaning,Lawn Care & Car Drying (Shining Black)",2.088,129.0,82.42,3599.12663755458,50
20,5055297302240,717710483480.0,B0FGHZB8FM,PLUNGER BUFFALO MINI PLUNGER,"Oversize Turbo Dryer Blower,Car Accessories,Max Instantaneous Thrust 1.60KG,4 Speeds,64MM Super Big Electric Cordless Air Blower for Leaf,Patio Cleaning,Lawn Care & Car Drying (Shining Black)",2.196,129.0,82.33,3459.24369747899,50
7,5010353328800,5065018907005.0,B0D3M53JGG,MINKY CURVE SCOURER 2PC,"Powerful 2200W Premium Garment Steamer with 3L Water Tank, Dual Steam Settings for Rapid Wrinkle Release, Suitable for All Fabrics Including Delicates, Updated Design, Fridja f1200 Clothes Steamer Pro",1.524,132.99,82.135,4512.91208791208,100
27,5055706641182,717710483480.0,B0FGHZB8FM,PROKLEEN CHENILLE FLOOR MOP & EXTENDABLE HANDLE,"Oversize Turbo Dryer Blower,Car Accessories,Max Instantaneous Thrust 1.60KG,4 Speeds,64MM Super Big Electric Cordless Air Blower for Leaf,Patio Cleaning,Lawn Care & Car Drying (Shining Black)",3.024,129.0,81.64,2659.28338762215,50
47,5055706641137,717710483480.0,B0FGHZB8FM,DLUX PRO KLEEN 2 IN 1 MICROFIBRE FLAT MOP WITH HEAD CHENILLE,"Oversize Turbo Dryer Blower,Car Accessories,Max Instantaneous Thrust 1.60KG,4 Speeds,64MM Super Big Electric Cordless Air Blower for Leaf,Patio Cleaning,Lawn Care & Car Drying (Shining Black)",4.296,129.0,80.58,1951.08958837772,50
51,5013174012392,717710483480.0,B0FGHZB8FM,WET FLOOR SIGNS ABBEY,"Oversize Turbo Dryer Blower,Car Accessories,Max Instantaneous Thrust 1.60KG,4 Speeds,64MM Super Big Electric Cordless Air Blower for Leaf,Patio Cleaning,Lawn Care & Car Drying (Shining Black)",4.44,129.0,80.46,1893.17647058823,50
55,5010353324291,717710483480.0,B0FGHZB8FM,MINKY FLAT MOP,"Oversize Turbo Dryer Blower,Car Accessories,Max Instantaneous Thrust 1.60KG,4 Speeds,64MM Super Big Electric Cordless Air Blower for Leaf,Patio Cleaning,Lawn Care & Car Drying (Shining Black)",4.704,129.0,80.24,1795.07829977628,50
59,5055706650139,,B07XWSM8XY,SOZALI KILPSEAL SQUARE CONTAINERS 2.0/1.2/0.7 LTR,"Square Terminal - Card reader for accepting Contactless, Chip & PIN, Debit Cards, and Credit Cards - Take payments, print receipts, and run your business - UK Version",4.776,117.89,76.5654166666666,1690.18579838116,100
38,5056239432094,,B0FPXDNJ1T,SPRAY ADHESIVE HEAVY DUTY 500ML,LEGO | Marvel Iron Man Mark 3 Collectors' Edition Figure - Avengers Display Model Kit for Adults - incl. a Minifigure & Arc Reactor - Collectible Gift for Fans - 76344,3.36,119.97,74.475,2223.1343283582,200
185,5010303031057,5065018907005.0,B0D3M53JGG,ADDIS LONG HANDLE DUSTPAN & BRUSH,"Powerful 2200W Premium Garment Steamer with 3L Water Tank, Dual Steam Settings for Rapid Wrinkle Release, Suitable for All Fabrics Including Delicates, Updated Design, Fridja f1200 Clothes Steamer Pro",11.4119999999999,132.99,73.895,734.542743538767,100
231,5026180062084,717710483480.0,B0FGHZB8FM,APOLLO WOOD NAIL BRUSH PK24,"Oversize Turbo Dryer Blower,Car Accessories,Max Instantaneous Thrust 1.60KG,4 Speeds,64MM Super Big Electric Cordless Air Blower for Leaf,Patio Cleaning,Lawn Care & Car Drying (Shining Black)",13.2359999999999,129.0,73.13,631.519861830742,50
338,5055490625818,717710483480.0,B0FGHZB8FM,ONYA DINNER SET 16 PIECES 4 MUGS 4 BOWLS 4 DINNER PLATES 4 SIDE PLATES SEIZE THE DAY POPPY,"Oversize Turbo Dryer Blower,Car Accessories,Max Instantaneous Thrust 1.60KG,4 Speeds,64MM Super Big Electric Cordless Air Blower for Leaf,Patio Cleaning,Lawn Care & Car Drying (Shining Black)",17.136,129.0,69.88,471.207012811867,50
18,5055441451442,5702017583471.0,B01N1O0F2K,DEKTON RIGHT ANGLE BRACKETS 8PCS,"LEGO 10327 Icons Dune Atreides Royal Ornithopter, Model Kit for Adults to Build, Movie-Themed Aviation Gifts for Men, Women, Him, Her, Vehicle Set with 8 Minifigures Inc. Chani & Baron Harkonnen",1.68,112.5,69.53,3565.64102564102,100
22,5012213580601,,B08KYJWQPV,TOM SMITH CHRISTMAS CARDS LUXURY SLIM FOLIAGE TEXT,Nilfisk Core 130 Bar High Pressure Washer with Power Control - Mini Power Washer for Patios and Car Cleaner (1500 W),2.016,104.67,69.50125,3116.64798206278,50
221,5025301388218,,B0FPXDNJ1T,BAUER STRAIGHTENER BRUSH 38820 BLACK 21.04,LEGO | Marvel Iron Man Mark 3 Collectors' Edition Figure - Avengers Display Model Kit for Adults - incl. a Minifigure & Arc Reactor - Collectible Gift for Fans - 76344,11.76,119.99,67.4916666666666,652.093397745571,100
3,5050565845627,,B0DN6BWS36,I LOVE YOU BALLOON 40CM,"Mould King V8 Engine Building Blocks Set, 2250 PCS Combustion Engine Model Kit That Runs, Mini Engine for Adults with Battery, Engineering Construction STEM Toy for Boys Girls",0.804,99.99,67.19625,5507.88934426229,50
30,8414926510185,,B0DN6BWS36,SQUARE CANISTER CLASSIC 1.6L SURT VRM,"Mould King V8 Engine Building Blocks Set, 2250 PCS Combustion Engine Model Kit That Runs, Mini Engine for Adults with Battery, Engineering Construction STEM Toy for Boys Girls",2.508,99.99,65.77625,2491.52462121212,50
14,5414886287533,,B0002HZPUG,EASY STORAGE VACUUM BAG 70X100CM,John Deere Ride-on Tractor with Loader and Detachable Trailer,1.476,114.99,65.675,3689.60674157303,100
6,5056170346795,,B0DWDWJTY6,ARTIST PAINT BRUSHES 10PC,"LEGO Ç€ Marvel Spider-Man vs. Oscorp - Interactive Toy with a Motorbike, 8 Minifigures incl. Miles Morales & Green Goblin - Collectible Super Hero Gift for 10+ Year Old Boys & Fans - 76324",1.008,97.99,65.6095833333333,4720.1139088729,400
35,5016574137825,,B0DN6BWS36,LYNWOOD MINI ROLLER SET 5PACK,"Mould King V8 Engine Building Blocks Set, 2250 PCS Combustion Engine Model Kit That Runs, Mini Engine for Adults with Battery, Engineering Construction STEM Toy for Boys Girls",2.82,99.99,65.51625,2259.18103448275,50
9,5022822226623,889328733407.0,B086ZJ8N2T,STATUS LED G9 2W LED CAPSULE BULB EACH,"17.5"" Portable DVD Player with 15.6"" Large HD Swivel Screen, 6 Hours Rechargeable Battery, Support USB/SD Card/Sync TV and Multiple Disc Formats, No Region Restrict, High Volume Speaker, Black",1.14,94.02,64.85,4323.33333333333,500
64,5016679520003,,B0DTKDYJ8J,BIRDBRAND S/WASH R/T/USE EACH 5LT,"2K Bird Feeder with Camera, Solar Powered, AI Identify 10,000+ Birds, 1.8L Capacity, IP65 Waterproof, 2.4GHz/5GHz, Bird Box Camera with Full Color Night Vision, Present for Bird Lover",4.02,99.99,64.51625,1654.26282051282,400
1388,3840125120262,5060913008857.0,B0FDLDHZTC,KITCHEN KING ALUMINIUM POT GLORIOUS SET 5PC,Stainless Steel Pots and Pans Set â€“ 17pcs Cookware with Glass Lids â€“ Induction Hob Pot Set â€“ Cooking Saucepan Pots & Frying Pan Set â€“ by Nuovva,69.624,189.99,63.295,108.067269933413,100
103,8720573453752,,B0DN6BWS36,BBQ TONGS,"Mould King V8 Engine Building Blocks Set, 2250 PCS Combustion Engine Model Kit That Runs, Mini Engine for Adults with Battery, Engineering Construction STEM Toy for Boys Girls",5.844,99.99,62.99625,1162.29243542435,50
102,5021961195296,,B0DN6BWS36,SABICHI HADEN KITCHEN DIGITAL SCALE RED 5KG,"Mould King V8 Engine Building Blocks Set, 2250 PCS Combustion Engine Model Kit That Runs, Mini Engine for Adults with Battery, Engineering Construction STEM Toy for Boys Girls",5.844,99.99,62.99625,1162.29243542435,50
5,5060082728921,705736912404.0,B0DN6BWS36,DLUX PEGS WITH SOFT RUBBER GRIP PLASTIC LARGE 12 PIECES,"Mould King V8 Engine Building Blocks Set, 2250 PCS Combustion Engine Model Kit That Runs, Mini Engine for Adults with Battery, Engineering Construction STEM Toy for Boys Girls",0.768,99.99,62.165,5223.94957983193,50
8,5060082727214,705736912404.0,B0DN6BWS36,STARWASH CLOTHES LINE 30M,"Mould King V8 Engine Building Blocks Set, 2250 PCS Combustion Engine Model Kit That Runs, Mini Engine for Adults with Battery, Engineering Construction STEM Toy for Boys Girls",1.008,99.99,61.965,4457.91366906474,50
315,6294015561241,,B08CKTB6Z4,GEEPAS RECHARGEABLE PORTABLE BLENDER BLUE 330ML GSB44111UK-BL,AMZCHEF Blender Smoothie Maker - 2000W Commercial Blender with 2L BPA Free Container - 25000RPM High Speed blender with 8 Speeds Control for kitchen - 4 Presets for Ice/Juice/Smoothie/Nuts,13.2359999999999,110.49,58.185,502.461139896373,100
234,5021961172587,705736912404.0,B0DN6BWS36,SABICHI  SLIMLINE PEDAL BIN 5LT,"Mould King V8 Engine Building Blocks Set, 2250 PCS Combustion Engine Model Kit That Runs, Mini Engine for Adults with Battery, Engineering Construction STEM Toy for Boys Girls",9.792,99.99,54.645,627.382319173364,50
10,5012904079582,,B0FLXV5TG6,CHEF AID LANC PEELER PLASTIC HAND,"NiwNiw Heavy Duty Trailer Hitch Lock with Forged Steel Safety Ball Ifor Williams Knott Avonride 50mm Head (575003/575004/575005/575008),High Security Anti-Theft Caravan Tow Bar Coupling Lock",0.852,81.98,54.3991666666666,4317.39417989418,50
19,5012904018475,,B0FLXV5TG6,TALA STAINLESS STEEL TOWEL HOLDER,"NiwNiw Heavy Duty Trailer Hitch Lock with Forged Steel Safety Ball Ifor Williams Knott Avonride 50mm Head (575003/575004/575005/575008),High Security Anti-Theft Caravan Tow Bar Coupling Lock",1.164,81.98,54.1391666666666,3561.78728070175,50
337,4008455546322,705736912404.0,B0DN6BWS36,DR BECKMANN COFFEE MACH TABS 6S PK6,"Mould King V8 Engine Building Blocks Set, 2250 PCS Combustion Engine Model Kit That Runs, Mini Engine for Adults with Battery, Engineering Construction STEM Toy for Boys Girls",12.636,99.99,52.275,471.796028880866,50
16,5012904000425,659381335623.0,B0FLXV5TG6,CHEF AID MINI SPOUT BRUSH,"NiwNiw Heavy Duty Trailer Hitch Lock with Forged Steel Safety Ball Ifor Williams Knott Avonride 50mm Head (575003/575004/575005/575008),High Security Anti-Theft Caravan Tow Bar Coupling Lock",1.032,81.98,51.4166666666666,3646.57210401891,50
24,5038673411309,,B0FM3GQ9VQ,PRIMA PET BALL LAUNCHER 50CM,"Pet Prime Automatic Ball Launcher for Large Dog, Rechargeable Cordless Interactive Ball Thrower Toy with Random Distance, Fetch Machine with 6 Durable 2.5"" E-TPU Balls & Dog Whistle",1.344,86.69,50.4016666666666,3018.06387225548,50
723,5060899563036,,B0DN6BWS36,FRAMED ART - MANCHESTER UNITED OLD TRAFFORD 70CM X 30CM,"Mould King V8 Engine Building Blocks Set, 2250 PCS Combustion Engine Model Kit That Runs, Mini Engine for Adults with Battery, Engineering Construction STEM Toy for Boys Girls",22.848,99.99,48.82625,249.24068402246,50
12,6923456819818,,B0DK877SSC,ADORN PLACEMAT GOLD EMBOSSED 37CM ASSORTED,EVER ADVANCED Luxury Camping Chairs for Adults Heavy Duty Loadable 150kg High Back Oversized Folding Garden Chair Padded 6cm Comfy with Cup Holder Side Pocket Dining Chairs 4-Position Recliner,0.804,69.99,45.9462499999999,3766.08606557376,100
15,5050565743725,,B0FGCSDMBW,CEMENT FLOWER POT WITH SUCCULENT CIRCLE 3 ASSORTED,"Sewing Machine for Beginners â€“ Portable Electric with 12 Built-In Stitch Patterns, 6 Presser Feet, Foot Pedal, 2-Speed Control, Fast Sewing for Clothes, Fabrics, DIY & Home Use",0.804,74.99,44.6016666666666,3655.87431693989,100
797,5054061446623,705736912404.0,B0DN6BWS36,RUSSELL HOBBS COLOGNE CUTLERY SET 16 PIECE,"Mould King V8 Engine Building Blocks Set, 2250 PCS Combustion Engine Model Kit That Runs, Mini Engine for Adults with Battery, Engineering Construction STEM Toy for Boys Girls",22.56,99.99,44.005,227.416020671834,50
13,4894158018552,,B0DNSWBYMZ,FESTIVE MAGIC BELLS 8PC ASSORTED,"Hazel Quinn x Eduardo Recife 2-Slice Toaster, 6 Browning Levels, Defrost/Reheat/Cancel Functions, Removable Crumb Tray for Easy Cleaning, 1.5-Inch Extra-Wide Slots, Retro Style Collaboration",0.672,69.99,41.565,3744.59459459459,50
23,5013922057019,,B0DB7DGKFK,PARTY CRAZY BALLOONS ASSORTED 20,"KODAK 10.1 Inch WiFi Digital Picture Frame with 32GB Storage, Electronic Smart Digital Photo Frame 1280x800 IPS Touch Screen, Auto-Rotate, Share Moments Instantly Gifts for Women Mothers Day Christmas",0.852,60.34,39.0708333333333,3100.85978835978,100
69,5053249228587,190781107095.0,B075QDW3BF,CARPRIDE PAINT SPRAY 400ML UNDER BODY SEAL,"HP CF541A 203A Original LaserJet Toner Cartridge, Cyan, Single Pack",2.352,64.99,38.8383333333333,1547.34395750332,100
84,5026180069403,,B0FCM9Z123,APOLLO GLASS CHOPPING BOARD CLEAR 28X38,Saker Cordless Leaf Blower Portable Dust Cleaner Handheld Blower 180000 RPM with Adjustable Speed for Lawn Care and Dust Patio Cleaning 2 Batteries Green with Case,2.76,69.99,38.055,1335.26315789473,100
158,5036029500349,54722799025.0,B0F7HN2YJZ,SILVERHOOK UNDER SEAL SPRAY 500ML,Unicorn Eclipse Ultra 2.0 Professional Dartboard | Venom Black Razor Spider | Hi-Vis Horizontal Numbers | Abyss Intense Vibrant Colour Longevity | Rotatable Symmetric Logos,4.824,69.95,37.3616666666666,817.541940189643,200
46,26102289587,4820184122314.0,B0D9W1S3Y5,DIWALI SOUP PLATE 20CM,"UGEARS V8 Engine 3D Wooden Puzzles for Adults - Wooden Model Kits for Adults to Build DIY Craft, for Engineers, 3D Puzzle Model Engine Kit, 3D Puzzles Adult Hobby Kit, Brain Teaser",1.548,60.8,36.5566666666666,1986.77536231884,200
60,3838952023870,4820184121324.0,B09LGTWHKF,PALOMA 2PLY IVORY 50 NAPKINS 40X40CM,"UGEARS Sky Watcher Tourbillon Table Clock - 3D Wooden Puzzles For Adults, Wooden Model Kits for Adults to Build - Astronomical Mechanical DIY 3D Puzzle Clock, 3D Puzzles Adult",1.872,60.15,35.635,1688.8625592417,100
57,5050565833266,705736241986.0,B0DBHJ5Q25,CEMENT ANIMALS WITH SUCCULENT 4 ASSORTED,"Mould King W16 Engine Building Blocks Set, Combustion Engine Model That Runs, Mini Engine Build Kit for Adults with Battery and Motor, STEM Toy for Children Boys Girl(952 Pcs)",1.728,58.99,35.0783333333333,1762.73031825795,100
29,6923456804005,,B09WDKDVZC,CAPPUCCINO CUP,"Tevlaphee Steering Wheel Lock with Alarm, 120dB, Wheel Spoke Width â‰¤2.75in, Battery Required, Crook Locks for Cars, Car Lock Anti-Theft Device, Heavy Duty",0.936,57.64,35.0733333333333,2637.09273182957,100
727,5025301365790,,B0B3F548G7,QUEST EXPRESSO COFFEE EXPRESSO MACHINE WITH MILK FROTHER,Quest 36569 Espresso Coffee Machine With Milk Frother / 1.2L Water Tank and Drip Tray/Steam Ready and Temperature Indicator/For Ground Coffee Beans / 15 Bars of Pressure,15.588,69.99,33.6262499999999,248.347488921713,500
207,8699303352828,5011423004662.0,B09HHNQ2L8,WENKEN FOOD PROCESSOR & BLENDER 2 IN 1,"Kenwood FDP65.180SI 2 in 1 Food Processor Multipro Express, Silver",5.232,66.49,33.4383333333333,681.025118805159,300
28,5060082728884,653391672419.0,B0734R66B4,DLUX WASHING BAG,"Tevlaphee Steering Wheel Lock, Steering Lock, Car Anti-Theft Device, Adjustable, Universal Fit, Heavy Duty Secure, 3 Keys, Emergency Hammer Window Breaker(Black)",0.852,48.81,33.315,2644.04761904761,100
656,5060194132869,,B0FXRHGXGZ,AIRPURE & FRESH TRIGGER SPRAY CITRUS ZING 250ML PK12,OLEVS Mens Wooden Watch Analog Quartz Stainless Steel Wirst Watches Luxury Dress Chronograph Waterproof Luminous Watches for Men Gift,13.4279999999999,68.0,32.6266666666666,277.910278250993,50
25,5050565569936,,B0DL47ZJR2,PAPER EASTER 10 PLATES 7 INCH,"Mould King V8 Engine Building Blocks Sets, 10171 MOC Scale Model Kit with Battery and Motor, Collectible Set for Adults, Construction Toys for Teens(487 Pcs)",0.744,50.99,32.5379166666666,2781.01851851851,100
54,5055319528559,,B0CNRQBMP8,PAINT FACTORY COLOUR IT SPRAY FLAT MATT WHITE 250ML,"Remote Control Car Building Set, 1:14 Technical Sports Racing Car Building Kit, with Motors and Rechargeable Battery, Toys Gift for Adults & Boys Age 12+ (1314 PCS)",1.476,54.99,32.335,1816.57303370786,200
61,5414886342003,5054061498677.0,B0BKL45BG4,MULTI MIXER 22CM ASSORTED,"Progress EK5234PTEAL Go Bake Stand Mixer- Large Electric Whisk with 4L Stainless Steel Bowl, 8 Speeds and Pulse Function, Mixing Beater, Dough Hook, and Whisk Attachments, Splash Guard, 1300W, Teal",1.644,60.92,32.2366666666666,1678.99305555555,100
203,5032759051380,,B0FGJ9JGSB,AMTECH RECHARGEABLE WORK LIGHT WITH MAGNETIC STAND 3W,"T-SUN Rechargeable LED Work Light with Metal Stand,4100Lumen Portable Magnetic Camping Light,10400Ah Battery,Job Site Lighting for Outdoor Barbecue Golf Fishing Indoor Workshop Garage",4.95599999999999,59.99,32.0216666666666,684.223646723646,100
290,5055490624705,,B084DQYNNM,PRO COOK ULTIMATE CARBON STEEL WOK 34CM,"YOSUKATA Carbon Steel Woks and Stir Fry Pans 34 cm - Traditional Chinese Japanese Wok with Flat Bottom - Compatible with Induction, Electric, Ceramic, Gas cooktops, and Open Flame, BBQ, Grill",6.31199999999999,59.99,31.2816666666666,538.410786001147,300
233,5034537034851,,B0DWSR1HK7,THE PET STORE FUNKY BIRD TRIO,"Smart Bird Feeder with Camera, Premium Bamboo Camera Bird Feeder, 2K HD Came Solar Powered, AI Auto Identify 16000+ Bird's Species, Bird Watching Camera for Bird Lovers",5.304,61.99,31.2183333333333,628.13547954393,100
250,5055441458601,5057902120010.0,B0DPR7Q4P5,DEKTON HANDLE MANHOLE KEY 2PC SET,"ROUGHNECKÂ® Universal Manhole Key Set, 13 Pieces: 2 Handles, 11 Keys (6 Types) and Carry Case",5.556,59.38,30.8933333333333,596.396396396396,100
49,5013174024821,705736243089.0,B0DL47ZJR2,ABBEY HAND SPRAY 750ML,"Mould King V8 Engine Building Blocks Sets, 10171 MOC Scale Model Kit with Battery and Motor, Collectible Set for Adults, Construction Toys for Teens(487 Pcs)",1.236,50.99,30.1616666666666,1908.96624472573,100
188,5029347603557,,B00IZMVQOO,EVERBUILD SEALANT STRIPOUT TOOL,Everbuild Super Flow Sealant/Adhesive Cartridge Applicator Gun with Rotating Barrel â€“ Soft Grip Handle â€“ For Cartridges Up to 310 ml,4.104,49.65,28.78875,725.157430730478,400
36,5050565712875,,B0D62LX8W5,SNOW WHITE CHRISTMAS RIBBON  SILVER,OLEVS Watches for Men Stainless Steel Analog Quartz Waterproof Luminous Luxury Dress Date Diamond Business Casual Mens Wrist Watchï¼ˆGold/Blue/Black/White Dialï¼‰,0.876,45.77,28.7304166666666,2244.56380208333,100
32,5056170340700,5060598911466.0,B09MZDW551,CHRISTMAS TAG BAUBLE WOODEN MINI 4PK,Belaco Oil Filled Radiators 11 Fins Portable Electric Heater Adjustable Thermostat Control 3 Heat Settings Portable Heater Overheat Protection 2500W Energy Efficient Heavy-Duty Castor,0.744,52.86,28.39,2426.49572649572,200
72,5019200246458,,B0DK1CSSN1,RODO WIRE BRUSH WITH SCRAPER 4 ROW,Work Boots Mens Womens Comfortable Steel Toe Cap Boots Lightweight Work Shoes Protective Puncture Proof Safety Footwear Industrial Safety Trainers with Swivel Buckle Shoelaces,1.596,48.99,28.105,1494.94680851063,100
58,8694169938483,,B07SG6C3BR,"IMPERIAL SOUP PLATE BLUE 8""","Denby - Imperial Blue Dinner Plates Set of 2 - Dishwasher Microwave Safe Crockery 26.5cm - Blue, White Ceramic Stoneware Tableware - Chip & Crack Resistant Large Plates",1.308,45.23,27.9879166666666,1706.58028455284,50
92,5026180016858,,B0BBGQ2GLZ,APOLLO WOODEN UTENSIL SET ASSTD,"Wooden Utensil Set - 10 Pcs Teak Wooden Spoon Kitchen Utensils Set for Nonstick Pans & Cookware. Non-Scratch, Heat Resistant, Comfortable Grip. Includes Cooking Spatula",2.004,45.99,27.94625,1258.84009009009,400
31,8711252476247,,B0FHK2CM5W,DUNLOP BIKE BRAKE CABLE INNER CABLE,"Peradix Wooden Chess Set, 19"" Large Foldable Chess Board Game with 3.75"" King & 2 Extra Queens, Professional Classic Chess Set for Adults and Kids",0.708,49.99,27.8683333333333,2444.59064327485,100
104,5019311965149,5060345836325.0,B01FJLXFIS,ROCKINGHAM FORGE SCISSORS 8INCH RED  (SP12),"Xpert - Defiant S3 Safety Dealer Boots. Pull On Chelsea Steel Toe Cap Shoes, Comfortable And Water Resistant Work Boots For Men With Midsole Design For Safety and Ankle Support",2.172,48.99,27.385,1160.3813559322,100
37,5050565512352,,B0D62LX8W5,LOVE SCENTED WAX MELTS,OLEVS Watches for Men Stainless Steel Analog Quartz Waterproof Luminous Luxury Dress Date Diamond Business Casual Mens Wrist Watchï¼ˆGold/Blue/Black/White Dialï¼‰,0.804,45.77,27.2816666666666,2236.20218579234,100
48,6260573000843,5038061143195.0,B0BGK57HPC,OPAL SQUARE SOUP PLATE WHITE,"George Foreman Immersa Medium Electric Grill [Removable Control Panel allows grill machine to be fully washable & dishwasher safe, Energy saving, Healthy, Toastie, Panini, Hot plate, BBQ] Black 28310",1.02,49.5,27.0999999999999,1935.71428571428,400
70,5056239428110,,B09CFWG6BV,SHOWER CURTAIN PRINTED,Mostop RC Bulldozer Toy 1/16 Scale 9 Channel RC Front Loader Tractor Fully Functional 2.4Ghz Remote Control Bulldozer RC Construction Vehicles Truck Toy Gift with Light and Sound for Kids 8+,1.476,49.99,26.9383333333333,1513.38951310861,50
573,5011251280368,5060916370364.0,B0CLH8FTC9,MOP HEAD PLASTIC OPTIMA NO14 PK10,"Hamilton Beach Pro Smart Waffle Maker, Non-Stick, 7 Browning Levels, 5 Programmes, Family Size, Digital Display, Overflow Protection - HB5403T, Silver",9.876,59.99,26.9116666666666,306.511009870918,200
171,4891342311024,,B0B1J8FDB7,SUNNEX STAINLESS STEEL TABLE FORKS PK12 05/11,"Electric Train Sets for Boys Girls Metal Alloy Christmas Toys Steam Locomotive, Passenger Carriages, Tracks, Light & Sounds Rechargeable Birthday Gifts for Kids 3 4 5 6 7 8 + Years Old Greenâ€¦",3.384,49.99,26.3583333333333,782.146389713155,200
34,6923456812901,198715902921.0,B0DK877SSC,PLATE 10.5 INCH ASSORTED,EVER ADVANCED Luxury Camping Chairs for Adults Heavy Duty Loadable 150kg High Back Oversized Folding Garden Chair Padded 6cm Comfy with Cup Holder Side Pocket Dining Chairs 4-Position Recliner,0.672,49.99,26.1283333333333,2353.9039039039,50
74,5018705345147,,B0BPLGMW1B,CHARGER PLATE SILVER REDBUD 33CM,OLEVS Mens Watches Designer Calendar Dress Metal Stainless Steel Quartz Analog Waterproof Luminous Wrist Watch Gent Large,1.476,42.77,26.1054166666666,1466.59644194756,100
181,5015934769133,,B09S64687W,JUNIOR ART EASEL,"Dripex Kids Easel, Children's Wooden Art Easel Foldable, Double-Sided Magnetic Blackboard & Whiteboard for Kids and Toddlers, Chalkboard with Painting Art Supplies",3.54,44.99,25.9579166666666,741.654761904761,100
45,5052578022309,,B0BPLGMW1B,BETTINA SPONGE CELLULOSE 3 SCOURER,OLEVS Mens Watches Designer Calendar Dress Metal Stainless Steel Quartz Analog Waterproof Luminous Wrist Watch Gent Large,0.852,42.77,25.1916666666666,1999.33862433862,100
40,5050796011778,,B0C7FJY9SL,BRIGHT & HOMELY STAINLESS STEEL SCOURER 4 PIECES,"Pristar Remote Control Car Hand Gesture Controlled Car, 1:14 RC Stunt Auto 360Â° Rotation 3 Control Methods 2.4 GHz Drift Glove Controlled Cars Gift Toy for Kids Boy Girls Age 5 6 7 8 9 10 11 12",0.744,42.99,24.965,2133.76068376068,400
33,5056170355988,,B0D25HS86F,CHRISTMAS VELVET COLOURING SET 2PC,"KableRika LED Desk Lamp for Office, Double Head Desk Lamp with Base, Dimmable Architect Desk Light, Eye Caring Monitor Light Bar with Timer, Task Lamp for Work Study Read Home Office Lighting",0.6,39.99,24.86625,2368.21428571428,200
42,5019923202892,,B0CQP7TT72,SECURPAK POZI COUNTERSUNK SCREWS ZP 5X60MM,"Premium Baby Toys for 6-18 Months, 8 in 1 Montessori Toys Set, Educational Learning Toys for Toddlers 1-3 Years Old Trendy Babies Gifts for Boys & Girls",0.792,39.99,24.70625,2041.8388429752,50
44,11179859771,,B0CQP7TT72,HAPPY 6TH BIRTHDAY BANNER BLUE 9FT,"Premium Baby Toys for 6-18 Months, 8 in 1 Montessori Toys Set, Educational Learning Toys for Toddlers 1-3 Years Old Trendy Babies Gifts for Boys & Girls",0.804,39.99,24.69625,2024.28278688524,50
39,11179373161,,B0FP2P7WNL,UNIQUE CANDLE NUMBER W/DECOR 6,"Lehoo Castle Dino Construction Truck Sit and Spin Toys for Toddlers 1-3 Boys, 360Â° Toddler Spinning Seat with Lights and Music, Sensory Toys Christmas Birthday Gift for Kids Age 2 3 4 5",0.708,45.99,24.655,2162.71929824561,300
56,5017403134084,,B076LL6Z8D,ASHLEY 2 PCE SHOESHINE SET,"Stone & Clark 12PC Shoe Polish & Care Kit, Leather Shoe Shine Kit with Brown Wax, Shoe Brushes for Polishing",1.008,39.99,24.52625,1764.47841726618,100
65,3838952032452,48296309469.0,B07CT3TVNT,PALOMA CHRISTMAS NAPKINS 3 PLY 20 PACK ASSORTED DESIGNS,"Laplink PCmover Professional 11 - Migration of your Applications, Files and Settings from an Old PC to a New PC - Data Transfer Software - Optional High Speed Ethernet Cable - 1 License",1.14,41.95,24.3983333333333,1626.55555555555,100
81,8435123280763,48296309469.0,B07CT3TVNT,COK LATTE GLASS 25CL 2PK,"Laplink PCmover Professional 11 - Migration of your Applications, Files and Settings from an Old PC to a New PC - Data Transfer Software - Optional High Speed Ethernet Cable - 1 License",1.476,41.95,24.1183333333333,1354.96254681647,100
89,5052516111348,,B0FS1K5WQH,SMART CHOICE RUBBER BALL DOG TOY,"Cheerble Smart Interactive Dog Toys - Wicked Ball AIR, Automatic Moving Bouncing & Rotating Dog Ball with E-TPU Material, IPX7, USB-C Rechargeable, Active Rolling Balls for Medium-Large Dogs - Blue",1.608,39.98,24.0191666666666,1270.85537918871,200
82,8694169938490,745606660523.0,B07SG6C3BR,"IMPERIAL SOUP PLATE BLUE 9""","Denby - Imperial Blue Dinner Plates Set of 2 - Dishwasher Microwave Safe Crockery 26.5cm - Blue, White Ceramic Stoneware Tableware - Chip & Crack Resistant Large Plates",1.464,45.23,23.9816666666666,1354.89642184557,50
298,5026180081566,740907585520.0,B0CXXDYT79,ECO APOLLO DUSTPAN BRUSH LARGE,"Litheli Cordless Leaf Blower, 604 mÂ³/h 137 km/h Air Speed Battery Blower, 20V Powerful Electric Garden Blower for Blowing Leaves Grass Dust, Electric Garden Leaf Blower with 2.0Ah Battery",4.776,49.99,23.8983333333333,527.557027225901,50
1014,3847060716307,,B0DJNFFJYT,KITCHEN KING ROYAL CREPE PAN 30CM,"SENSARTE Black Crepe Pan 30 cm Non-Stick Pan Omlette Pan Pancake Flat Pan with Swiss Granite Non-Stick Coating, Bakelite Handle, Induction Compatible, PFOA PFOS Free",16.056,59.99,23.6216666666666,169.57406078009,50
114,8694169938513,745606660523.0,B07SG6C3BR,"IMPERIAL DEEP DINNER PLATE BLUE 10""","Denby - Imperial Blue Dinner Plates Set of 2 - Dishwasher Microwave Safe Crockery 26.5cm - Blue, White Ceramic Stoneware Tableware - Chip & Crack Resistant Large Plates",1.908,45.23,23.6116666666666,1103.34890965732,50
124,5056239426345,658361487635.0,B0D4M5WM93,ADJUSTABLE CLOTHES LINE PROP 2.6M ASSORTED,"Blanket Lifter for Feet, Adjustable Height Blanket Lifters for Foot of Bed, Aluminum Alloy Blanket Lifter for Foot Toes Leg Knee Ankle Post Surgery Recovery, 4 Clips Included",2.088,42.99,23.505,1026.41921397379,100
154,4894158087176,,B0C7FJY9SL,FESTIVE MAGIC YARD SIGN STAKE,"Pristar Remote Control Car Hand Gesture Controlled Car, 1:14 RC Stunt Auto 360Â° Rotation 3 Control Methods 2.4 GHz Drift Glove Controlled Cars Gift Toy for Kids Boy Girls Age 5 6 7 8 9 10 11 12",2.676,42.99,23.355,840.107913669064,400
68,6923456800571,855462008824.0,B07NT77GT8,ADORN FOLDING BAG ASSORTED COLOURS,"TREKOLOGY YIZI GO Camping Chair for Adult â€“ Compact, Foldable, Lightweight 0.9 kg, 136 kg Capacity, Durable Aluminum, Quick Setup, Ideal for Backpacking, Beach, and Outdoor Adventures (Black)",1.14,40.99,23.2583333333333,1550.55555555555,100
50,5052579034968,,B07YWB6QGR,BETTINA SCOURER 6 MIXED SCOURERS,OLEVS Men Watch Leather Strap Classic Dress Large Face Analog Quartz Date Luminous Waterproof Gents Wrist Watch,0.804,38.77,23.1983333333333,1901.50273224043,50
53,8721037140904,723990880789.0,B07VHG2VGZ,DISHWASH BRUSH 3 ASSORTED COLOUR,OLEVS Mens Wrist Watches Ultra Thin 6.5mm Minimalist Business Dress Waterproof & Date & Leather Strap Slim Watches for Men,0.852,38.77,23.1583333333333,1837.96296296296,50
425,8711252175416,,B0FHK2CM5W,DUNLOP MINI FOOT PUMP,"Peradix Wooden Chess Set, 19"" Large Foldable Chess Board Game with 3.75"" King & 2 Extra Queens, Professional Classic Chess Set for Adults and Kids",6.384,49.99,23.1383333333333,394.179443498012,100
424,8711252170503,,B0FHK2CM5W,DUNLOP BICYCLE MINI PUMP GAUGE,"Peradix Wooden Chess Set, 19"" Large Foldable Chess Board Game with 3.75"" King & 2 Extra Queens, Professional Classic Chess Set for Adults and Kids",6.384,49.99,23.1383333333333,394.179443498012,100
63,5024418052029,,B07WZRM6WK,SIL CRAFT STICKERS UNICORN,"BEZGAR TB141 Remote Control Cars - 1:14 Scale RC Car, 2WD 20KM/H All-Terrains Toy Off Road Vehicle Monster Truck with Two Rechargeable Batteries for Boys Kids Adults and Girls, Red",1.008,42.99,23.115,1662.94964028776,200
674,5032759050246,,B004ISRQPM,AMTECH DRIVE METRIC SOCKET SET 1/4 INCH 35PC,Teng T1436 1/4-inch Socket Set Metric Drive (36 Pieces),9.6,47.99,23.0329166666666,269.390838206627,50
215,5050796012089,,B0BPLGMW1B,BRIGHT & HOMELY HEAVY DUTY CONCERTINA TOILET PLUNGER LARGE,OLEVS Mens Watches Designer Calendar Dress Metal Stainless Steel Quartz Analog Waterproof Luminous Wrist Watch Gent Large,3.492,42.77,22.9916666666666,664.499036608863,100
67,5052578011211,,B07YWB6QGR,BETTINA BATH 4 SPONGES ROUNDED,OLEVS Men Watch Leather Strap Classic Dress Large Face Analog Quartz Date Luminous Waterproof Gents Wrist Watch,1.08,38.77,22.9683333333333,1584.02298850574,50
241,5010353317903,,B0DY5VTRDH,MINKY SPONGE MOP WITH HANDLE,OLEVS Men Watch Chronograph Stainless Steel Quartz Business Dress Luminous Waterproof Multi-Function Men Wrist Watch,3.828,43.0,22.8733333333333,611.586452762923,100
88,5052578045209,,B07YWB6QGR,BETTINA MICROFIBRE FLICK DUSTER,OLEVS Men Watch Leather Strap Classic Dress Large Face Analog Quartz Date Luminous Waterproof Gents Wrist Watch,1.476,38.77,22.6383333333333,1271.81647940074,50
339,6946532158724,5055964725358.0,B07RY1VR6G,HEAVY CLEAVER 9 INCH,Star Wars Millennium Falcon Posable Desk Lamp - Officially Licensed Disney Merchandise Light Decor and Gifts for Men | Paladone,4.968,44.99,22.0816666666666,470.824449182658,900
87,5061022621234,,B0CQP7TT72,LAUNDRY BAG HUL LARGE 70X55X23CM ASSORTED,"Premium Baby Toys for 6-18 Months, 8 in 1 Montessori Toys Set, Educational Learning Toys for Toddlers 1-3 Years Old Trendy Babies Gifts for Boys & Girls",1.416,39.99,22.015,1272.54335260115,50
93,9333527745026,,B0CQP7TT72,FESTIVE MAGIC PASTEL SANTA WATERBAALL 45MM,"Premium Baby Toys for 6-18 Months, 8 in 1 Montessori Toys Set, Educational Learning Toys for Toddlers 1-3 Years Old Trendy Babies Gifts for Boys & Girls",1.476,39.99,21.965,1233.98876404494,50
100,883314714531,,B0CQP7TT72,DIWALI BOWL BLACK 12CM,"Premium Baby Toys for 6-18 Months, 8 in 1 Montessori Toys Set, Educational Learning Toys for Toddlers 1-3 Years Old Trendy Babies Gifts for Boys & Girls",1.572,39.99,21.885,1176.6129032258,50
105,5061022621241,,B0CQP7TT72,LAUNDRY BAG HUL XLARGE 80X60X26CM ASS,"Premium Baby Toys for 6-18 Months, 8 in 1 Montessori Toys Set, Educational Learning Toys for Toddlers 1-3 Years Old Trendy Babies Gifts for Boys & Girls",1.608,39.99,21.855,1156.3492063492,50
120,5061022621258,,B0CQP7TT72,LAUNDRY BAG HUL JUMBO 90X56X26CM ASS,"Premium Baby Toys for 6-18 Months, 8 in 1 Montessori Toys Set, Educational Learning Toys for Toddlers 1-3 Years Old Trendy Babies Gifts for Boys & Girls",1.812,39.99,21.685,1052.66990291262,50
173,5060226035489,,B0D4M2XCWW,FLAT DUCK SQUEAK DOG TOY,"VDIAGTOOL VD30 Pro OBD2 Scanner, Car Diagnostic Tool for EOBD Cars, Fault Code Reader for OBD II Reset, OBD Scanner Live Data, Check Engine Light Error, I/M Readiness for All OBDII Protocol Vehicles",2.688,37.94,21.6741666666666,776.851851851852,400
1416,5055041006578,,B0DRPNS6WL,HIGHLANDS PAN SET 3PC WITH 14CM MILKPAN AND 24CM FRYING PAN,"Induction Hob Pots and Pans Set - 13pcs Nonstick Cooking Pans Set, Black Granite Cookware Set with Lid, Non Stick Saucepan Set, Frying Pan Set, PFAS PTFE PFOA PFOS Free",24.06,72.99,21.5649999999999,104.684466019417,600
129,883314712186,,B0CQP7TT72,DIWALI DINNER PLATE GREY 27CM,"Premium Baby Toys for 6-18 Months, 8 in 1 Montessori Toys Set, Educational Learning Toys for Toddlers 1-3 Years Old Trendy Babies Gifts for Boys & Girls",1.98,39.99,21.545,979.318181818182,50
66,5015302109141,,B07WZRM6WK,FIRST STEPS  FOOD STORAGE POTS WITH SPOON 4PC ASSORTED,"BEZGAR TB141 Remote Control Cars - 1:14 Scale RC Car, 2WD 20KM/H All-Terrains Toy Off Road Vehicle Monster Truck with Two Rechargeable Batteries for Boys Kids Adults and Girls, Red",0.936,39.99,21.265,1598.87218045112,50
214,5052578018609,,B07YWB6QGR,BETTINA MOP CHENILLE MOP & HANDLE,OLEVS Men Watch Leather Strap Classic Dress Large Face Analog Quartz Date Luminous Waterproof Gents Wrist Watch,3.15599999999999,38.77,21.2383333333333,667.872117400419,50
232,5029594262606,,B09M9XKPFW,ROLSON  HOLLOW PUNCH 9PCE SET,"BBDINO Super Elastic Silicone Mould Making Kit, 2000g Jade Green, Liquid Silicone 1:1 Mixing, Ideal for Making Moulds of Resins, Plaster, Wax etc.",3.36,37.98,21.1425,631.119402985074,100
122,5055441407272,6958444602516.0,B07HHXWN3C,DEKTON SECURITY TORX SET 6PC,"Divoom Pixoo Pixel Art Digital Photo Frame with 8.6 Inch Mood Light App Control, Desk/Wall Led Smart Clock, Decorative Lamp for Gaming Room Home Decorï¼ˆBlackï¼‰",1.752,33.99,21.065,1048.00995024875,100
1086,8435730660378,,B0BB2GFK23,EXTRASTAR SOLAR SMART STRING LIGHT 25 BALL WITH REMOTE,"Remote Control Dinosaur Jurassic T Rex Toys for Boys Electronic RC Spray Raptor Walking Roaring Tyrannosaurus Rex Realistic 18.1"" Rechargeable Birthday Gift for Kids Girls 3 4 5 6 7",15.66,52.24,20.9933333333333,154.362745098039,100
110,8682655100254,6977718359581.0,B0FCLZWDT7,THL STORAGE BOX RECT 1200ML,"Storage Boxes with Lid - Plastic Storage Bins with 1 Lid,28L*4Tier Clear Stackable Storage Boxes with Wheels,Large Bins Organizer for Bedroom Living Room Bathroom, Clear",1.548,36.98,20.8866666666666,1135.14492753623,200
1132,8906106597876,5060913008826.0,B0FDL5S7FC,TRIPLY CASSEROLE STAINLESS STEEL 20CM,Stainless Steel Casserole Dish with Lid â€“ Induction Hob Cooking Pots Set â€“ Non Stick Dutch Oven â€“ 20cm 2.7L & 24cm 4.3L (2 Pots + 2 Glass Lids) â€“ by Nuovva,16.464,59.99,20.8516666666666,146.122401308105,50
119,5022092002293,810096710987.0,B0C9JLBY6V,TML LAUNDRY BASKET ROUND GLITTER RED,"TOSY Flying Disc - 108 RGB Multicolor LEDs, Super Bright, Smart Modes, Christmas Stocking Stuffers Gift, Camping Toy for Kid/Teen/Adult, Auto Light Up, Rechargeable, Waterproof, 175g",1.704,37.99,20.7383333333333,1052.70727580372,500
689,5010789487584,,B0FRZGPCG5,BARTOLINE BITUMEN PAINT 1 LTR,"Ideas Ice Dragon Building Setï¼ŒCompatible with Mainstream brands Adults Collectible MOC Dragon Model STEM Toy for GOT Fans Home Decor,Creative Gift for Kids Boys & Girls 8-16 (1019 PCS)",8.592,42.99,20.33125,263.699740596627,300
75,5033849046866,,B07WWY27PT,ART SET 24PCE,"Shuttle Art 106 Piece Deluxe Art Set, Art Supplies in Wooden Case, Painting Drawing Art Kit with Pencils Oil Pastels Watercolour Cakes Colouring Book Sketch Pad for Kids Adults",1.008,33.99,20.27625,1458.72302158273,800
85,5030481160050,,B0FRFRH3SG,ECO BAMBOO DISH BRUSH ROUND,"Wireless Gaming Headset for PS5, PS4, PC, Switch, Mac, 2.4 GHz Wireless & 5.4 Bluetooth Gaming Headphones with Mic ENC Noise Cancelling, 50mm Drivers, 3D Stereo Sound, 50H Battery, Foldable",1.2,33.99,20.11625,1297.82258064516,100
501,5036029520491,,B0C2D2TLGM,SILVERHOOK BIG BOY FILLER HYBRID EPOXY 250ML,"Car Boot Organiser with Cooler Bag, Extra Large Premium Expandable Compartments, Foldable Car Organiser, Trunk Organiser for Most Vehicles & Indoor",6.3,45.99,20.055,345.775862068965,100
71,5033601008965,7426823912727.0,B07CZHJKPW,NORTHPOLE CURLING RIBBON 4 X 4M,Pos Display Shop 5 x A4 Portrait Leaflet Holder Wall Mountable LDS5000 Recyclable!,0.924,39.95,19.8316666666666,1502.39898989899,50
180,5036200348838,,B0BVG29Y71,ZERO IN 90DAY KNOCKDOWN FLYING INSECT KILLER,"GeckoMan Hybrid Spectrum, Waterproof Switch, 15W Fly Zapper Electric Fly Catcher Bug Zapper Mosquito Killer Flies Killer Trap for Home Indoor UK Plug",2.484,34.99,19.7545833333333,753.991730279898,100
292,5034537034547,,B0DM5L14PJ,PET STORE PIG AND PANDA PLUSH TOYS AST,"MorisMos Pig Teddy with Babies inside, Lifelike Cuddly Piggy Stuffed Animal Plush Soft Toys, Kawaii Presents for Kids Girls Boys Birthday Party Decoration (40 cm)",3.696,35.99,19.4529166666666,535.893021120294,50
951,5051346803522,,B0D3PRH84Q,SUPER DREAMER COMPLETE SET HERMOINE DOUBLE,"Lekesky Fluffy Double Duvet Set, Winter Fluffy Bedding Doubleï¼ŒSoft Warm Teddy Fleece Duvet Set 3pcs (1x Shaggy Duvet Cover + 2x Pillowcases), Beige",12.096,49.99,19.4483333333333,182.957039824396,100
99,8682655106935,,B0BJTY4RLJ,THL LINEA ROUND BOWL 3L ASSORTED COLOURS,"vancasso Bonita Pasta Bowls 38 oz, Large Ceramic Salad Bowls, Pasta Bowl Set of 6, Microwave & Dishwasher Safe Soup Bowls, Serving Bowls, Cool Colors",1.308,32.99,19.3179166666666,1177.92174796747,100
43,5055441463407,609613846212.0,B00YA95TZI,DEKTON MASONRY DRILL BIT 5MM X 85MM,Mydome Light Switch Timer â€“ Police Approved Retro Fit Timer Switch - A No Wiring Home Security Lighting & Burglar Deterrent,0.48,32.99,19.2516666666666,2026.49122807017,200
125,4894158097311,692041760427.0,B0FQ5B4RBL,FESTIVE MAGIC MOUSE DANGLY LEGS,"Montessori Toy for 1 Year Old Girl Gifts, Musical Bilingual Educational Toddler Toy Age 1-2 Yr 12-18 Month, First Birthday Gift for 1 Year Old Girl",1.608,35.99,19.1216666666666,1011.72839506172,400
91,5056175993253,767461255188.0,B0BVG29Y71,BUZZ DUST CATCHER STARTER SET PLUS REFILLS,"GeckoMan Hybrid Spectrum, Waterproof Switch, 15W Fly Zapper Electric Fly Catcher Bug Zapper Mosquito Killer Flies Killer Trap for Home Indoor UK Plug",1.14,34.99,19.0483333333333,1269.88888888888,50
73,5053844267714,,B09P58TDMW,PREMIER COLOUR YOUR OWN CHRISTMAS KEYRING SET (6 ASSORTED DESIGNS),"Safety First Aid Group Workplace First Aid Kit (Small 1-10 Persons) Economy HSE-Compliant with Inspection Tags, Wall Bracket, Extra Plasters",0.876,32.0,18.9766666666666,1482.55208333333,400
804,5414886216946,,B0FGQBPCHJ,URBAN LIVING DOUBLE GARMENT RACK,"Clothes Rail - Double-Rod Clothes Rack with Built-In Hooks & Shelves, Multi-Functional Clothing Rail for Bedroom, Living Room, Entryway, 106 x 39 x 153cm, Black",9.396,48.38,18.9366666666666,225.974542561654,100
459,5022183093490,,B0CQP7TT72,BEE HAPPY HONEY POT WITH STICK,"Premium Baby Toys for 6-18 Months, 8 in 1 Montessori Toys Set, Educational Learning Toys for Toddlers 1-3 Years Old Trendy Babies Gifts for Boys & Girls",5.304,39.99,18.775,377.766599597585,50
83,5060226063369,,B0F53YN25G,STAINLESS STEEL PET BOWL EMBOSSED 1QT,"Handheld Garment Clothes Steamer, 1800W Steamer Clothing for Portable, 150Â°C Turbo Extreme Penetrating Steam Wrinkle Reduction, 20s Fast Heat up Steam iron for Travel, Home, Office",1.008,33.99,18.705,1345.68345323741,50
816,5050796010283,,B0FCBVZXPB,BRIGHT & HOMELY SAUCEPAN NON STICK COOKWARE SET 6PCS,"11Pcs Pots and Pans Set, Nonstick Cookware Sets, White Granite Induction Cookware Non Stick Cooking Set w/Frying Pans & Saucepans",9.396,48.44,18.6066666666666,222.036595067621,50
451,8435730689775,,B0CRSZ9F1Y,EXTRASTAR PROFESSIONAL CLIPPER RECHAREABLE USB-C BLACK,"Ufree Hair Clippers for Men, Professional Clippers and Trimmers Set, Cordless Clippers for Hair Cutting, Beard Trimmer, Barber Clippers, Rechargeable Electric Shaver, Gifts for Men, Black Gold",5.172,38.99,18.5516666666666,381.721536351166,200
97,50304811690036,657381061429.0,B0FRFRH3SG,ECO BAMBOO SCRUB BRUSH,"Wireless Gaming Headset for PS5, PS4, PC, Switch, Mac, 2.4 GHz Wireless & 5.4 Bluetooth Gaming Headphones with Mic ENC Noise Cancelling, 50mm Drivers, 3D Stereo Sound, 50H Battery, Foldable",1.2,33.99,18.485,1192.58064516129,100
96,50304811690074,657381061429.0,B0FRFRH3SG,ECO BAMBOO DISH BRUSH RECTANGULAR,"Wireless Gaming Headset for PS5, PS4, PC, Switch, Mac, 2.4 GHz Wireless & 5.4 Bluetooth Gaming Headphones with Mic ENC Noise Cancelling, 50mm Drivers, 3D Stereo Sound, 50H Battery, Foldable",1.2,33.99,18.485,1192.58064516129,100
895,5050565862396,5060955590969.0,B0B5DFTVG9,SANCTUARY TREE OF LIFE MIRROR WHITE EFFECT 50CM,Inspirational Gifting Beautiful green leaf tree of life metal framed wall mirror for your home or garden - 64cm diameter,10.68,59.99,18.4616666666666,195.361552028218,50
896,5050565862372,5060955590969.0,B0B5DFTVG9,SANCTUARY TREE OF LIFE MIRROR BRONZE EFFECT 50CM,Inspirational Gifting Beautiful green leaf tree of life metal framed wall mirror for your home or garden - 64cm diameter,10.68,59.99,18.4616666666666,195.361552028218,50
894,5050565862419,5060955590969.0,B0B5DFTVG9,SANCTUARY TREE OF LIFE MIRROR GREY EFFECT 50CM,Inspirational Gifting Beautiful green leaf tree of life metal framed wall mirror for your home or garden - 64cm diameter,10.68,59.99,18.4616666666666,195.361552028218,50
354,5026180030687,,B0C52WVQT2,APOLLO KALIBR PARING KNIFE 9CM,"ENOKING Wooden Universal Knife Block, Knife Block Without Knives, Acacia Wood Knife Holder Storage Stand with Removable Plastic Bristles for Kitchen Counter Knife Storage Rackï¼ˆ2-Tierï¼‰",4.164,39.99,18.435,458.582089552238,100
153,5019311919579,5060159121488.0,B01M6TWSW1,WINDSOR BUTTER KNIFE,Cuddledry Hands Free Baby Bath Towel | Luxuriously Soft Bamboo & Cotton Hooded Baby Towel | Apron Towel for Safe Babies Bathtime | Perfect Newborn Gift | Grey,1.944,34.99,18.3683333333333,846.466973886328,50
126,5055441413365,609613846212.0,B00YA95TZI,DEKTON GLOVES INSULATED H/DUTY X LARGE(SOLD EACH),Mydome Light Switch Timer â€“ Police Approved Retro Fit Timer Switch - A No Wiring Home Security Lighting & Burglar Deterrent,1.548,32.99,18.3616666666666,997.916666666667,200
1406,5011597011800,5060916370364.0,B0CLH8FTC9,SUPERBRIGHT SPONGE CATERING 6 SCOURER PK20,"Hamilton Beach Pro Smart Waffle Maker, Non-Stick, 7 Browning Levels, 5 Programmes, Family Size, Digital Display, Overflow Protection - HB5403T, Silver",20.148,59.99,18.3516666666666,105.834294502114,200
213,5053844001646,5037331032078.0,B09P58TDMW,PREMIER BATTERY OPERATED 24 LED MULTI ACTION TIMER LIGHTS WARM WHITE,"Safety First Aid Group Workplace First Aid Kit (Small 1-10 Persons) Economy HSE-Compliant with Inspection Tags, Wall Bracket, Extra Plasters",2.616,32.0,18.2566666666666,668.742368742368,400
385,5038135556906,,B0FR64NK66,BAKER & SALT 6 YORKHIRE PUDDING TRAY,"Morphy Richards EverCosy Premium Fleece Heated Electric Under Blanket, Teddy, Double, 150x122cm, 9 Settings, Adjustble Timer, 3p/hour Cost, Machine Washable, Auto Shut Off, 600021",4.368,34.99,18.1845833333333,433.999602227525,50
135,5012145000369,,B0FJ1XS191,CAROLINE FOIL PUDDING MINI 10 BASINS,"GPS Smart Watch for Men, 2.06""HD Screen Fitness Watch Answer/Make Call, Smartwatch with Heart Rate/Sleep Monitor/Pedometer, 100+ Sports Modes, IP68 Waterproof Activity Tracker Running for Android iOS",1.68,29.99,18.0716666666666,926.752136752136,100
961,5011867201139,,B0C7FJY9SL,HAMMERITE METAL PAINT HAMMERED BLACK 400ML,"Pristar Remote Control Car Hand Gesture Controlled Car, 1:14 RC Stunt Auto 360Â° Rotation 3 Control Methods 2.4 GHz Drift Glove Controlled Cars Gift Toy for Kids Boy Girls Age 5 6 7 8 9 10 11 12",11.352,42.99,18.03125,180.132367632367,400
211,8721037317481,885169695515.0,B074817DK1,PAN WITH LID STONEWARE 8 ASSORTED,"Amazon Basics 8-Piece Non-Stick Cookware Set, Black",2.544,38.49,17.975,673.220973782771,400
156,5060226063321,,B0F53YN25G,S/STEEL DOG BOWL ANTI SKID 240Z,"Handheld Garment Clothes Steamer, 1800W Steamer Clothing for Portable, 150Â°C Turbo Extreme Penetrating Steam Wrinkle Reduction, 20s Fast Heat up Steam iron for Travel, Home, Office",1.944,33.99,17.925,826.036866359447,50
481,5038673131054,5060880061909.0,B0C3WBGSVS,PRIMA KNIFE SET 6PCE,Acense Professional Large Chopping Boards for Commercial Kitchen- 45 x 30 x 10mm - Colour Coded (Assorted with Rack),5.304,41.99,17.8816666666666,359.792085848423,500
177,5055441452111,609613846212.0,B00YA95TZI,GOODYEAR LINT REMOVER BRUSH,Mydome Light Switch Timer â€“ Police Approved Retro Fit Timer Switch - A No Wiring Home Security Lighting & Burglar Deterrent,2.136,32.99,17.8716666666666,767.024320457797,200
948,5023608426800,5053848622458.0,B00CITKJVQ,VFM  TRADE CONT MATT PAINT WHT 10L,Johnstone'S Trade 10 Litre Covaplus Vinyl Matt Brilliant White,10.956,42.23,17.8229166666666,184.121039944903,100
1119,5019200325115,5060345836325.0,B01FJLXFIS,PRODEC 18PC EMULSION VALUE BOX,"Xpert - Defiant S3 Safety Dealer Boots. Pull On Chelsea Steel Toe Cap Shoes, Comfortable And Water Resistant Work Boots For Men With Midsole Design For Safety and Ankle Support",13.704,48.99,17.775,148.496240601503,100
127,5056283892387,3778427036762.0,B01KOP4H1I,TREND PLASTIC CUTLERY TRAY,"FittingsCo Plastic Cutlery Tray For Kitchen Drawers, Various Sizes/Formations",1.476,30.99,17.7612499999999,997.823033707865,50
846,8720573272629,,B0CQP7TT72,EXCELLENT HOUSEWARES KITCHEN TOOL SET 5PCE,"Premium Baby Toys for 6-18 Months, 8 in 1 Montessori Toys Set, Educational Learning Toys for Toddlers 1-3 Years Old Trendy Babies Gifts for Boys & Girls",9.336,39.99,17.58625,211.119447779111,50
308,5010853283395,5060400676286.0,B00XA0196G,RAVENHEAD ESSENTIALS JUG 1.3 LTR,English Pewter Company Stag Head Whisky Glass Tumbler with Pewter Base [STAG104],3.396,35.0,17.4066666666666,514.990138067061,200
669,5015934923887,,B0CQP7TT72,CHRISTMAS CRACKERS 10X14 INCH,"Premium Baby Toys for 6-18 Months, 8 in 1 Montessori Toys Set, Educational Learning Toys for Toddlers 1-3 Years Old Trendy Babies Gifts for Boys & Girls",6.984,39.99,17.375,272.76295133438,50
1088,742288758937,5057982093273.0,B0BT51TC8X,MASTER COOK CASSEROLE NON-STICK 24CM,"MasterClass Cast Aluminium Cream Casserole Dish, 24cm, 4 Litre, Gift Boxed",12.84,48.99,17.355,154.266666666666,50
370,5053844276211,5037331032078.0,B09P58TDMW,PREMIER LANTERN FIRE EFFECT LIGHT,"Safety First Aid Group Workplace First Aid Kit (Small 1-10 Persons) Economy HSE-Compliant with Inspection Tags, Wall Bracket, Extra Plasters",3.96,32.0,17.1366666666666,445.108225108225,400
80,5013922068909,746268064421.0,B07WWY27PT,ART BOX CREATIVE COLOURING KIT WITH PENCILS,"Shuttle Art 106 Piece Deluxe Art Set, Art Supplies in Wooden Case, Painting Drawing Art Kit with Pencils Oil Pastels Watercolour Cakes Colouring Book Sketch Pad for Kids Adults",0.852,33.99,17.095,1356.74603174603,800
304,5055441446554,609613846212.0,B00YA95TZI,GOODYEAR SNOW FOAM 1 LITRE,Mydome Light Switch Timer â€“ Police Approved Retro Fit Timer Switch - A No Wiring Home Security Lighting & Burglar Deterrent,3.22799999999999,32.99,16.9616666666666,523.508230452675,200
307,8002522592317,,B0G2493WDV,METALTEX ELECTRONIC MILK FROTHER,"Milk Frother Electric 4 in 1 - Automatic Milk Frothers and Milk Steamer 400ML,Warm and Cold Foam Maker for Coffee, Latte, Cappuccino, Macchiato, Hot Chocolate,Ideal for Home & Office Use",3.252,33.99,16.835,516.411042944785,600
228,8711252173559,,B0CL5YG3TW,DUNLOP BICYCLE MINI PUMP,"Electric Bike Pump, 150Psi Portable Bicycle Tire Pump with Digital Pressure Gauge for E-Bike, Road and Mountain Bicycle Pump, Mini Bike Pump with Presta, Schrader, Dunlop Valve Accessories",2.484,29.99,16.7416666666666,638.994910941475,900
359,5055441429595,609613846212.0,B00YA95TZI,DEKTON PLIERS LONG NOSE 8 INCH,Mydome Light Switch Timer â€“ Police Approved Retro Fit Timer Switch - A No Wiring Home Security Lighting & Burglar Deterrent,3.696,32.99,16.5716666666666,456.519742883379,200
1177,5059001500861,5059001500861.0,B07WDRQ4J7,AIRWICK REED DIFFUSER MULLED WINE 33ML PK5,"Air Wick Essential Oils Reed Diffuser Air Freshener Mulled Wine Scent, 5 Bottles X 30 ml",13.4279999999999,46.0,16.5533333333333,140.999432140829,200
98,5056170351324,729920105601.0,B0BKGQLN8Z,FOREVER BEAUTIFUL DETANGLING BRUSH,"SYLSTAR 30W Rechargeable Work Light, 3000 Lumen Magnetic Work Light Battery Powered, Waterproof Portable Cordless Job Site Lighting for Construction Site, Workshop, Garage, Camping, and Car Repairing",1.008,31.19,16.4816666666666,1185.7314148681,800
246,8721037348706,5056115737039.0,B0CX67VB8X,BBQ TOOL SET 3PCE,"VonHaus BBQ Tool Set with Case, 25Pcs BBQ Accessories Kit Including Spatula, Fork, Tongs, Thermometer, Barbecue Grill Mat, Basting Brush & Cleaner, Heavy Duty Utensils for Outdoor Cooking",2.616,35.99,16.4716666666666,603.357753357753,200
1450,5010131340826,,B0D8215F9Z,BERGER MATT EMULSION WHITE 5 LITRE,"NEU MASTER Electric Nail Gun/Staple Gun,Brad Nailer for Upholstery, Carpentry & Woodworking Projects, Staples 300pcs & Nails 100pcs Included,Uses 18G Nails and Type90 Staples",19.08,55.99,16.3883333333333,99.6251266464032,200
910,5060748076878,,B0FL27L2T8,GRIMALDI MAXISTONE FRYING PAN 28CM,"Tri-Ply Stainless Steel Frying pan 28cm, Skillet 11inch, Induction Cooking Pan, Fast & Even Heat, Compatible with All Cooktops Up to 315â„ƒ",9.48,42.99,16.295,192.84023668639,100
95,5023674207402,5060668270882.0,B09BNJMXKQ,COUNTRY CLUB 3 MICROFIBRE DUSTERS YELLOW,"Tracer ProScribe Tool with Deep Hole Pencil, Lead Holster and Carry Case (DIY, Woodworking, and Carpentry Multi-Function Scribe Tool)",0.972,29.45,16.2216666666666,1192.76960784313,700
408,5055441429489,609613846212.0,B00YA95TZI,DEKTON ROTARY SAW BLADE 6PC SET,Mydome Light Switch Timer â€“ Police Approved Retro Fit Timer Switch - A No Wiring Home Security Lighting & Burglar Deterrent,4.14,32.99,16.2016666666666,405.041666666666,200
705,5029594210737,4003773033813.0,B0001P0CC0,ROLSON DIAGONAL CUTTING PLIER VDE INSULATED 180MM,"KNIPEX 70 06 180 Diagonal Cutter chrome plated insulated with multi-component grips, VDE-tested 180 mm Multicoloured",6.92399999999999,35.95,16.1983333333333,256.302742616033,50
267,5052516216876,,B009S64OI6,WORLD OF PETS CAT LITTER SCENTED 3LT,World's Best Cat Litter 28lb (12.7kg) Lavender Scented,2.76,39.19,16.1383333333333,566.25730994152,800
664,5055441437057,,B0BXL6W7PN,DEKTON FOLD BACK KNIFE,"ENOKING Magnetic Knife Block Without Knives â€“ Double Sided Magnetic Knife Holder & Stand,Acacia Wood Knife Storage Rack for Cutlery â€“ Natural Wooden Knife Organiser,Quick-Fit Design",6.384,39.99,16.135,274.872231686541,100
79,5050796010498,,B0FQHQH4Q5,BRIGHT & HOMELY WOODEN PEGS 36 PACK,"LED Batten Light Under Cabinet Lights with Plug in. Fluorescent Strip Light 3000-6500K Dimming and Color. with Wireless Control Panel and Remote Control.15W for Garage,Closet,Office,Shed (40CM-1PCS)",0.744,29.99,16.0716666666666,1373.64672364672,50
1054,8435730660361,,B0CDXCTQP1,EXTRASTAR SOLAR SMART STRING LIGHT 15 CANDLE 6M WITH REMOTE,"3D Printer Enclosure with LED Light,Dustproof Tent Constant Temperature Protective Cover for Creality Ender 3 V3 SE/KE/Ender 3/Ender 3 Pro/Ender 3V2/Ender 3S1/Neo/Anycubic Elegoo, Medium",11.16,39.99,16.06625,163.109137055837,100
106,8711252456522,,B0773HXND3,BBQ SKEWER 4PC 24CM,DONYER POWER Convector Radiator Heater 2000W Room Heating with Adjustable Thermostat,1.008,27.99,16.0262499999999,1152.96762589928,500
534,8697722501834,605660957369.0,B0936QF6C5,THL 4 TIER VEGETABLE RACK ASSORTED,"Miyawell Fruit Vegetable Storage Basket Rack, 4 Tier Stackable Metal Wire Storage Baskets on Wheels, Fruit Vegetable Produce Basket Organizer Bins for Kitchen, Pantry, Bathroom Black",5.244,37.99,15.8783333333333,322.730352303523,50
255,5010303194004,5065016200122.0,B0CRN4161Q,FLASH MAX MOP HEAD,ReBorn - Recycled Washing Up Bowl - Kitchen Dish Wash & Drain - Large Carry Handles - Integrated Plug - Useful Pour Spout - 9 Litres Capacity - Made in Britain (Stone),2.58,33.94,15.8333333333333,586.419753086419,100
297,8696287111045,,B0DYYDR55Z,THL BABY BATH SEAT,"Baby Bath Seat 6 Months Plus,Sit Up Bath Seat with Temperature Alert,Baby Bath Chair for Babies 6 Months+,Baby Bath Support Toddler Bath tub seat with Open Backrest+4 Suction Cup Grey",2.94,29.99,15.8329166666666,527.763888888888,300
108,8682655106911,,B0BJTVLVX4,THL LINEA ROUND BOWL 2L ASSORTED COLOURS,"vancasso Bonita Pasta Bowls 38 oz, Large Ceramic Salad Bowls, Pasta Bowl Set of 6, Microwave & Dishwasher Safe Soup Bowls, Serving Bowls, Warm Colors",1.008,32.99,15.8116666666666,1137.52997601918,300
62,5033601868323,,B0C3LYMSZ5,EUROWRAP TISSUE PAPER 6SHTS LIGHT BLUE,"Toddler Toys for 2 3 4 5 6 Years Old Boys, Die-Cast Transport Truck Car Toys 61-Inch Race Track for Boys Kids, Toddler Car Toys Set for Kids Boys Girls",0.468,26.99,15.7679166666666,1677.43794326241,100
219,8720573452700,,B09LQ9CQT8,BBQ KNIFE STAINLESS STEEL,"PAUDIN 12 Inch Carving Knife, Premium Slicing Knife with with High Carbon Stainless Steel for Cutting Smoked Brisket, BBQ Meat, Turkey - Ergonomic G10 Handle",2.22,28.99,15.7245833333333,655.190972222222,200
128,6923456822498,762765667798.0,B0DHGVMVTJ,COLOUR GLASS SOAP DISPENSER WITH PUMP 400ML ASSORTED COLOURS,"PH4 Wireless Gaming Headset with Microphone, Game/Music Mode, 2.4GHz Bluetooth Gaming Headphones for PS5, PS4, PC, Switch, Low Latency Lossless Sound Foldable Noise Cancelling Black Green",1.236,29.99,15.7216666666666,995.042194092826,100
1164,15013159004227,,B0BPLGMW1B,ELLIOTT GLOVES SMALL HOUSEHOLD PK12,OLEVS Mens Watches Designer Calendar Dress Metal Stainless Steel Quartz Analog Waterproof Luminous Wrist Watch Gent Large,12.4319999999999,42.77,15.5416666666666,142.453406660556,100
112,5024418198727,,B085LF2GYC,TILE PLACEMAT,Navaris Natural Slate Serving Plates - Set of 6 Slate Place Mat Serving Trays - Medium Rectangular Stone Table Mat Serving Platter Tiles - 30 x 20 cm,1.008,27.29,15.5304166666666,1117.29616306954,100
