Category,RowID,Verdict,Confidence,SupplierTitle,AmazonTitle,Supplier EAN,Amazon EAN,ASIN,SupplierPrice,SellingPrice,NetProfit,ROI,Sales,Pack Verdict,Adjusted Profit,Key Match Evidence,Filter Reason
VERIFIED_RECOMMENDED,1457,VERIFIED,95,SUPERIOR FOIL 10 CONTAINERS & LID 9X9IN,"Superior 10-Pack Aluminium Foil Trays with Paper Lids, Heavy...",5060357990107.0,5060357990107.0,B0DJDH23JW,£3.66,£12.97,£2.13,59.1%,700,SPLIT (1/10) - OK,£5.42,Exact EAN match; Product: foil,-
VERIFIED_RECOMMENDED,1758,VERIFIED,95,PPS ROUND 40 DOYLEYS 21CM,"40 X White Round LACE DOYLEYS - 22cm/8.5"" Quality Disposable...",5030481940088.0,5030481940088.0,B07YQ5HFFN,£0.67,£4.28,£0.30,26.7%,700,1:1 Match,£0.30,Exact EAN match,-
VERIFIED_RECOMMENDED,1399,VERIFIED,95,TIDYZ DOGGY BAGS STRONG 50 PCS 30cm x 36cm,"Tidyz 200 x Extra Large Super Strong Doggy bags (4 x 50),Bla...",5025364001970.0,5025364001970.0,B06X9K7NR7,£0.67,£6.50,£0.74,66.4%,500,1:1 Match,£0.74,Exact EAN match; Brand: TIDYZ; Product: bag,-
VERIFIED_RECOMMENDED,2040,VERIFIED,95,BLUE CANYON VECTOR SHOWER SPRAY,Blue Canyon Vector Double Tap Shower Spray| Bathroom Accesso...,5060187175750.0,5060187175750.0,B008F6946C,£4.30,£9.85,£0.20,4.8%,500,1:1 Match,£0.20,Exact EAN match; Brand: BLUE CANYON; Product: spray,-
VERIFIED_RECOMMENDED,1829,VERIFIED,95,HIGHLAND COW PLAQUE FRIENDS,Lesser & Pavey Love & Affection Highland Cow Wooden Plaque -...,5010792749549.0,5010792749549.0,B0DPQVJ4NW,£6.59,£14.99,£1.24,20.6%,400,1:1 Match,£1.24,Exact EAN match,-
VERIFIED_RECOMMENDED,1910,VERIFIED,95,ELLIOTT WINDOW SQUEEGE 20CM,Elliott Multi-Purpose Window Squeegee perfect for streak fre...,5013159300353.0,5013159300353.0,B00KB225MS,£1.84,£6.64,£0.29,14.1%,200,1:1 Match,£0.29,Exact EAN match,-
VERIFIED_RECOMMENDED,1040,VERIFIED,95,AMTECH LED MINI TORCH,Amtech S1532 9 LED mini Torch,5032759031078.0,5032759031078.0,B003XKPUSQ,£1.72,£7.99,£2.35,118.6%,200,1:1 Match,£2.35,Exact EAN match; Brand: AMTECH; Product: torch; Title match: 84%,-
VERIFIED_RECOMMENDED,1332,VERIFIED,95,MASON CASH MIXING BOWL CREAM 29CM,Mason Cash Colour Mix Cream Mixing Bowl | 4 Litre Capacity |...,5010853235530.0,5010853235530.0,B01IFIJ91Y,£7.66,£24.99,£5.11,73.8%,200,1:1 Match,£5.11,Exact EAN match; Brand: MASON CASH; Product: bowl,-
VERIFIED_RECOMMENDED,2058,VERIFIED,95,CHEF AID STRAINER DIAMETER 18CM,"Chef Aid 18cm Long Handled Metal Sieve, Kitchen Essential To...",5012904004188.0,5012904004188.0,B000TAU3QW,£1.94,£6.40,£0.08,3.8%,200,1:1 Match,£0.08,Exact EAN match; Brand: CHEF AID,-
VERIFIED_RECOMMENDED,2094,VERIFIED,95,GLASS WHISKEY DECANTER,alpina Whiskey Decanter and Caraf,8711252100531.0,8711252100531.0,B07JD22MJ2,£2.35,£8.29,£0.02,0.7%,200,1:1 Match,£0.02,Exact EAN match; Product: key,-
VERIFIED_RECOMMENDED,1990,VERIFIED,95,ELLIOTTS GLASS SPRAY BOTTLE BROWN480ML,"Elliott 480ml Brown Glass Spray Bottle, Manufactured from Re...",5013159004428.0,5013159004428.0,B099X92QGG,£2.44,£7.27,£0.22,8.5%,100,1:1 Match,£0.22,Exact EAN match; Product: spray,-
VERIFIED_RECOMMENDED,1917,VERIFIED,95,MIRROR BLUE CANYON SQUARE PLASTIC MIRROR,Blue Canyon - 18cm Free Standing Square Mirror - White Colou...,5060187173633.0,5060187173633.0,B007IGLUIK,£3.10,£8.25,£0.43,13.9%,100,1:1 Match,£0.43,Exact EAN match; Brand: BLUE CANYON; Product: mirror,-
VERIFIED_RECOMMENDED,2081,VERIFIED,95,FIRE UP NATURAL FIRELIGHTERS 28 PACK,"Fireglow Firelighters 24 Pack, White",5022704000013.0,5022704000013.0,B07YPPK4JY,£0.91,£4.49,£0.02,1.7%,100,SPLIT (1/1) - OK,£0.15,Exact EAN match; Product: light,-
VERIFIED_RECOMMENDED,1130,VERIFIED,95,PAN AROMA C TEA-LIGHTS 16PK APP&CIN,Pan Aroma 16 Tea Lights Apple & Cinnamon,5053249228174.0,5053249228174.0,B083XH692T,£1.08,£6.87,£1.51,104.5%,100,SPLIT (1/16) - OK,£2.53,Exact EAN match; Product: pan; Title match: 75%,-
VERIFIED_RECOMMENDED,1056,VERIFIED,95,PAN AROMA JAR CANDLE 85GM RED BERRY,"PAN AROMAÂ® RED Decorative Holder & Scented Candle, RED Berr...",5053249248295.0,5053249248295.0,B09KCMWXQX,£1.08,£8.45,£1.67,115.3%,50,1:1 Match,£1.67,Exact EAN match; Product: candle,-
VERIFIED_RECOMMENDED,750,VERIFIED,95,PAN AROMA JAR CANDLE 85GM SALTED CARAMEL,"Pan Aroma Orange Decorative Holder & Scented Candle, Salted ...",5053249248356.0,5053249248356.0,B09KCLYC1D,£1.08,£9.99,£2.73,187.9%,50,1:1 Match,£2.73,Exact EAN match; Product: candle,-
VERIFIED_RECOMMENDED,562,VERIFIED,95,EVERREADY T8 4FT 36W TUBE LIGHT,Eveready T8 Tube 4ft 36w White 3500k,5050028016069.0,5050028016069.0,B005XKFN0O,£2.99,£18.99,£8.00,263.2%,50,1:1 Match,£8.00,Exact EAN match,-
VERIFIED_RECOMMENDED,1732,VERIFIED,95,CARAFE .5LT GLASS,"Arcoroc ARC C0199 Carafon Vin Carafe, Glass, transparent, 58...",26102251102.0,26102251102.0,B0042FBWQ0,£2.56,£8.99,£0.76,28.4%,50,1:1 Match,£0.76,Exact EAN match,-
VERIFIED_RECOMMENDED,1883,VERIFIED,95,PRODEC CAULKER 12 INCH,"ProDec 12"" Flexible Caulker Blade for Fast, Efficient Applic...",5019200117338.0,5019200117338.0,B008F7YP9C,£4.57,£9.63,£0.68,15.7%,50,1:1 Match,£0.68,Exact EAN match; Brand: PRODEC,-
VERIFIED_RECOMMENDED,1858,VERIFIED,95,GEL  LED CANDLE FESTIVE ROBIN,Macneil Christmas Robin LED Gel Candle,5010792542737.0,5010792542737.0,B0FQK17X7F,£7.73,£15.10,£1.30,18.5%,50,1:1 Match,£1.30,Exact EAN match; Product: candle,-
VERIFIED_RECOMMENDED,1822,VERIFIED,95,HOUSE MATE STAINLESS STEEL CLEANER & POLISH,House Mate Stainless Steel Cleaner and Polisher 400ml (Pack ...,5039295201040.0,5039295201040.0,B0111N9Z1O,£3.89,£10.43,£0.79,20.9%,50,1:1 Match,£0.79,Exact EAN match; Product: cleaner; Title match: 78%,-
VERIFIED_RECOMMENDED,1799,VERIFIED,95,TALA COCKTAIL STICKS 200,"Tala Bamboo Cocktail Sticks, Ponted End Cocktails Sticks Per...",5012904061204.0,5012904061204.0,B00LZRJTEA,£0.67,£4.19,£0.25,22.7%,50,1:1 Match,£0.25,Exact EAN match,-
VERIFIED_RECOMMENDED,1873,VERIFIED,95,CHRISTMAS LAPTRAY  ROBINS,Cushioned Lap Tray - Christmas Robins Design,5010792542676.0,5010792542676.0,B0FMS875KH,£9.20,£16.99,£1.40,17.1%,50,1:1 Match,£1.40,Exact EAN match; Product: bin,-
VERIFIED_RECOMMENDED,1952,VERIFIED,95,THE BIG CHEESE QUICK CLICK MOUSE TRAP 2PK,"The Big Cheese Quick Click Mouse Trap - Twinpack, Kills Mice...",5036200121479.0,5036200121479.0,B077G5PTRK,£2.22,£7.79,£0.27,11.3%,50,SPLIT (1/2) - OK,£1.38,Exact EAN match,-
VERIFIED_RECOMMENDED,2086,VERIFIED,95,MEMORIAL WATERPROOF GRAVESIDE LANTERN WITH ROBIN S...,Waterproof Robin Memorial Graveside Lantern with LED Candle ...,5055361761119.0,5055361761119.0,B096KRFC4W,£6.95,£13.99,£0.08,1.2%,50,1:1 Match,£0.08,Exact EAN match; Product: bin; Title match: 72%,-
VERIFIED_FILTERED,551,VERIFIED,95,PHOODS FOIL TRAY ROASTER,Superior Sandwich Platter Trays - Pack of 10 Catering Trays ...,5060357991357.0,5060357991357.0,B0DT71SSPT,£1.08,£14.97,£3.90,269.3%,50,BUNDLE (10x) - LOSS,£-5.82,Exact EAN match; Product: tray,Negative adjusted profit: £-5.82
VERIFIED_FILTERED,855,VERIFIED,95,BEAUTY VELCRO HAIR GRIP ROLLERS 7 PACK,42 pcs x 15mm Small Self Grip Hair Rollers Salon Hairdressin...,5014749165598.0,5014749165598.0,B01MZARJ6G,£0.54,£6.99,£1.59,159.5%,200,BUNDLE (6x) - LOSS,£-1.11,Exact EAN match; Product: roller,Negative adjusted profit: £-1.11
VERIFIED_FILTERED,945,VERIFIED,95,AIRWICK REED DIFFUSER MULLED WINE 33ML PK5,Air Wick Essential Oils Reed Diffuser Air Freshener Mulled W...,5059001500861.0,5059001500861.0,B07WDRQ4J7,£13.43,£46.00,£16.55,141.0%,200,BUNDLE (30x) - LOSS,£-372.86,Exact EAN match; Product: diffuser,Negative adjusted profit: £-372.86
VERIFIED_FILTERED,1655,VERIFIED,95,APOLLO VINEGAR SHAKER,"apollo THE HOUSEWARES BRAND 3357 Glass Vinegar Shaker, Clear...",5026180033572.0,5026180033572.0,B009SJXB32,£0.94,£6.58,£0.46,34.8%,50,BUNDLE (5x) - LOSS,£-3.28,Exact EAN match; Brand: APOLLO,Negative adjusted profit: £-3.28
VERIFIED_FILTERED,1731,VERIFIED,95,SAMS SCRUMMY GIANT LEG DOG BONE,Dog Bone Giant Roasted Beef Leg Dog Food Dog Feeding Chew Tr...,5015302202996.0,5015302202996.0,B01D1R4NXS,£2.62,£10.94,£0.78,28.4%,50,BUNDLE (2x) - LOSS,£-1.84,Exact EAN match,Negative adjusted profit: £-1.84
VERIFIED_FILTERED,1934,VERIFIED,95,WHAM CRYSTAL 32LTR CLEAR UNDERBED BOX&LID,Wham Clear Plastic Storage Box Boxes With Lids Home Office S...,5038135108600.0,5038135108600.0,B074V9468X,£4.57,£18.55,£0.55,12.6%,50,BUNDLE (3x) - LOSS,£-8.60,Exact EAN match; Brand: WHAM; Product: box,Negative adjusted profit: £-8.60
VERIFIED_FILTERED,2066,VERIFIED,95,MASON CASH CERAMIC RECT DISH 16cm,Mason Cash 2001.542 Collection Fine Stoneware Square Roastin...,5010853203508.0,5010853203508.0,B00W3RVAG6,£3.66,£9.11,£0.10,2.8%,50,BUNDLE (16x) - LOSS,£-54.80,Exact EAN match; Brand: MASON CASH; Product: dish,Negative adjusted profit: £-54.80
VERIFIED_FILTERED,2082,VERIFIED,95,CHEF AID SHOT GLASSES ASSORTED 20PCE,"Chef Aid Multi-Coloured Plastic Shot Glasses, Pack of 20 Reu...",5012904148738.0,5012904148738.0,B00M36YPIM,£1.75,£6.90,£0.03,1.5%,600,BUNDLE (20x) - LOSS,£-33.26,Exact EAN match; Brand: CHEF AID,Negative adjusted profit: £-33.26
HIGHLY_LIKELY_RECOMMENDED,2067,HIGHLY LIKELY,85,FAIRY MAX POWER SOAP DISPENSING DISH BRUSH,Fairy Soap Dispensing Dish Brush,5010303194387.0,5010303180588.0,B0BYKDX25N,£1.73,£6.57,£0.06,2.8%,50,1:1 Match,£0.06,Brand: FAIRY; Product: dish; Title match: 86%,-
HIGHLY_LIKELY_RECOMMENDED,1748,HIGHLY LIKELY,85,"AMTECH POINTING TROWEL 150M(6"") WITH SOFT GRIP","Amtech G0230 150mm (6"") Pointing trowel with soft grip",5032759027644.0,-,B00ABJQTPU,£2.06,£7.49,£0.63,27.6%,50,1:1 Match,£0.63,Brand: AMTECH; Product: trowel; Title match: 74%,-
HIGHLY_LIKELY_RECOMMENDED,1749,HIGHLY LIKELY,85,FAIRY MAX POWER SOAP DISPENSING DISH BRUSH & REFIL...,Fairy Soap Dispensing Dish Brush,5010303194424.0,5010303180588.0,B0BYKDX25N,£1.20,£6.57,£0.42,27.4%,50,SPLIT (1/3) - OK,£1.23,Brand: FAIRY; Product: dish; Title match: 72%,-
HIGHLY_LIKELY_RECOMMENDED,1981,HIGHLY LIKELY,85,WHAM CRYSTAL CD BOX CLEAR,Wham Pack 5 Crystal 17L Box & Lid Clear,5038135113208.0,5057604505344.0,B0B5V4C96Q,£4.02,£21.19,£0.35,8.9%,50,1:1 Match,£0.35,Brand: WHAM; Product: box; Title match: 72%,-
HIGHLY_LIKELY_RECOMMENDED,2027,HIGHLY LIKELY,85,HARRIS PUTTY KNIFE,Harris Seriously Good Putty Knife,5056287402902.0,-,B0815B7FBY,£2.22,£6.98,£0.13,5.6%,50,1:1 Match,£0.13,Brand: HARRIS; Product: putty; Title match: 71%,-
HIGHLY_LIKELY_RECOMMENDED,1762,HIGHLY LIKELY,85,ROLSON PLASTERING TROWEL 280X115MM,"Rolson 52245 Smooth Plastering Trowel, Multi, 280 x 120 mm",5029594522380.0,5029594522458.0,B006A7D1O4,£2.68,£9.29,£0.74,26.7%,100,1:1 Match,£0.74,Brand: ROLSON; Product: trowel,-
HIGHLY_LIKELY_RECOMMENDED,1422,HIGHLY LIKELY,85,MARIGOLD OUTDOOR GLOVES EXTRA LARGE,Marigold 2 x Extra Tough Outdoor Gloves - Single Pair (Extra...,5010232988019.0,9790504074621.0,B08XWB7JW9,£2.02,£7.99,£1.41,63.2%,200,1:1 Match,£1.41,Brand: MARIGOLD; Product: gloves,-
HIGHLY_LIKELY_RECOMMENDED,621,HIGHLY LIKELY,85,TIDYZ WHEELY BIN LINERS 5 BAGS 300L,Tidyz 30 Extra Large Wheelie Bin Liners Waste Rubbish Bags 3...,5025364005824.0,5025762919174.0,B07MGLHMWY,£0.74,£9.98,£2.77,236.5%,500,SPLIT (1/5) - OK,£3.36,Brand: TIDYZ; Product: liners,-
HIGHLY_LIKELY_RECOMMENDED,1410,HIGHLY LIKELY,85,EVERBUILD BITUMEN TROWEL MASTIC 1 LITRE,"Everbuild 103 Premium Trowel Mastic, Stone, 6 kg",5029347009311.0,-,B0070U64RG,£9.20,£22.54,£5.34,64.9%,50,1:1 Match,£5.34,Brand: EVERBUILD; Product: trowel,-
HIGHLY_LIKELY_RECOMMENDED,1730,HIGHLY LIKELY,85,PYREX AIR FRYER SQUARE DISH 20X17CM,PYREX PREPWARE â€“ Square Glass Dish 20 x 17 cm â€“ 1 L,3426470301268.0,-,B0DN1HXF9B,£3.70,£9.99,£1.04,28.5%,50,1:1 Match,£1.04,Brand: PYREX; Product: dish,-
HIGHLY_LIKELY_RECOMMENDED,1918,HIGHLY LIKELY,85,CHEF AID PASTRY BRUSH 3 IN 1 CARDED,"Chef Aid Pure Bristle Pastry Brush, Beige",5012904013777.0,5012904088409.0,B008CY80YY,£0.77,£3.75,£0.16,13.9%,400,1:1 Match,£0.16,Brand: CHEF AID; Product: brush,-
HIGHLY_LIKELY_RECOMMENDED,1789,HIGHLY LIKELY,85,APOLLO WOODEN DISH STAND,"APOLLO 1684 Wooden dish drainer, Wood, 40x34x4",5026180050005.0,-,B0095RXTHA,£3.77,£9.86,£0.88,24.0%,50,1:1 Match,£0.88,Brand: APOLLO; Product: dish,-
HIGHLY_LIKELY_RECOMMENDED,1364,HIGHLY LIKELY,85,AMTECH SHARPENING STONE 2000,"Amtech E2300 300mm (12"") Cigar Sharpening Stone",5032759001675.0,-,B004TRT3K8,£1.09,£6.90,£1.02,69.7%,50,1:1 Match,£1.02,Brand: AMTECH; Product: stone,-
HIGHLY_LIKELY_RECOMMENDED,2073,HIGHLY LIKELY,85,PYREX ESSENTIALS CASSEROLE OVAL 4.1LTR,"Pyrex Essentials Glass oval Casserole high resistance, 3 L",3426470268684.0,-,B01LCYXS24,£10.55,£16.89,£0.21,2.3%,100,1:1 Match,£0.21,Brand: PYREX; Product: casserole,-
HIGHLY_LIKELY_RECOMMENDED,1630,HIGHLY LIKELY,85,DRAPER SPANNER SET METRIC COMBINATION,Draper 1 x Redline 68481 Metric Combination Spanner Set (11-...,5010559684793.0,5010559684816.0,B0114IPMS6,£6.18,£15.10,£2.15,37.8%,100,1:1 Match,£2.15,Brand: DRAPER; Product: pan,-
HIGHLY_LIKELY_RECOMMENDED,1881,HIGHLY LIKELY,85,AMTECH TROWEL MARGIN - SOFT GRIP5X2,"Amtech G0230 150mm (6"") Pointing trowel with soft grip",5032759038138.0,5032759027644.0,B00ABJQTPU,£2.00,£7.49,£0.35,15.8%,50,1:1 Match,£0.35,Brand: AMTECH; Product: trowel,-
HIGHLY_LIKELY_RECOMMENDED,696,HIGHLY LIKELY,85,BACOFOIL ZIPPER BAGS ALL PURPOSE 12 PACK 1L (PM Â£...,Bacofoil 3 x Zipper Small All Purpose Bags Food Freezing Sto...,5023139862917.0,-,B08FBJ59DR,£1.03,£9.96,£2.93,207.8%,500,BUNDLE (3x) - OK,£0.09,Brand: BACOFOIL; Product: bag,-
HIGHLY_LIKELY_RECOMMENDED,1560,HIGHLY LIKELY,85,LITTLE TREES CAR FRESHENER ORANGE JUICE,Little Trees Air Freshener Tree LTZ084 Orange Juice Fragranc...,7612720201457.0,5015926091990.0,B08DRRKWKQ,£0.94,£4.98,£0.61,45.9%,50,1:1 Match,£0.61,Brand: LITTLE TREES; Product: freshener,-
HIGHLY_LIKELY_RECOMMENDED,1718,HIGHLY LIKELY,85,ROLSON CLAW HAMMER FIBREGLASS 8OZ,Rolson 11201 8oz Stubby Claw Hammer,5029594103718.0,5029594112017.0,B00JITHXRM,£2.89,£8.09,£0.86,29.1%,300,1:1 Match,£0.86,Brand: ROLSON; Product: hammer,-
HIGHLY_LIKELY_RECOMMENDED,1166,HIGHLY LIKELY,85,SOUDAL EXPANDING FOAM HANDHELD 750ML,Soudal 750ml Champagne Gap Filler Expanding Foam Handheld Sp...,5411183078956.0,-,B07STZLCM6,£4.56,£15.55,£4.25,97.8%,400,1:1 Match,£4.25,Brand: SOUDAL; Product: pan,-
HIGHLY_LIKELY_RECOMMENDED,2088,HIGHLY LIKELY,85,STATUS 3WAY BASIC C/FREE SOCKET WHT 1PK CLAM,STATUS 2 Way Socket | 2 USB Port Cable Free Socket | S2W2USB...,5022822194984.0,5022822207776.0,B08CVK7746,£3.49,£9.00,£0.04,1.2%,200,1:1 Match,£0.04,Brand: STATUS; Product: socket,-
HIGHLY_LIKELY_RECOMMENDED,786,HIGHLY LIKELY,85,SOUDAL EXPANDING FOAM HAND HELD 150ML,Soudal 750ml Champagne Gap Filler Expanding Foam Handheld Sp...,5411183131217.0,-,B07STZLCM6,£3.10,£15.55,£5.47,174.9%,400,1:1 Match,£5.47,Brand: SOUDAL; Product: pan,-
HIGHLY_LIKELY_RECOMMENDED,1486,HIGHLY LIKELY,85,STATUS TV AERIAL LEAD 5M CABLE IN CDU,Status 15 Metre TV Aerial Cable Extension Kit | White | Exte...,5022822163881.0,5022822202900.0,B08N713Y2V,£1.61,£7.95,£1.05,55.8%,200,1:1 Match,£1.05,Brand: STATUS; Product: cable,-
HIGHLY_LIKELY_RECOMMENDED,919,HIGHLY LIKELY,85,EXTRA SELECT PREMIUM RABBIT FOOD BUCKET 5L,Extra Select Premium Rabbit Mix Bucket 5L - Balanced Complem...,5022245000282.0,-,B07DLSHF4Z,£3.36,£14.99,£4.86,145.0%,300,1:1 Match,£4.86,Brand: EXTRA; Product: bucket,-
HIGHLY_LIKELY_RECOMMENDED,2032,HIGHLY LIKELY,85,EVERBUILD ONE STRIKE FILLER 250ML,Everbuild â€“ One Strike â€“ Multi-Purpose Quick-Drying Fill...,5029347300029.0,-,B001326TJA,£2.76,£8.75,£0.15,5.3%,500,1:1 Match,£0.15,Brand: EVERBUILD; Product: filler,-
HIGHLY_LIKELY_RECOMMENDED,1926,HIGHLY LIKELY,85,PREMIER FLICKABRIGHT GLASS SPHERE CANDLE 10CM,Premier Decorations Red LED Flickabrights Wax Candle Battery...,5053844442395.0,5053844283202.0,B0CN8RKX3Y,£3.96,£10.95,£0.51,13.1%,50,1:1 Match,£0.51,Brand: PREMIER; Product: candle,-
HIGHLY_LIKELY_RECOMMENDED,1047,HIGHLY LIKELY,85,PREMIER FLICKABRIGHT TEALIGHT CANDLE 7.3X3.5CM,Premier Decorations Red LED Flickabrights Wax Candle Battery...,-,5053844283202.0,B0CN8RKX3Y,£1.75,£10.95,£2.35,116.7%,50,1:1 Match,£2.35,Brand: PREMIER; Product: candle,-
HIGHLY_LIKELY_RECOMMENDED,778,HIGHLY LIKELY,85,DEKTON HIGH POWER TYPE C RECHARGEABLE FLASHLIGHT,WUBEN E7 1800 Lumen Torch Light with Magnet - Super Bright 6...,5055441448329.0,-,B0CLTVVT14,£5.92,£26.09,£9.77,178.3%,200,1:1 Match,£9.77,Brand: FLASH; Product: light,-
HIGHLY_LIKELY_RECOMMENDED,162,HIGHLY LIKELY,85,EVERBUILD SEALANT STRIPOUT TOOL,Everbuild Super Flow Sealant/Adhesive Cartridge Applicator G...,5029347603557.0,-,B00IZMVQOO,£4.10,£49.65,£28.79,725.2%,400,1:1 Match,£28.79,Brand: EVERBUILD; Product: sealant,-
HIGHLY_LIKELY_RECOMMENDED,613,HIGHLY LIKELY,85,WHAM CRYSTAL 60LTR SMOKE BOX & LID,Wham Crystal 5 x 60L Stackable Plastic Storage Boxes with Li...,5038135251504.0,5057604505252.0,B0B5TP5BRN,£6.30,£40.80,£13.81,238.1%,50,1:1 Match,£13.81,Brand: WHAM; Product: box,-
HIGHLY_LIKELY_RECOMMENDED,1060,HIGHLY LIKELY,85,WHAM CRYSTAL 32LTR SMOKE BOX & LID,Wham Crystal 5 x 32L Stackable Plastic Storage Boxes with Li...,5038135251009.0,9786040194312.0,6040194316,£4.57,£28.99,£5.02,115.1%,100,1:1 Match,£5.02,Brand: WHAM; Product: box,-
HIGHLY_LIKELY_RECOMMENDED,1085,HIGHLY LIKELY,85,MASON CASH MIXING BOWL OWL STONE 26CM,Mason Cash in The Forest Owl Mixing Bowl 4 Litre | 26cm Dark...,5010853197838.0,5010853271859.0,B08KJB12RQ,£6.46,£23.71,£6.54,110.3%,300,1:1 Match,£6.54,Brand: MASON CASH; Product: bowl,-
HIGHLY_LIKELY_RECOMMENDED,785,HIGHLY LIKELY,85,MASON CASH MIXING BOWL IN THE MEADOW DAFFODIL 21CM,Mason Cash in The Forest Hedgehog Mixing Bowl 1.1 Litre | 21...,5010853281667.0,5010853271866.0,B08KJGYJNK,£4.78,£22.62,£7.96,175.7%,100,1:1 Match,£7.96,Brand: MASON CASH; Product: bowl,-
HIGHLY_LIKELY_RECOMMENDED,1036,HIGHLY LIKELY,85,AMTECH PADLOCK BRASS 20MM,"Amtech T0790 Brass Small Padlocks with Keys for Luggage, loc...",5032759006113.0,-,B007UIJIW6,£1.33,£7.64,£1.99,119.7%,50,1:1 Match,£1.99,Brand: AMTECH; Product: lock,-
HIGHLY_LIKELY_RECOMMENDED,1919,HIGHLY LIKELY,85,ROLSON BALL ENDED HEX SCREWDRIVER 7PC BITS,"Rolson 51 pc Screwdriver & Bit Set (Chrome Vanadium Steel, S...",5029594303187.0,5029594284295.0,B00JITIIQ2,£3.07,£8.47,£0.43,13.8%,400,1:1 Match,£0.43,Brand: ROLSON; Product: screwdriver,-
HIGHLY_LIKELY_RECOMMENDED,1122,HIGHLY LIKELY,85,TIDYZ BIN LINER BLACK 10 BAGS 50LTR,Tidyz 2 X 10 Wheelie Bin Extra Large Liners 300L Black Dustb...,5025364002052.0,8800202193607.0,B07B656W3B,£0.74,£7.89,£1.23,104.7%,700,1:1 Match,£1.23,Brand: TIDYZ; Product: bin,-
HIGHLY_LIKELY_RECOMMENDED,1197,HIGHLY LIKELY,85,SPONTEX QUICK SPRAY MOP DUO,Spontex Quick Spray Duo Flat Spray Mop with Washable Microfi...,3384128001482.0,3384120013698.0,B0D67FMZ5N,£15.53,£39.99,£12.73,94.4%,50,1:1 Match,£12.73,Brand: SPONTEX; Product: spray,-
HIGHLY_LIKELY_RECOMMENDED,1900,HIGHLY LIKELY,85,KILROCK MOULD & MILDEW REMOVER BRUSH ON GEL 250ML(...,Kilrock Mould Remover Brush-On Gel 2 x 250ml - Eliminates Mo...,5014353089174.0,5060591430056.0,B08MGX9WRF,£2.76,£8.42,£0.43,15.0%,200,1:1 Match,£0.43,Brand: KILROCK; Product: brush,-
HIGHLY_LIKELY_RECOMMENDED,1506,HIGHLY LIKELY,85,TIDYZ FREEZER BAGS 100 PCS XLLARGE,100 TidyZ Large Slide Zip Freezer Bags. Resealable. Zip Lock...,5025364005671.0,5025364007330.0,B0F24X8FY5,£0.74,£6.49,£0.61,52.0%,900,SPLIT (1/100) - OK,£1.34,Brand: TIDYZ; Product: bag,-
HIGHLY_LIKELY_RECOMMENDED,1664,HIGHLY LIKELY,85,TIDYZ RUBBLE BAG HEAVY DUTY 7BAGS 32L,20 TidyZ Heavy-Duty Rubble Sacks. Made from 100% Recycled Pl...,5025364024580.0,5025364007811.0,B0D3M947J7,£0.80,£6.99,£0.41,34.0%,100,SPLIT (1/7) - OK,£1.10,Brand: TIDYZ; Product: bag,-
HIGHLY_LIKELY_RECOMMENDED,1507,HIGHLY LIKELY,85,TIDYZ FREEZER BAGS 150PCS,100 TidyZ Large Slide Zip Freezer Bags. Resealable. Zip Lock...,5025364006876.0,5025364007330.0,B0F24X8FY5,£0.74,£6.49,£0.61,52.0%,900,SPLIT (1/150) - OK,£1.35,Brand: TIDYZ; Product: bag,-
HIGHLY_LIKELY_RECOMMENDED,1479,HIGHLY LIKELY,85,TIDYZ FOOD BAG 300PCS,600 TidyZ Food Freezer Bags with TIe Handles. Large Kitchen ...,5025364005572.0,5025364007873.0,B0DFH6MH97,£0.74,£6.49,£0.66,56.3%,400,SPLIT (1/3) - OK,£1.15,Brand: TIDYZ; Product: bag,-
HIGHLY_LIKELY_RECOMMENDED,607,HIGHLY LIKELY,85,THE CHRISTMAS WORKSHOP 40 FAIRY LIGHTS  CLEAR,40M 800 LED Fairy Lights Outdoor Christmas Lights Plug in Cl...,5025301757007.0,-,B0FP2FYNHZ,£3.96,£23.99,£9.31,241.9%,200,1:1 Match,£9.31,Brand: FAIRY; Product: light,-
HIGHLY_LIKELY_FILTERED,313,HIGHLY LIKELY,85,DRAPER HSS DRILL BIT 1.5 MM,"Draper 18551 Combined HSS and Masonry Drill Bit Set, Blue, 1...",5059482059971.0,-,B009RM6PGU,£0.74,£12.93,£5.16,440.6%,100,BUNDLE (17x) - LOSS,£-6.75,Brand: DRAPER; Product: drill,Negative adjusted profit: £-6.75
HIGHLY_LIKELY_FILTERED,658,HIGHLY LIKELY,85,TIDYZ PEDAL BIN LINERS 40 WHITE TIE HANDLE 15L,Tidyz 6 Packs Of 40 White Plastic Bin Bags - Fits 15L Pedal ...,5025364000652.0,8800202181437.0,B07F2MFZT5,£0.80,£9.38,£2.73,223.5%,500,BUNDLE (240x) - LOSS,£-189.43,Brand: TIDYZ; Product: bin,Negative adjusted profit: £-189.43
HIGHLY_LIKELY_FILTERED,659,HIGHLY LIKELY,85,TIDYZ COMPOSTABLE 15 BAGS 10LTR,Tidyz 6 Packs Of 40 White Plastic Bin Bags - Fits 15L Pedal ...,5025364006043.0,8800202181437.0,B07F2MFZT5,£0.80,£9.38,£2.73,223.5%,500,BUNDLE (16x) - LOSS,£-9.33,Brand: TIDYZ; Product: bag,Negative adjusted profit: £-9.33
HIGHLY_LIKELY_FILTERED,1136,HIGHLY LIKELY,85,KILROCK BATHROOM & KITCHEN DRAIN UNBLOCKER 1 LITRE...,Kilrock SLAM - Sink and Plughole Bathroom Drain Unblocker - ...,5014353093539.0,-,B099H4D9TH,£4.16,£14.90,£4.12,102.6%,50,BUNDLE (12x) - LOSS,£-41.68,Brand: KILROCK; Product: lock,Negative adjusted profit: £-41.68
HIGHLY_LIKELY_FILTERED,1148,HIGHLY LIKELY,85,BACOFOIL ZIPPER BAGS ALL PURPOSE 15 PACK SMALL 1L,Bacofoil 3 x Zipper Small All Purpose Bags Food Freezing Sto...,5023139861019.0,-,B08FBJ59DR,£1.94,£9.96,£2.17,100.0%,500,BUNDLE (3x) - LOSS,£-1.72,Brand: BACOFOIL; Product: bag,Negative adjusted profit: £-1.72
HIGHLY_LIKELY_FILTERED,1152,HIGHLY LIKELY,85,DRAPER HEX KEY SET METRIC DIY 8 PC,Draper 10 Piece T-Handle Hexagon Allen Key Set | Metric Long...,5010559680023.0,5010559338696.0,B01089N3RO,£2.56,£12.13,£2.66,99.2%,500,BUNDLE (10x) - LOSS,£-20.35,Brand: DRAPER; Product: key,Negative adjusted profit: £-20.35
HIGHLY_LIKELY_FILTERED,1357,HIGHLY LIKELY,85,TIDYZ 50 WHITE PEDAL BIN LINERS+HANDLE 15L,Tidyz 3 Packs Of 40 White Plastic Disposable Pedal Bin Liner...,5025364024801.0,8800202181567.0,B07F2JQ4B7,£0.85,£7.59,£0.89,70.2%,50,BUNDLE (120x) - LOSS,£-100.50,Brand: TIDYZ; Product: liner,Negative adjusted profit: £-100.50
HIGHLY_LIKELY_FILTERED,1367,HIGHLY LIKELY,85,PYREX CLASSIC CASSEROLE 1.3LTR,Pyrex Essentials Glass Round Casserole Dish with Lid 1.0L Tr...,3426470261524.0,-,B08KWGQGK6,£5.71,£16.12,£3.70,69.6%,50,BUNDLE (2x) - LOSS,£-2.01,Brand: PYREX; Product: casserole,Negative adjusted profit: £-2.01
HIGHLY_LIKELY_FILTERED,1538,HIGHLY LIKELY,85,TIDYZ CARRIERS HANDY BAGS 40 PCS 45CM x 57.5cm,Tidyz 2 Packs Of 40 Handy Bags - Carrier Bags - Fits 15L Ped...,5025364000003.0,8800202181697.0,B07F2P9ZXR,£0.80,£6.25,£0.59,48.2%,200,BUNDLE (2x) - LOSS,£-0.22,Brand: TIDYZ; Product: bag,Negative adjusted profit: £-0.22
HIGHLY_LIKELY_FILTERED,1606,HIGHLY LIKELY,85,FLASH MICROFIBRE MOP HEAD,"6 PCS Reusable Mop Refill Pads for Flash Powermop, Microfibe...",5010303194028.0,-,B0BJPYJPZ1,£2.15,£8.49,£0.93,40.0%,200,BUNDLE (6x) - LOSS,£-9.80,Brand: FLASH; Product: mop,Negative adjusted profit: £-9.80
HIGHLY_LIKELY_FILTERED,1629,HIGHLY LIKELY,85,FAIRY DUAL SPONGE SCOURER WITH CRYSTALS PK2,Addis Fairy Originals Non Scratch General Dual Sponge Scoure...,5010303179971.0,5010303179995.0,B09P1G3YJ5,£0.90,£5.99,£0.49,37.8%,100,BUNDLE (6x) - LOSS,£-4.01,Brand: FAIRY; Product: sponge,Negative adjusted profit: £-4.01
HIGHLY_LIKELY_FILTERED,1707,HIGHLY LIKELY,85,BLUE CANYON ROUND WALL MIRROR WHITE,"Blue Canyon Round Mirror, 40 cm Length x 40 cm Width, White",5060386422662.0,-,B01CMHNDKC,£6.84,£14.95,£1.93,30.9%,50,BUNDLE (40x) - LOSS,£-264.83,Brand: BLUE CANYON; Product: mirror,Negative adjusted profit: £-264.83
HIGHLY_LIKELY_FILTERED,1756,HIGHLY LIKELY,85,PYREX ESSENTIALS CASSEROLE 6.7LTR RECT,Pyrex Essentials - Set of 3 glass casseroles high resistance...,3426470283373.0,764558754944.0,B00NEKRON4,£13.57,£29.84,£3.19,26.9%,300,BUNDLE (3x) - LOSS,£-23.96,Brand: PYREX; Product: casserole,Negative adjusted profit: £-23.96
HIGHLY_LIKELY_FILTERED,2003,HIGHLY LIKELY,85,AMTECH BOX SPANNER /TOMMY BAR,Amtech K1150 6 Piece Tubular Box Spanner Set with Tommy bar,5032759049905.0,-,B004GY24EQ,£2.74,£7.69,£0.21,7.3%,50,BUNDLE (6x) - LOSS,£-13.47,Brand: AMTECH; Product: spanner,Negative adjusted profit: £-13.47
HIGHLY_LIKELY_FILTERED,2045,HIGHLY LIKELY,85,PYREX BUTTERFLY RECTANGULAR DISH SET OF 2,Pyrex - Set of 3 Rectangular Oven Dishes - Ideal for 2 to 6 ...,3426470299985.0,-,B0BN8J4WLM,£14.50,£26.89,£0.59,4.7%,400,BUNDLE (1x) - LOSS,£-6.66,Brand: PYREX; Product: dish,Negative adjusted profit: £-6.66
HIGHLY_LIKELY_FILTERED,2054,HIGHLY LIKELY,85,KILROCK PLUGHOLE FRESHENER CITRUS FRESH 500ML(SOLD...,Kilrock Plughole Unblocker Bathroom 500ml 2 Pack - Fast-Acti...,5014353092389.0,-,B00VHWXWOG,£2.68,£7.49,£0.12,4.2%,50,BUNDLE (2x) - LOSS,£-2.56,Brand: KILROCK; Product: plug,Negative adjusted profit: £-2.56
HIGHLY_LIKELY_FILTERED,2098,HIGHLY LIKELY,85,WHAM CRYSTAL 160LTR CLEAR BOX & LID,"Wham Pack of 2 Crystal Storage Boxes with Lids, Plastic, 80L...",5038135120701.0,9876553862614.0,B08P8GS8XP,£16.12,£23.21,£0.05,0.4%,300,BUNDLE (2x) - LOSS,£-16.07,Brand: WHAM; Product: box,Negative adjusted profit: £-16.07
NEEDS_VERIFICATION,1729,NEEDS VERIFICATION,85,ULTRATAPE PICTURE FRAME TAPE 24MMX50M,Ultratape | Picture Frame Tape | 48mm x 33m,5027785817369.0,5027785811817.0,B073VPL2VQ,£1.15,£6.53,£0.43,28.6%,50,1:1 Match,£0.43,Product: tape; Title match: 85%,Confirm brand on packaging
NEEDS_VERIFICATION,1821,NEEDS VERIFICATION,81,FALCON ENAMEL ROUND PIE DISH  26CM,FALCON Round Pie Dish White 26CM,5012823030916.0,-,B07NNY768K,£4.46,£10.69,£0.89,20.9%,50,1:1 Match,£0.89,Product: dish; Title match: 82%,Confirm brand on packaging
NEEDS_VERIFICATION,2091,NEEDS VERIFICATION,76,PRICE & KENSINGTON 2 CUP TEAPOT MATT NAVY,Price & Kensington Black 6 Cup Teapot,5010853210520.0,5010853110851.0,B0013IUIPA,£5.45,£14.78,£0.05,0.9%,100,1:1 Match,£0.05,Product: cup; Title match: 77%,Confirm brand on packaging
NEEDS_VERIFICATION,252,NEEDS VERIFICATION,76,PRIMA MULTI SHOWERHEAD CHROME,Lara | Multi Spray Shower Head - Chrome,5038673230474.0,-,B00569FG1S,£1.70,£21.99,£10.37,526.1%,100,1:1 Match,£10.37,Title match: 76%,Confirm brand on packaging
NEEDS_VERIFICATION,1745,NEEDS VERIFICATION,75,EXTRA SELECT FISH FOOD BLEND BUCKET 5L,"Extra Select Complete Fish Food Blend Tub, 5 Litre",5022245006710.0,-,B00X5D4SE8,£6.71,£14.49,£1.71,27.9%,50,1:1 Match,£1.71,Brand: EXTRA; Title match: 75%,Moderate title match - verify product details
NEEDS_VERIFICATION,1995,NEEDS VERIFICATION,73,BAKER & SALT LOOSE CASE CAKE TIN 23CM,Baker & Salt Loose Based Round Cake Tin Deep - 09inch,5038135559808.0,-,B082Q34WLQ,£5.30,£10.99,£0.40,8.1%,50,1:1 Match,£0.40,Title match: 73%,Confirm brand on packaging
NEEDS_VERIFICATION,1467,NEEDS VERIFICATION,72,DOFF CONCENTRATED MULTI PURPOSE FEED 1L,2 X Doff 1L Liquid Seaweed Concentrated Multi-Purpose Feed,5013655218435.0,-,B073TZKMK9,£3.13,£10.44,£1.82,57.8%,50,1:1 Match,£1.82,Title match: 72%,Confirm brand on packaging
NEEDS_VERIFICATION,1129,NEEDS VERIFICATION,67,PAN AROMA CANDLE TALL APPLE&CINN EACH,Pan Aroma 16 Tea Lights Apple & Cinnamon,5053249224688.0,5053249228174.0,B083XH692T,£1.08,£6.87,£1.51,104.5%,100,1:1 Match,£1.51,Product: pan,Confirm brand on packaging
NEEDS_VERIFICATION,2101,NEEDS VERIFICATION,66,SMART CHOICE TYRE RING DOG TOY,"Smart Choice Dog Toy Box, Grey",5052516201520.0,5052516213103.0,B0B8T9L8RY,£2.89,£8.95,£0.01,0.3%,100,1:1 Match,£0.01,Weak evidence,Confirm brand on packaging
NEEDS_VERIFICATION,1128,NEEDS VERIFICATION,65,PAN AROMA CANDLE ROUND APPLE CINNAMON EACH,Pan Aroma 16 Tea Lights Apple & Cinnamon,5053249216003.0,5053249228174.0,B083XH692T,£1.08,£6.87,£1.51,104.5%,100,1:1 Match,£1.51,Product: pan,Confirm brand on packaging
NEEDS_VERIFICATION,1647,NEEDS VERIFICATION,65,ELBOW GREASE FOAMING TOILET CLEANER EUCALYPTUS 500...,"3 x Elbow Grease Foaming Toilet Cleaner, Deep Cleaning Actio...",5053249277943.0,5053249253183.0,B0CCJS5GKB,£2.09,£9.17,£0.82,35.9%,200,1:1 Match,£0.82,Product: cleaner,Confirm brand on packaging
NEEDS_VERIFICATION,1928,NEEDS VERIFICATION,64,EVERBUILD JET RAPID SET CEMENT 3KG,"Everbuild Jetcem Deep Rapid Repair Sand and Cement, Grey, 6 ...",5010618043103.0,-,B001V9T690,£4.63,£10.44,£0.57,13.0%,50,1:1 Match,£0.57,Brand: EVERBUILD,Moderate title match - verify product details
NEEDS_VERIFICATION,1844,NEEDS VERIFICATION,64,AMTECH TELESCOPIC PICKUP TOOL,Amtech S8006 3 LED telescopic torch and magnetic pick up too...,5032759005864.0,-,B00HMDJD38,£2.72,£7.19,£0.54,19.2%,100,1:1 Match,£0.54,Brand: AMTECH,Moderate title match - verify product details
NEEDS_VERIFICATION,1181,NEEDS VERIFICATION,64,BACOFOIL EASY CUT KITCHEN FOIL REFILL 15M,"3 x Easy Cut Refill Kitchen Foil 300mm, 15m",5023139270705.0,9876553908060.0,B08TCDBQTC,£2.95,£13.13,£2.90,96.4%,500,1:1 Match,£2.90,Product: foil,Confirm brand on packaging
NEEDS_VERIFICATION,1051,NEEDS VERIFICATION,63,SMART CHOICE 10 RAWHIDE CHICKEN TREAT,Smartbones 10 Chicken Sticks Rawhide Free Chew Dog Treats,1072556214803.0,810833027156.0,B07R97DV7D,£1.75,£9.89,£2.33,116.0%,900,1:1 Match,£2.33,Weak evidence,Confirm brand on packaging
NEEDS_VERIFICATION,2062,NEEDS VERIFICATION,62,WHAM CRYSTAL 80LTR CLEAR BOX & LID,CRYSTAL 80L BOX & LID CLEAR 11315,5038135113154.0,-,B01H2SZRS2,£7.38,£13.19,£0.23,3.5%,100,1:1 Match,£0.23,Product: box,Confirm brand on packaging
NEEDS_VERIFICATION,794,NEEDS VERIFICATION,62,BEAUFORT SQUARE FOOD CONTAINER 1LTR,Beaufort 13 Litre New SQUARE FOOD & CAKE CONTAINER WITH CLEA...,5014348277067.0,-,B0046MHRMM,£0.74,£7.92,£2.03,173.5%,200,1:1 Match,£2.03,Product: container,Confirm brand on packaging
NEEDS_VERIFICATION,1061,NEEDS VERIFICATION,61,MENS WATERPROOF FLEECE TRAPPER HAT WITH MASK BLACK,HEAT HOLDERS - Mens Waterproof Fleece Lined Winter Thermal T...,5060605732022.0,5019041167141.0,B07F8VJHWF,£6.07,£21.98,£6.45,114.9%,100,1:1 Match,£6.45,Weak evidence,Confirm brand on packaging
NEEDS_VERIFICATION,1986,NEEDS VERIFICATION,61,ASHLEY CASH BOX 4.5 INCH,Ashley - Metal Cash Box - 20.5cm - Red,5017403013167.0,5017403013181.0,B000OTPWNC,£3.56,£10.15,£0.31,8.8%,100,1:1 Match,£0.31,Product: box,Confirm brand on packaging
NEEDS_VERIFICATION,2093,NEEDS VERIFICATION,60,ROLSON CHALK LINE AND LAYOUT SET 3PCE,Rolson 52537 3 pc Chalk Line Set,5029594525374.0,-,B000QFCQ6U,£2.68,£7.36,£0.02,0.8%,50,1:1 Match,£0.02,Brand: ROLSON,Moderate title match - verify product details
NEEDS_VERIFICATION,224,NEEDS VERIFICATION,60,WORLD OF PETS CAT LITTER SCENTED 3LT,World's Best Cat Litter 28lb (12.7kg) Lavender Scented,5052516216876.0,-,B009S64OI6,£2.76,£39.19,£16.14,566.3%,800,1:1 Match,£16.14,Product: scent,Confirm brand on packaging
NEEDS_VERIFICATION,1370,NEEDS VERIFICATION,59,GIFTMAKER CHRISTMAS NON WOVEN SANTA SACK SPECIAL D...,Giftmaker Collection Large Christmas Santa Sack Gift Stockin...,5012128616778.0,-,B09HCS9QM2,£1.14,£6.99,£1.04,69.4%,100,1:1 Match,£1.04,Weak evidence,Confirm brand on packaging
NEEDS_VERIFICATION,743,NEEDS VERIFICATION,59,BEAUFORT SQUARE FOOD CONTAINER 600ML,Beaufort 13 Litre New SQUARE FOOD & CAKE CONTAINER WITH CLEA...,5014348229363.0,-,B0046MHRMM,£0.66,£7.91,£2.09,190.3%,200,1:1 Match,£2.09,Product: container,Confirm brand on packaging
NEEDS_VERIFICATION,1165,NEEDS VERIFICATION,59,BEAUFORT MEASURE ULTIMATE JUG 3LTR,Beaufort 3 Litre Ultimate Plastic Measuring Jug,5014348292350.0,-,B008ES6SLU,£0.88,£6.98,£1.25,98.0%,50,1:1 Match,£1.25,Product: mat,Confirm brand on packaging
NEEDS_VERIFICATION,1970,NEEDS VERIFICATION,58,SMART CHOICE CANVAS PLUSH/ROPE DOG TOY,"Smart Choice Dog Toy Box, Grey",5052516214421.0,-,B0B8T9L8RY,£3.62,£8.95,£0.36,10.1%,100,1:1 Match,£0.36,Weak evidence,Confirm brand on packaging
NEEDS_VERIFICATION,2025,NEEDS VERIFICATION,58,HAPPY 8TH BIRTHDAY BANNER PINK 9FT,Oaktree UK 9ft Banner Happy 8th Birthday Pink,11179859658.0,5055370624405.0,B01N7UCP9P,£0.80,£3.78,£0.07,5.7%,50,1:1 Match,£0.07,Product: pin,Confirm brand on packaging
NEEDS_VERIFICATION,1773,NEEDS VERIFICATION,57,PPS POCKET TISSUES 3PLY 10S PK10,"Handy Pocket 3ply Tissues, Packs of 10",5030481970238.0,5028635004045.0,B073H7GJ13,£0.67,£5.95,£0.29,26.0%,100,1:1 Match,£0.29,Weak evidence,Confirm brand on packaging
NEEDS_VERIFICATION,399,NEEDS VERIFICATION,57,PENDEFORD POTATO BAKER,"Microwave Potato Baker, Red",5015826003444.0,-,B07DBMSL8S,£1.06,£12.58,£5.07,354.6%,50,1:1 Match,£5.07,Product: pot,Confirm brand on packaging
NEEDS_VERIFICATION,1744,NEEDS VERIFICATION,57,KILNER BOTTLE SQUARE 1LTR,"Kilner Clip Top Bottle, 1 Litre",5010853253428.0,-,B07VC8TFB8,£3.25,£9.29,£0.91,27.9%,50,1:1 Match,£0.91,Weak evidence,Confirm brand on packaging
NEEDS_VERIFICATION,812,NEEDS VERIFICATION,56,BLUE CANYON TOILET BRUSH PLASTIC LACE BLACK,BGL Stainless Steel Standing Toilet Brush for Bath Decor (Bl...,5056295703862.0,-,B07R41125W,£4.56,£19.99,£7.40,170.1%,100,1:1 Match,£7.40,Product: brush,Confirm brand on packaging
NEEDS_VERIFICATION,1852,NEEDS VERIFICATION,55,BEAUFORT SQ FOOD CONTAINER 13 LTR,Beaufort 13 Litre New SQUARE FOOD & CAKE CONTAINER WITH CLEA...,5014348241525.0,-,B0046MHRMM,£2.56,£7.90,£0.51,18.9%,200,1:1 Match,£0.51,Product: container,Confirm brand on packaging
NEEDS_VERIFICATION,1421,NEEDS VERIFICATION,55,ROUNDUP PATH WEEDKILLER RTU 1LTR 20% FREE,"Roundup Path Weedkiller, Ready to Use, Refill for Pressure S...",5017676016919.0,5017676016964.0,B01MYBH3SU,£6.02,£21.12,£3.52,63.2%,50,1:1 Match,£3.52,Brand: ROUNDUP,Moderate title match - verify product details
NEEDS_VERIFICATION,1979,NEEDS VERIFICATION,54,FALCON ENAMEL ROASTER ROUND 20CM,"Barmans BYX0B0A6289 Enamel Roaster with Lid, White, 20cm",5012823030039.0,-,B01MZHIBA9,£10.62,£17.88,£0.86,9.1%,50,1:1 Match,£0.86,Weak evidence,Confirm brand on packaging
NEEDS_VERIFICATION,1813,NEEDS VERIFICATION,54,SMART CHOICE GLOW IN THE DARK ROPE DOG TOY 6 ASSTD,"Zip witn 6 String Toy for Pets, Glow in The Dark Rope Launch...",5052516217668.0,-,B0F23YWJW9,£1.94,£5.99,£0.46,21.3%,50,1:1 Match,£0.46,Product: rope,Confirm brand on packaging
NEEDS_VERIFICATION,2026,NEEDS VERIFICATION,54,HAPPY 8TH BIRTHDAY BANNER 9FT,Oaktree UK 9ft Banner Happy 8th Birthday Pink,11179859795.0,5055370624405.0,B01N7UCP9P,£0.80,£3.78,£0.07,5.7%,50,1:1 Match,£0.07,Weak evidence,Confirm brand on packaging
NEEDS_VERIFICATION,1172,NEEDS VERIFICATION,53,FIRST STEPS  FOOD STORAGE POTS WITH SPOON 4PC ASSO...,First Steps 8 Baby Food Freezer Cubes Tray 70ml POTS BPA Fre...,5015302109141.0,5015302106799.0,B08CY3F21W,£0.94,£6.99,£1.29,97.4%,50,1:1 Match,£1.29,Product: pot,Confirm brand on packaging
NEEDS_VERIFICATION,672,NEEDS VERIFICATION,52,SCHOTT ZWIESEL WHITE WINE GLASS 407ML SET OF 2,Schott Zwiesel Pure Glassware - White Wine Glasses - Set of ...,4001836065665.0,5023041541245.0,B073XQYNQT,£3.35,£19.99,£7.18,214.9%,200,1:1 Match,£7.18,Weak evidence,Confirm brand on packaging
NEEDS_VERIFICATION,1754,NEEDS VERIFICATION,52,CHEF AID BEAN SLICER,Krisk French Style Bean Slicer - HA43,5012904036417.0,5011228689187.0,B00CH0REL4,£1.06,£6.20,£0.39,27.0%,100,1:1 Match,£0.39,Weak evidence,Confirm brand on packaging
NEEDS_VERIFICATION,1299,NEEDS VERIFICATION,52,MEMORIAL GRAVE FLOWER VASE WITH STAKE,Black Graveside Memorial Spiked Flower Vase - In Loving Memo...,5050565833143.0,5017224926998.0,B093HHQ7HB,£0.88,£7.23,£0.99,77.7%,50,1:1 Match,£0.99,Weak evidence,Confirm brand on packaging
NEEDS_VERIFICATION,131,NEEDS VERIFICATION,52,BRIGHT & HOMELY METAL WATERING CAN ROSE,Woodside Silver 9L Metal Garden and Plant Watering Can with ...,5050796010788.0,5055864219438.0,B07WMYF37Z,£0.80,£19.99,£10.53,863.1%,50,1:1 Match,£10.53,Weak evidence,Confirm brand on packaging
NEEDS_VERIFICATION,2083,NEEDS VERIFICATION,52,WHAM MEASURING JUG 2LTR,"Wham Cuisine 2L Clear Measuring Jug,JNS_453403",5038135320255.0,-,B08X1MMG5J,£0.80,£5.15,£0.02,1.5%,100,1:1 Match,£0.02,Brand: WHAM,Moderate title match - verify product details
NEEDS_VERIFICATION,1927,NEEDS VERIFICATION,52,PRIMA SALT AND PEPPER SHAKER 8X4.5CM,Juvale Salt and Pepper Shakers Stainless Steel and Glass Set,5038673180298.0,-,B00M16SQ8O,£2.27,£7.99,£0.32,13.0%,500,1:1 Match,£0.32,Weak evidence,Confirm brand on packaging
NEEDS_VERIFICATION,1537,NEEDS VERIFICATION,52,PRIMA SALT AND PEPPER SHAKER 6.3X4CM 2PC,Juvale Salt and Pepper Shakers Stainless Steel and Glass Set,5038673180212.0,-,B00M16SQ8O,£1.57,£7.99,£0.90,48.3%,500,1:1 Match,£0.90,Weak evidence,Confirm brand on packaging
NEEDS_VERIFICATION,329,NEEDS VERIFICATION,51,BRIGHT & HOMELY PILLAR CANDLE IVORY 100 HOUR BURN ...,simpa Unscented Ivory Pillar Candles Smokeless Burn 100 Hour...,5050796012256.0,-,B0FLDMBJ2M,£2.40,£21.99,£10.62,416.3%,100,BUNDLE (4x) - OK,£3.42,Product: candle,Confirm brand on packaging
NEEDS_VERIFICATION,447,NEEDS VERIFICATION,51,APOLLO STAINLESS STEEL SHARPENING STEEL,"Professional Carbon Steel Black Knife Sharpening Steel, Blac...",5026180049245.0,-,B074HFNS9B,£1.72,£14.99,£6.23,314.5%,300,1:1 Match,£6.23,Weak evidence,Confirm brand on packaging
NEEDS_VERIFICATION,1674,NEEDS VERIFICATION,51,MINKY IRONING BOARD CLIPS PK3,Minky Easy Fit Ironing board cover + Ironing Board Clips Bun...,5010353323430.0,5010353325014.0,B096K1WR72,£3.90,£11.77,£1.26,33.1%,100,1:1 Match,£1.26,Weak evidence,Confirm brand on packaging
NEEDS_VERIFICATION,1921,NEEDS VERIFICATION,51,BLOOME MINI GEL BURST AIR FRESHENER 3PK,Jelly Belly 15710A 3D Gel Mini Vent Air Freshener Duo Pack-V...,5055566940548.0,5010555157109.0,B07B9N5WFW,£1.01,£4.50,£0.19,13.7%,300,SPLIT (1/3) - OK,£0.86,Product: freshener,Confirm brand on packaging
NEEDS_VERIFICATION,781,NEEDS VERIFICATION,50,GROSVENOR 55CM TROUGH BLACK,4 Black Gros Trough 55cm,5014348297157.0,-,B0723GK5V9,£3.35,£16.49,£5.93,177.6%,50,1:1 Match,£5.93,Weak evidence,Confirm brand on packaging
NEEDS_VERIFICATION,1372,NEEDS VERIFICATION,50,HOBBY DIAMOND ROUND PAPER BASKET 12LTR,JVL Natural Round Seagrass Waste Paper Basket,8694064019331.0,5017440159040.0,B005NG8E0E,£2.35,£13.99,£1.74,69.3%,100,1:1 Match,£1.74,Product: basket,Confirm brand on packaging
NEEDS_VERIFICATION,1872,NEEDS VERIFICATION,50,ELF ARRIVAL ENVELOPE OUTFIT,Christmas Naughty Elf Arrival Clothes - Plush Snowman Outfit,5050565795922.0,-,B09J3T86D8,£1.94,£6.99,£0.37,17.1%,50,1:1 Match,£0.37,Weak evidence,Confirm brand on packaging
NEEDS_VERIFICATION,1971,NEEDS VERIFICATION,50,MASTERCLASS SALT/PAPPER MILL BLACK,MasterClass Pepper Mill or Salt Grinder with Interchangeable...,5028250807854.0,5028250807861.0,B07MC8YD65,£4.37,£10.49,£0.42,10.1%,100,1:1 Match,£0.42,Weak evidence,Confirm brand on packaging
NEEDS_VERIFICATION,1808,NEEDS VERIFICATION,50,BEAUFORT MEASURE ULTIMATE JUG 2LTR,Beaufort - 2 Litre Clear Plastic Measuring Jug,5014348291469.0,-,B003NU37MW,£0.74,£5.41,£0.25,21.5%,200,1:1 Match,£0.25,Weak evidence,Confirm brand on packaging
NEEDS_VERIFICATION,2009,NEEDS VERIFICATION,50,EXTRASTAR EXTENSION LEAD 2 GANG 2M WHITE,"EXTRASTAR 2 Gang Extension Lead, 2 Metre Extension Cable, Do...",-,5060999035297.0,B0FG23ZTX7,£3.59,£9.49,£0.25,7.0%,50,1:1 Match,£0.25,Brand: EXTRA,Moderate title match - verify product details
NEEDS_VERIFICATION,1878,NEEDS VERIFICATION,49,KILROCK SERVICE-PRO COFFEE MACHINE DESCALER 150ML(...,Kilrock Service Pro Coffee Machine Descaler & Cleaner 2 x 15...,5014353089266.0,-,B008FNVJEU,£3.96,£9.73,£0.63,16.4%,100,1:1 Match,£0.63,Brand: KILROCK,Moderate title match - verify product details
NEEDS_VERIFICATION,1411,NEEDS VERIFICATION,49,MASTER COOK DIE CAST CASSEROLE 24CM,"MasterClass Cast Aluminium Cream Casserole Dish, 24cm, 4 Lit...",6945702110326.0,5057982093273.0,B0BT51TC8X,£20.16,£48.99,£11.25,64.9%,50,1:1 Match,£11.25,Product: casserole,Moderate title match - verify product details
NEEDS_VERIFICATION,1009,NEEDS VERIFICATION,49,SALT & PEPPER SHAKERS,Juvale Salt and Pepper Shakers Stainless Steel and Glass Set,6923456807518.0,-,B00M16SQ8O,£0.80,£7.99,£1.54,126.1%,500,1:1 Match,£1.54,Weak evidence,Moderate title match - verify product details
NEEDS_VERIFICATION,990,NEEDS VERIFICATION,49,LADIES KNITTED HAT WITH FAUX FUR POM-POM,Sibba Bobble Hat for Women Winter Beanie Hats Thermal Fleece...,5060605733807.0,-,B0BHSR7XK1,£1.60,£8.99,£2.47,131.5%,50,1:1 Match,£2.47,Weak evidence,Moderate title match - verify product details
NEEDS_VERIFICATION,1796,NEEDS VERIFICATION,48,KILNER PRESERVE JAR 0.25LTR SCREW LID,Kilner Preserve Jar 0.25L (250ml) Round Glass Screw Top Lid ...,5010853173566.0,-,B007MO0FIO,£1.44,£7.12,£0.40,23.0%,50,1:1 Match,£0.40,Product: screw,Moderate title match - verify product details
NEEDS_VERIFICATION,1162,NEEDS VERIFICATION,48,ADORN SALT & PEPPER SHAKER,Juvale Salt and Pepper Shakers Stainless Steel and Glass Set,6923456812383.0,-,B00M16SQ8O,£1.01,£7.99,£1.37,98.4%,500,1:1 Match,£1.37,Weak evidence,Moderate title match - verify product details
NEEDS_VERIFICATION,1306,NEEDS VERIFICATION,48,APOLLO UTENSIL HOLDER WHITE,"Premier Housewares Charm Utensil Jar, White",5026180043434.0,5018705793573.0,B01E7E7OYE,£2.58,£11.60,£2.08,76.9%,100,1:1 Match,£2.08,Weak evidence,Moderate title match - verify product details
NEEDS_VERIFICATION,1173,NEEDS VERIFICATION,48,VFM EMULSION MATT  PAINT WHITE 5L,Dulux Walls & Ceilings Matt Emulsion Paint - Pure Brilliant ...,5023608420693.0,5010212427750.0,B00JGSHTEC,£5.76,£22.96,£5.20,97.3%,200,1:1 Match,£5.20,Product: mat,Brand 'DULUX' not in Supplier title - verify
NEEDS_VERIFICATION,302,NEEDS VERIFICATION,48,HOBBY FLORIA LACE PRACTICAL BASKET MEDIUM,"Hobby Gift Sewing Box, Wood/Fabric, Embroidered Bee, Medium",8694064013285.0,5029784903364.0,B0933MHLG6,£2.00,£24.99,£9.98,449.8%,400,1:1 Match,£9.98,Weak evidence,Moderate title match - verify product details
NEEDS_VERIFICATION,754,NEEDS VERIFICATION,47,WOODEN INSECT HOUSE METAL ROOF,Garden Life Insect Hotel Wooden Bug House Natural Nest Shelt...,8720573129206.0,-,B07FYQJXXC,£3.96,£18.99,£7.19,186.8%,100,1:1 Match,£7.19,Weak evidence,Moderate title match - verify product details
NEEDS_VERIFICATION,762,NEEDS VERIFICATION,47,VFM  TRADE CONT MATT PAINT WHT 10L,Johnstone'S Trade 10 Litre Covaplus Vinyl Matt Brilliant Whi...,5023608426800.0,5053848622458.0,B00CITKJVQ,£10.96,£42.23,£17.82,184.1%,100,1:1 Match,£17.82,Product: mat,Moderate title match - verify product details
NEEDS_VERIFICATION,1940,NEEDS VERIFICATION,47,MEMORIAL PLASTIC SPIKE SPECIAL MUM & DAD,Mum And Dad - Plastic Spike Memorial Grave Vase With Butterf...,5055361711091.0,5056699407144.0,B0D8QFWZ7N,£1.78,£7.25,£0.25,12.4%,50,1:1 Match,£0.25,Weak evidence,Moderate title match - verify product details
NEEDS_VERIFICATION,1797,NEEDS VERIFICATION,47,APOLLO SILICON WHISK SPLASH 25CM,"Apollo Whisk Rainbow, silicone, 26cm, 25x6x6",5026180019903.0,-,B01H2SJJAE,£1.31,£4.90,£0.37,22.8%,200,1:1 Match,£0.37,Brand: APOLLO,Moderate title match - verify product details
NEEDS_VERIFICATION,1341,NEEDS VERIFICATION,47,DEKTON UTILTY 50PC BLADES,Heavy Duty Straight Blades,5055441438894.0,5060342586551.0,B00BEUS7YQ,£3.29,£11.99,£2.37,72.1%,100,1:1 Match,£2.37,Weak evidence,Moderate title match - verify product details
NEEDS_VERIFICATION,1156,NEEDS VERIFICATION,46,KILROCK DAMP CLEAR MOULD REMOVER ACTIVE FOAMING AC...,Kilrock 3 X Blast Away Mould Spray 500ml,5014353093294.0,-,B0791ZQMMZ,£2.14,£9.94,£2.30,98.7%,200,1:1 Match,£2.30,Brand: KILROCK,Moderate title match - verify product details
NEEDS_VERIFICATION,600,NEEDS VERIFICATION,46,KILNER 1LTR SQUARE CLIP TOP JAR (SP),6 x Kilner Clip Top Glass Storage Jar - Square 1 Litre,5010853075914.0,-,B00L9YF7S6,£3.48,£25.30,£8.49,246.2%,50,1:1 Match,£8.49,Weak evidence,Moderate title match - verify product details
NEEDS_VERIFICATION,461,NEEDS VERIFICATION,46,STEAM PUNK SKULL GOLD/BRONZE10CM ASSORTED,Nemesis Now Steampunk Clockwork Baron Skull Figurine Ornamen...,5037241304548.0,801269136529.0,B083ZR2KMN,£3.16,£23.70,£9.88,310.7%,50,1:1 Match,£9.88,Weak evidence,Moderate title match - verify product details
NEEDS_VERIFICATION,1642,NEEDS VERIFICATION,46,APOLLO POTATO MASHER STAINLESS STEEL FOLDING,"Potato Mashers, Joyoldelf Potato Masher Stainless Steel, Mas...",5026180074063.0,-,B08T1R1J3S,£2.82,£8.99,£1.06,36.5%,400,1:1 Match,£1.06,Product: pot,Brand 'APOLLO' not in Amazon title - verify
NEEDS_VERIFICATION,1697,NEEDS VERIFICATION,46,EXTRASTAR EXTENSION LEAD 6 GANG 1M WHITE,"ExtraStar 6 Way Extension Leads with Surge Protection, Wall ...",-,791348432249.0,B084Z492PW,£3.49,£11.99,£1.08,31.3%,500,1:1 Match,£1.08,Brand: EXTRA,Moderate title match - verify product details
NEEDS_VERIFICATION,1252,NEEDS VERIFICATION,46,B&CO AIR FRYER HEAT RESISTANT FOOD GRIP,"Silicone Oven Mitts for Air Fryer, 1 Pair Thicken Mini Oven ...",5050565706010.0,792276609260.0,B0BTGM58S5,£1.31,£6.99,£1.42,86.3%,400,1:1 Match,£1.42,Weak evidence,Moderate title match - verify product details
NEEDS_VERIFICATION,1041,NEEDS VERIFICATION,46,AMTECH ANVIL SECATEURS,Spear & Jackson 6758GS Razorsharp Geared Anvil Secateurs,5032759047000.0,-,B0087OTLAG,£3.84,£14.95,£4.43,118.1%,300,1:1 Match,£4.43,Weak evidence,Moderate title match - verify product details
NEEDS_VERIFICATION,1696,NEEDS VERIFICATION,46,EXTRASTAR EXTENSION LEAD 6 GANG 1M BLACK,"ExtraStar 6 Way Extension Leads with Surge Protection, Wall ...",-,-,B08VMRHP2B,£3.49,£11.99,£1.08,31.3%,200,1:1 Match,£1.08,Brand: EXTRA,Moderate title match - verify product details
NEEDS_VERIFICATION,2060,NEEDS VERIFICATION,46,APOLLO RB CUTTING BOARD 30X20,"Apollo 3245 RB Bread Board 30cm Round, Multi-Colour, 30x1.8x...",5026180059459.0,5026180032452.0,B06X6JYSS5,£4.50,£10.99,£0.16,3.7%,100,1:1 Match,£0.16,Brand: APOLLO,Moderate title match - verify product details
NEEDS_VERIFICATION,1439,NEEDS VERIFICATION,45,SUNNEX STAINLESS STEEL DESSERT FORKS PK12 28/03,"12-Piece (14 cm) Stainless Steel Pastry Fork Set, Mirror Pol...",4891342931123.0,714973112140.0,B01N0ADCA9,£2.51,£8.99,£1.63,61.8%,200,1:1 Match,£1.63,Weak evidence,Moderate title match - verify product details
NEEDS_VERIFICATION,974,NEEDS VERIFICATION,45,THE PET STORE LONG HANDLED POOP PICKER,"32"" XL Dog Pooper Scoopers No Bending Foldable Long Handle P...",5034537015577.0,-,B0CL9QP47G,£3.29,£14.29,£4.42,134.4%,200,1:1 Match,£4.42,Weak evidence,Moderate title match - verify product details
NEEDS_VERIFICATION,1694,NEEDS VERIFICATION,45,BRIGHT & HOMELY REINFORCED GARDEN HOSE PIPE 30M,Faithfull 30M (98ft) Reinforced Hose 12.7 mm (1/2 Inch) Diam...,5050796011389.0,5023969206691.0,B0001IWLMG,£8.72,£22.84,£2.46,31.5%,100,1:1 Match,£2.46,Weak evidence,Moderate title match - verify product details
NEEDS_VERIFICATION,1132,NEEDS VERIFICATION,45,BOWL FLAT GLASS EMBOSSED DROPS 7CM GREEN,"ArtesÃ  Glass 18 cm Serving Bowl, Green",8720573247917.0,5057982086312.0,B0BF5DTF98,£2.02,£11.06,£2.33,104.3%,50,1:1 Match,£2.33,Product: bowl,Moderate title match - verify product details
NEEDS_VERIFICATION,869,NEEDS VERIFICATION,45,MASTER COOK CASSEROLE NON-STICK 24CM,"MasterClass Cast Aluminium Cream Casserole Dish, 24cm, 4 Lit...",742288758937.0,5057982093273.0,B0BT51TC8X,£12.84,£48.99,£17.36,154.3%,50,1:1 Match,£17.36,Product: casserole,Moderate title match - verify product details
NEEDS_VERIFICATION,1154,NEEDS VERIFICATION,45,PPS PLASTIC GLASSES HALF PINT 50PCS,Plastic Half Pint Glasses 50 Pack Strong Disposable Beer Cup...,5030481970276.0,-,B0C37Z88WM,£1.42,£8.99,£1.71,98.9%,100,1:1 Match,£1.71,Product: pin,Moderate title match - verify product details
NEEDS_VERIFICATION,968,NEEDS VERIFICATION,44,APOLLO  GRANITE BOARD 42X29,Silk Route Home Black Granite Chopping Board 40 x 30cm,5026180036078.0,5060218987765.0,B0C5XM7M96,£6.65,£29.99,£8.29,136.2%,50,1:1 Match,£8.29,Weak evidence,Moderate title match - verify product details
NEEDS_VERIFICATION,174,NEEDS VERIFICATION,44,WENKEN FOOD PROCESSOR & BLENDER 2 IN 1,"Kenwood FDP65.180SI 2 in 1 Food Processor Multipro Express, ...",8699303352828.0,5011423004662.0,B09HHNQ2L8,£5.23,£66.49,£33.44,681.0%,300,1:1 Match,£33.44,Weak evidence,Moderate title match - verify product details
NEEDS_VERIFICATION,301,NEEDS VERIFICATION,44,BRIGHT & HOMELY BYPASS LOPPER,Spear & Jackson 8090RS Razorsharp Telescopic Ratchet Bypass ...,5050796010528.0,-,B0006UF6BC,£2.42,£27.95,£11.62,452.2%,300,1:1 Match,£11.62,Weak evidence,Moderate title match - verify product details
NEEDS_VERIFICATION,1464,NEEDS VERIFICATION,44,GIFTMAKER CHRISTMAS BASIC SANTA SACK,Giftmaker Collection Large Christmas Santa Sack Gift Stockin...,5012128616761.0,-,B09HCS9QM2,£1.27,£6.99,£0.93,57.8%,100,1:1 Match,£0.93,Weak evidence,Moderate title match - verify product details
NEEDS_VERIFICATION,1757,NEEDS VERIFICATION,44,"ROYALFORD MORTAR AND PESTLE STAINLESS STEEL 2.6""x2...",Bekith Mortar and Pestle Sets 18/8 Brushed Stainless Steel S...,6294016436517.0,685450202350.0,B00XMKCAXK,£4.78,£12.99,£1.22,26.8%,200,SPLIT (1/2) - OK,£3.60,Weak evidence,Moderate title match - verify product details
NEEDS_VERIFICATION,1188,NEEDS VERIFICATION,43,STAINLESS STEEL KETTLE 14CM 1L,"Swan SK31020N Brushed Stainless Steel Jug Kettle, Cordless D...",6974295210014.0,5055322509507.0,B00KLGPNUK,£5.45,£20.40,£4.86,95.5%,500,1:1 Match,£4.86,Weak evidence,Moderate title match - verify product details
NEEDS_VERIFICATION,804,NEEDS VERIFICATION,43,ADORN LARGE WIRE FRUIT BOWL 25X10.5CM,"Black Fruit Bowl, 25x14cm Large Wire Fruit Bowl, Metal Black...",6923456823419.0,769390275046.0,B0819TYSH4,£2.32,£16.99,£4.26,171.7%,200,1:1 Match,£4.26,Product: bowl,Moderate title match - verify product details
NEEDS_VERIFICATION,574,NEEDS VERIFICATION,43,ROLSON DIAGONAL CUTTING PLIER VDE INSULATED 180MM,KNIPEX 70 06 180 Diagonal Cutter chrome plated insulated wit...,5029594210737.0,4003773033813.0,B0001P0CC0,£6.92,£35.95,£16.20,256.3%,50,1:1 Match,£16.20,Weak evidence,Moderate title match - verify product details
NEEDS_VERIFICATION,1989,NEEDS VERIFICATION,43,KINGFISHER 30M REINFORCED HOSE PIPE,Faithfull 30M (98ft) Reinforced Hose 12.7 mm (1/2 Inch) Diam...,5029375030325.0,5023969206691.0,B0001IWLMG,£10.72,£22.84,£0.80,8.5%,100,1:1 Match,£0.80,Weak evidence,Moderate title match - verify product details
NEEDS_VERIFICATION,1916,NEEDS VERIFICATION,43,PAN AROMA PLUG-IN REFILL PURE COTTON PACK OF 2,Febreze Ambi Pur 3Volution Air Freshener Plug-in Diffuser Re...,5053249264554.0,4084500839038.0,B01M0ENCW5,£0.94,£6.75,£0.18,13.9%,300,1:1 Match,£0.18,Product: plug,Brand 'FEBREZE' not in Supplier title - verify
NEEDS_VERIFICATION,1604,NEEDS VERIFICATION,42,ROLSON DIAGONAL CUTTING PLIERS VDE INSULATED 160MM,S&R VDE Insulated Diagonal Side Cutter 160mm â€“ 1000V Rated...,5029594210768.0,4045315131601.0,B013URC1GU,£6.58,£15.95,£2.42,40.2%,300,1:1 Match,£2.42,Product: pliers,Brand 'ROLSON' not in Amazon title - verify
NEEDS_VERIFICATION,1189,NEEDS VERIFICATION,42,GIFTMAKER NON WOVEN SHOPPING BAGS HIGHLAND COW,ECO CHIC Lightweight Foldable Reusable Shopping Bag Water Re...,5012128617102.0,-,B086GTHT16,£0.90,£6.99,£1.24,95.5%,300,1:1 Match,£1.24,Product: pin,Moderate title match - verify product details
NEEDS_VERIFICATION,396,NEEDS VERIFICATION,42,KINGAVON 6 LED TORCH,Kingavon BB-RT380 20-LED Rechargeable Emergency Sensor Light,5017403046660.0,-,B00BZ33FDU,£1.21,£13.50,£5.59,358.5%,50,1:1 Match,£5.59,Weak evidence,Moderate title match - verify product details
NEEDS_VERIFICATION,558,NEEDS VERIFICATION,42,SECURPLUMB COMPRESSION ELBOW 10X10MM,Radiator Valve Reducer Elbow Compression 15mm x 10mm Push Fi...,5019923196337.0,-,B0CM3WKZ97,£1.33,£11.95,£4.39,264.7%,50,BUNDLE (2x) - OK,£3.06,Weak evidence,Moderate title match - verify product details
NEEDS_VERIFICATION,1346,NEEDS VERIFICATION,42,NT TOILET BLOCKS 6 PACK,"Power Bleach Toilet Blocks, Cistern Blocks, Bleach Toilet Ta...",5038673411668.0,5061049571949.0,B098P2ZYKS,£1.01,£6.89,£0.99,71.3%,100,1:1 Match,£0.99,Product: lock,Moderate title match - verify product details
NEEDS_VERIFICATION,883,NEEDS VERIFICATION,42,CURVER RATTAN ROUND LARGE ORGANISER GREY,"CURVER Style Rattan Effect Kitchen, Living room, Bathroom, B...",3253920717177.0,3253924723150.0,B092ZL7VRV,£1.50,£15.00,£2.71,150.6%,50,1:1 Match,£2.71,Brand: CURVER,Moderate title match - verify product details
NEEDS_VERIFICATION,1184,NEEDS VERIFICATION,42,NAIL DRYING SPRAY,Demert Nail Enamel Dryer Manicurist's Finishing Spra - 212g,5056239472380.0,-,B001GELIBO,£1.34,£8.00,£1.61,96.2%,500,1:1 Match,£1.61,Product: nail,Brand 'FINISH' not in Supplier title - verify
NEEDS_VERIFICATION,878,NEEDS VERIFICATION,42,AMTECH DRAIN CLEANER,Amtech S1895 Flexible Drain Auger & Waste Pipe Unblocker,5032759005833.0,-,B01LYX9RRV,£1.39,£9.49,£2.60,152.2%,200,1:1 Match,£2.60,Brand: AMTECH,Moderate title match - verify product details
NEEDS_VERIFICATION,1802,NEEDS VERIFICATION,41,BEAUFORT JUICE JUG 2LTR,Thumbs Up 2 Litre Fridge Jug Clear 2.0L,5014348247626.0,-,B005839KVY,£1.61,£6.67,£0.42,22.5%,50,1:1 Match,£0.42,Weak evidence,Moderate title match - verify product details
NEEDS_VERIFICATION,2064,NEEDS VERIFICATION,41,EASY SPRAY 4IN1 MULTI PURPOSE CLEANER 750ML PK6,Astonish Special Aromatic Edition Multi-Purpose Anti-Bacteri...,5000185028788.0,-,B0CPQMX5YR,£6.30,£16.97,£0.18,3.1%,300,1:1 Match,£0.18,Product: spray,Moderate title match - verify product details
NEEDS_VERIFICATION,1067,NEEDS VERIFICATION,41,CREATE IT PEARLISED POSTER PAINT BOTTLES,Baker Ross FN254 Pearlised Ready Mixed Poster Paint Pack 150...,5055319599702.0,5063067012039.0,B0DG8YT67D,£1.01,£8.95,£1.59,114.3%,400,1:1 Match,£1.59,Weak evidence,Moderate title match - verify product details
NEEDS_VERIFICATION,2057,NEEDS VERIFICATION,41,ULTRAMAX Ni-mH AAA  BATTERIES 350MAH,Cordless Phone AAA Rechargeable Batteries 500mAh NiMH 1.2V (...,5036446805522.0,5060408620410.0,B00WERT4K4,£2.35,£5.95,£0.10,3.9%,200,1:1 Match,£0.10,Weak evidence,Moderate title match - verify product details
NEEDS_VERIFICATION,722,NEEDS VERIFICATION,41,SANCTUARY TREE OF LIFE MIRROR BRONZE EFFECT 50CM,Inspirational Gifting Beautiful green leaf tree of life meta...,5050565862372.0,5060955590969.0,B0B5DFTVG9,£10.68,£59.99,£18.46,195.4%,50,1:1 Match,£18.46,Product: mirror,Moderate title match - verify product details
NEEDS_VERIFICATION,1066,NEEDS VERIFICATION,41,SEAGRASS FOLDABLE BASKET 32CM,"DOKOT Natural Seagrass Storage Basket With Handle, Foldable ...",6923456822887.0,712096333602.0,B07K1T1N6Y,£4.01,£19.99,£4.45,114.4%,50,1:1 Match,£4.45,Product: basket,Moderate title match - verify product details
NEEDS_VERIFICATION,1395,NEEDS VERIFICATION,41,SUNNEX STAINLESS STEEL DESSERT SPOONS PK12,"Spoon Set, 12-Piece Stainless Steel Dessert Spoons Dining Sp...",4891342311062.0,616054388478.0,B09NZMX5S2,£2.51,£9.99,£1.76,66.9%,400,1:1 Match,£1.76,Weak evidence,Moderate title match - verify product details
NEEDS_VERIFICATION,1540,NEEDS VERIFICATION,41,MENS WATERPROOF TURN UP HAT ASSORTED,RockJock STORMACTIVE Mens Waterproof Windproof Classic Warm ...,5060605733418.0,5055928637062.0,B08F5GHC9P,£2.27,£7.99,£1.16,47.5%,50,1:1 Match,£1.16,Weak evidence,Moderate title match - verify product details
NEEDS_VERIFICATION,2102,NEEDS VERIFICATION,41,FLOW FLOOR & SURFACE CLEANER 5L EACH,Flow Lemon Floor & Surface All Purpose Cleaner | Concentrate...,5061029210899.0,-,B0CQ4VX6Z5,£4.69,£9.70,£0.00,0.0%,50,1:1 Match,£0.00,Product: cleaner,Moderate title match - verify product details
NEEDS_VERIFICATION,466,NEEDS VERIFICATION,41,CAR PRIDE CAR VENT AIR FRESHENER LAVENDER 4ML PACK...,"SCENTORINI Car Air Freshener, 2 Fragrance, Linen & Lavender,...",5053249281803.0,-,B0DGWW3XXC,£1.14,£12.99,£4.61,307.0%,50,BUNDLE (3x) - OK,£2.33,Product: freshener,Moderate title match - verify product details
NEEDS_VERIFICATION,1689,NEEDS VERIFICATION,41,APOLLO MARBLE BOARD BLACK 46x23CM,Silk Route Home Black Granite Chopping Board 40 x 30cm,5026180023719.0,5060218987765.0,B0C5XM7M96,£12.43,£29.99,£3.47,31.8%,50,1:1 Match,£3.47,Weak evidence,Moderate title match - verify product details
NEEDS_VERIFICATION,954,NEEDS VERIFICATION,41,PRIMA GRATER IN ABS AND STAINLESS STEEL UNIVERSAL,"Cheese Grater, Box Grater for Cheese Stainless Steel Vegetab...",5038673180168.0,-,B0CJ54QWYS,£1.42,£9.99,£2.40,138.4%,600,1:1 Match,£2.40,Weak evidence,Moderate title match - verify product details
NEEDS_VERIFICATION,987,NEEDS VERIFICATION,41,PRIMA CORKSCREW BOTTLE OPENER CHROME PLATED,"Wing Corkscrew Wine Bottle Opener with Bottle Stopper, Premi...",5038673130835.0,-,B0BMKW3Q1C,£1.57,£9.49,£2.45,131.8%,300,1:1 Match,£2.45,Product: screw,Moderate title match - verify product details
NEEDS_VERIFICATION,1874,NEEDS VERIFICATION,41,DEKTON COPING SAW,"Eclipse Professional Tools 70-CP1R Coping Saw, Blue",5055441408651.0,-,B002NH0EC2,£3.96,£10.89,£0.66,17.0%,300,1:1 Match,£0.66,Product: saw,Moderate title match - verify product details
NEEDS_VERIFICATION,1923,NEEDS VERIFICATION,41,HEM INCENSE STICKS SANDLEWOOD,"Incense Sandalwood, 120 Sticks in a Six Pack. HEM Brand, Han...",8901810016231.0,-,B00KBZXPRE,£2.35,£7.43,£0.34,13.7%,100,1:1 Match,£0.34,Weak evidence,Moderate title match - verify product details
NEEDS_VERIFICATION,1839,NEEDS VERIFICATION,40,ROLSON  CABEL CUTTING PLIERS VDE INSULATED 160MM,S&R VDE Insulated Diagonal Side Cutter 160mm â€“ 1000V Rated...,5029594210799.0,4045315131601.0,B013URC1GU,£7.80,£15.95,£1.40,19.9%,300,1:1 Match,£1.40,Product: pliers,Brand 'ROLSON' not in Amazon title - verify
NEEDS_VERIFICATION,723,NEEDS VERIFICATION,40,SANCTUARY TREE OF LIFE MIRROR GREY EFFECT 50CM,Inspirational Gifting Beautiful green leaf tree of life meta...,5050565862419.0,5060955590969.0,B0B5DFTVG9,£10.68,£59.99,£18.46,195.4%,50,1:1 Match,£18.46,Product: mirror,Moderate title match - verify product details
NEEDS_VERIFICATION,1682,NEEDS VERIFICATION,40,KITCH EASY STORE RECTANGULAR CONTAINER 3.5LTR,Rectangular 3.9ltr (234 x 165 x 165mm),5055706650573.0,-,B000KHRXA8,£2.82,£8.81,£0.93,32.1%,50,1:1 Match,£0.93,Weak evidence,Moderate title match - verify product details
NEEDS_VERIFICATION,593,NEEDS VERIFICATION,40,QUEST EXPRESSO COFFEE EXPRESSO MACHINE WITH MILK F...,Quest 36569 Espresso Coffee Machine With Milk Frother / 1.2L...,5025301365790.0,-,B0B3F548G7,£15.59,£69.99,£33.63,248.3%,500,1:1 Match,£33.63,Weak evidence,Moderate title match - verify product details
NEEDS_VERIFICATION,1205,NEEDS VERIFICATION,40,BETTINA DUSTPAN AND BRUSH LARGE ASSORTED,Newman and Cole Large Garden Dustpan and Brush Set - Outdoor...,5052578030403.0,5060633660755.0,B07RT1QF99,£1.27,£11.99,£1.50,93.3%,50,1:1 Match,£1.50,Product: brush,Moderate title match - verify product details
NEEDS_VERIFICATION,1276,NEEDS VERIFICATION,40,DAEWOO ADAPTOR UK TO CHINA  AUSTRALIA AND NEW ZEAL...,"2 x UK to Australia Travel Adapter, Plug for visitors from U...",5024996833058.0,-,B07K82YBGS,£1.01,£6.99,£1.15,82.8%,500,BUNDLE (2x) - OK,£0.14,Weak evidence,Moderate title match - verify product details
NEEDS_VERIFICATION,1973,NEEDS VERIFICATION,40,VIVID BIN FRESHENER PK2,Vivid 6 x Bin Freshener Smelling FRESH Dustbins Swing Pedal ...,5056170328951.0,5060740871150.0,B08CL4DF7G,£1.01,£4.99,£0.14,10.0%,100,1:1 Match,£0.14,Product: bin,Moderate title match - verify product details
NEEDS_VERIFICATION,354,NEEDS VERIFICATION,40,SMART CHOICE CHICKEN & RICE BONE DOG TREAT 10 PK 1...,Good Boy - Crunchy Chicken and Rice Bones - Dog Treats - Mad...,5052516214834.0,5054591085743.0,B003ESK66S,£1.75,£19.60,£7.89,392.7%,200,SPLIT (1/10) - OK,£9.47,Weak evidence,Moderate title match - verify product details
NEEDS_VERIFICATION,178,NEEDS VERIFICATION,40,PAN WITH LID STONEWARE 8 ASSORTED,"Amazon Basics 8-Piece Non-Stick Cookware Set, Black",8721037317481.0,885169695515.0,B074817DK1,£2.54,£38.49,£17.98,673.2%,400,1:1 Match,£17.98,Weak evidence,Moderate title match - verify product details
NEEDS_VERIFICATION,606,NEEDS VERIFICATION,40,PPS PLASTIC DRINK SHOT 30 GLASSES 30ML,100 Plastic Shot Glasses - Multi Use Crystal Clear Hard Plas...,5030481960178.0,5060659230123.0,B07T68VD2Y,£0.74,£9.79,£2.84,242.6%,300,1:1 Match,£2.84,Weak evidence,Moderate title match - verify product details
NEEDS_VERIFICATION,1050,NEEDS VERIFICATION,40,SMART CHOICE RETRACTABLE DOG LEAD 3M 15KG,TUG 360Â° Tangle-Free Retractable Dog Lead for Up to 15 kg D...,5052516215671.0,-,B09BYWZYS6,£3.36,£14.99,£3.89,116.2%,400,1:1 Match,£3.89,Weak evidence,Moderate title match - verify product details
NEEDS_VERIFICATION,474,NEEDS VERIFICATION,40,TOP 3 ROTARY FOOD CHOPPER STAINLESS STEEL,Ourokhome Rotary Cheese Grater Vegetable Slicer - Rotary Rou...,5060753251857.0,-,B0BNK8VQML,£3.83,£26.99,£11.34,303.3%,500,1:1 Match,£11.34,Weak evidence,Moderate title match - verify product details
NEEDS_VERIFICATION,1555,NEEDS VERIFICATION,40,ALUMINIUM PRESSURE COOKER INDUCTION 9L,Amazon Basics Stainless Steel Pressure Cooker with Steamer a...,742288771752.0,1933370000525.0,B08SDB6SDH,£33.60,£69.99,£13.25,46.4%,100,1:1 Match,£13.25,Weak evidence,Moderate title match - verify product details
NEEDS_VERIFICATION,592,NEEDS VERIFICATION,40,WOODEN HANGERS 2 PACK,"Amazon Basics 20 Bar Wooden Tie Hanger & Belt Rack, 2-Pack, ...",5055706681058.0,840095878654.0,B096W1VD2X,£1.21,£11.99,£3.88,248.8%,50,SPLIT (1/2) - OK,£4.49,Product: hanger,Moderate title match - verify product details
NEEDS_VERIFICATION,172,NEEDS VERIFICATION,39,AMTECH RECHARGEABLE WORK LIGHT WITH MAGNETIC STAND...,"T-SUN Rechargeable LED Work Light with Metal Stand,4100Lumen...",5032759051380.0,-,B0FGJ9JGSB,£4.96,£59.99,£32.02,684.2%,100,1:1 Match,£32.02,Product: light,Brand 'AMTECH' not in Amazon title - verify
NEEDS_VERIFICATION,917,NEEDS VERIFICATION,38,DEKTON SQUARE COMBINATION 12INCH,"STANLEY 2-46-028 Combination Die Cast Square, 300mm/ 12''",5055441407890.0,3253562460288.0,B0001IWB6C,£4.30,£17.47,£6.00,145.2%,50,1:1 Match,£6.00,Product: bin,Brand 'STANLEY' not in Supplier title - verify
NEEDS_VERIFICATION,464,NEEDS VERIFICATION,37,APOLLO CHROME TOILET BRUSH & HOLDER,BGL 304 Stainless Steel Toilet Brush Long Bucket Stand Round...,5026180025133.0,-,B07TDNYMCH,£4.03,£25.99,£12.09,309.2%,200,1:1 Match,£12.09,Product: brush,Brand 'APOLLO' not in Amazon title - verify
NEEDS_VERIFICATION,2046,NEEDS VERIFICATION,37,PRO USER FULL CAR COVER-LARGE,Maypole Breathable Full Cover for Extra Large Cars Water Res...,5017403079392.0,5013008098813.0,B000F6YX8E,£11.96,£23.72,£0.49,4.6%,50,1:1 Match,£0.49,Product: cover,Brand 'EXTRA' not in Supplier title - verify
NEEDS_VERIFICATION,1565,NEEDS VERIFICATION,37,CHEF AID STAINLESS STEEL TEA BAG SQUEEZER,"Tea Bag Squeezer, Stainless Steel Holder, Tongs, Spoon, Stra...",5012904019120.0,5060091196902.0,B09XRBP7JY,£0.90,£4.99,£0.59,45.3%,200,1:1 Match,£0.59,Product: bag,Brand 'CHEF AID' not in Amazon title - verify
NEEDS_VERIFICATION,980,NEEDS VERIFICATION,36,ROYAL MARKET BIN LINER GARDEN 10 BAG,"REQUISITE NEEDS 30PK Heavy Duty Bin Liners, 100 Litre Refuse...",8011893819039.0,5060757801119.0,B08X8QVKXD,£1.24,£9.99,£2.10,133.2%,200,1:1 Match,£2.10,Product: bin,Brand 'REFUSE' not in Supplier title - verify
NEEDS_VERIFICATION,1857,NEEDS VERIFICATION,36,PRIMA CHAMPAGNE BUCKET,Premier Housewares Stainless Steel Hammered Effect Champagne...,5038673171845.0,5018705633763.0,B001TEGAOG,£4.78,£14.99,£0.84,18.6%,50,1:1 Match,£0.84,Product: bucket,Brand 'PREMIER' not in Supplier title - verify
NEEDS_VERIFICATION,1805,NEEDS VERIFICATION,35,YALE ESSENTIALS DEADLOCK P/BRASS 64MM,"Yale British Standard 5 Lever Mortice Deadlock, High Securit...",5011802242111.0,5010608056250.0,B000TAUFFG,£8.14,£16.99,£1.62,22.1%,200,1:1 Match,£1.62,Product: lock,Brand 'FINISH' not in Supplier title - verify
NEEDS_VERIFICATION,967,NEEDS VERIFICATION,34,ROLSON SECURITY CHAIN DOOR LOCK,Security Chain Door Lock Heavy Duty Latch Chain Door Lock wi...,5029594665032.0,33985493918.0,B08HHRDL7H,£2.46,£11.69,£3.54,136.2%,200,1:1 Match,£3.54,Product: lock,Brand 'ROLSON' not in Amazon title - verify
NEEDS_VERIFICATION,2063,NEEDS VERIFICATION,34,AMTECH TENNON SAW 12INCH,"Irwin 10503534 12T/13P XP3055-300 Jack Tenon Saw, 12, Blue, ...",5032759020928.0,5706915035346.0,B000C79HL4,£3.59,£9.65,£0.11,3.2%,300,1:1 Match,£0.11,Product: saw,Brand 'AMTECH' not in Amazon title - verify
NEEDS_VERIFICATION,1889,NEEDS VERIFICATION,34,ROLSON SWING BAR DOOR LOCK,Defender Security U 11316 Swing Bar Door Guard with High Sec...,5029594665070.0,49793113160.0,B071XJS8S4,£3.02,£8.98,£0.47,15.4%,50,1:1 Match,£0.47,Product: lock,Brand 'ROLSON' not in Amazon title - verify
NEEDS_VERIFICATION,1236,NEEDS VERIFICATION,33,ROLSON GROUND/WALL CHAIN ANCHOR,Hardened Flip Up/Down Steel Ground Wall Chain Anchor Motorbi...,5029594669115.0,7821904578845.0,B07RBL8R2W,£5.81,£18.95,£4.80,89.1%,200,1:1 Match,£4.80,Product: chain,Brand 'ROLSON' not in Amazon title - verify
NEEDS_VERIFICATION,1598,NEEDS VERIFICATION,33,PREMIER NAUGHTY SANTA ANIMATED MUSICAL 45CM,SdeNow Dancing Singing Rudolph Santa Red Nosed Reindeer Toy ...,-,-,B0DHL5RH2R,£11.76,£23.99,£4.23,40.9%,50,1:1 Match,£4.23,Product: mat,Brand 'PREMIER' not in Amazon title - verify
NEEDS_VERIFICATION,1879,NEEDS VERIFICATION,33,ROLSON WIRE ROPE CUTTER 190MM,"LABABE 190 mm Wire Rope and Wire Cutters,190mm Cable Cutters...",5029594205474.0,6942418959065.0,B07Q21G3T9,£4.45,£10.99,£0.70,16.4%,50,1:1 Match,£0.70,Product: rope,Brand 'ROLSON' not in Amazon title - verify
NEEDS_VERIFICATION,377,NEEDS VERIFICATION,32,BRIGHT & HOMELY GARDENING GLOVES RUBBER GRIP LARGE,BBliss 3 X Gardening Rubber Gloves Extra Tough & Non-Slip Gr...,5050796011860.0,7626036537902.0,B0CS66MGFD,£0.66,£11.99,£4.18,380.2%,100,1:1 Match,£4.18,Product: gloves,Brand 'EXTRA' not in Supplier title - verify
NEEDS_VERIFICATION,1345,NEEDS VERIFICATION,32,EXTRASTAR MOTION SENSOR LIGHT STRIPS BLUE,Sensky Motion Sensor LED Strip Lights Rechargeable Motion Ac...,8432011580486.0,-,B09G2KCTVJ,£4.00,£12.79,£2.77,71.4%,50,1:1 Match,£2.77,Product: light,Brand 'EXTRA' not in Amazon title - verify
NEEDS_VERIFICATION,931,NEEDS VERIFICATION,31,BRIGHT & HOMELY LAUNDRY BAG XLARGE 86CM PK10 ASSOR...,"Car Boot Organiser with Cooler Bag, Extra Large Premium Expa...",5050796010252.0,-,B0C2D2TLGM,£12.08,£45.99,£15.23,143.5%,100,1:1 Match,£15.23,Product: bag,Brand 'EXTRA' not in Supplier title - verify
NEEDS_VERIFICATION,1025,NEEDS VERIFICATION,31,SNOW WHITE CHRISTMAS PROJECTOR TORCH 16   PATTERNS,"POPOYU 2Pcs Christmas Projector Torch for Kids,Christmas Sli...",5050565836939.0,-,B0D9NPMVJZ,£1.48,£8.99,£2.18,122.4%,700,BUNDLE (2x) - OK,£0.70,Product: torch,Brand 'FLASH' not in Supplier title - verify
NEEDS_VERIFICATION,1443,NEEDS VERIFICATION,31,ROLSON RECHARGEABLE 21 IN 1 PRECISION SCREWDRIVER ...,"Mini Electric Screwdriver, 68 in 1 Precision Screwdriver Set...",5029594282000.0,-,B0DFBMPLSS,£12.68,£30.59,£6.82,61.3%,500,1:1 Match,£6.82,Product: screwdriver,Brand 'ROLSON' not in Amazon title - verify
NEEDS_VERIFICATION,1887,NEEDS VERIFICATION,30,BLUE CANYON DIATOMITE BATHROOM MAT GREY WAVES 40X6...,Diatomite Stone Bath Mat Super Absorbent Quick Dry Easy to C...,5056295709451.0,5065013587509.0,B0CFJK45SB,£8.36,£19.94,£1.17,15.5%,100,1:1 Match,£1.17,Product: mat,Brand 'BLUE CANYON' not in Amazon title - verify
NEEDS_VERIFICATION,1237,NEEDS VERIFICATION,29,KINGFISHER 3PK SMALL VACUUM BAGS VBS,"Vacuum Storage Bags,10 Small Space Saver Sealer Bags, Vacuum...",5013478137586.0,769891035477.0,B08V1L5YTS,£2.99,£12.99,£2.71,89.0%,300,SPLIT (1/3) - OK,£4.70,Product: bag,Brand 'KINGFISHER' not in Amazon title - verify
NEEDS_VERIFICATION,824,NEEDS VERIFICATION,29,BIN & LID 50LTR ASSORTED,"Addis 50ltr Pedal Bin, Grey Metallic, 518120",8694313001339.0,-,B01DP0PAPG,£3.49,£16.49,£5.81,167.9%,300,1:1 Match,£5.81,Product: bin,Brand 'ADDIS' not in Supplier title - verify
NEEDS_VERIFICATION,1785,NEEDS VERIFICATION,29,"ROLSON  ADJUSTABLE WRENCH 3PC SET 6,8,10""","Shall 3-Piece Adjustable Wrench Set, 10/8/6 Inch Cr-V Steel ...",5029594190244.0,762983170940.0,B0D5M57GDG,£8.87,£17.99,£1.96,24.7%,100,1:1 Match,£1.96,Product: wrench,Brand 'ROLSON' not in Amazon title - verify
NEEDS_VERIFICATION,1371,NEEDS VERIFICATION,28,SABICHI STAINLESS STEEL 14CM MILKPAN,"Homikit 14cm Saucepan, Stainless Steel Tri-Ply Base Milk Pan...",5021961093721.0,-,B0DHH4JSRT,£4.91,£15.99,£3.21,69.3%,100,1:1 Match,£3.21,Product: pan,Brand 'SABICHI' not in Amazon title - verify
NEEDS_VERIFICATION,318,NEEDS VERIFICATION,28,ROLSON DOUBLE OPEN END SPANNER 5PC SET,"DURATECH Double Open End Spanner Set, Super-Thin Open Ended ...",-,-,B09XR4583G,£2.62,£23.99,£11.85,434.2%,100,1:1 Match,£11.85,Product: spanner,Brand 'ROLSON' not in Amazon title - verify
NEEDS_VERIFICATION,160,NEEDS VERIFICATION,28,CHEF AID ROLLER KNIFE SHARPENER,Fettle & Hughes Rolling Knife Sharpener UK- Knife Sharpen Up...,5012904011803.0,-,B0CR1K39FR,£1.44,£23.99,£12.83,733.3%,200,1:1 Match,£12.83,Product: roller,Brand 'CHEF AID' not in Amazon title - verify
NEEDS_VERIFICATION,1330,NEEDS VERIFICATION,28,CHEF AID UTILITY LIGHTER,"Torch Jet Lighter, Butane Refillable Jet Flame, Windproof, S...",5012904202027.0,5065023394982.0,B0FR3QPC7W,£1.91,£8.99,£1.58,73.9%,200,1:1 Match,£1.58,Product: light,Brand 'CHEF AID' not in Amazon title - verify
NEEDS_VERIFICATION,1787,NEEDS VERIFICATION,28,BAMBOO BATH TOWELS SILVER 70x120CM PACK OF 2,Yoofoss Bamboo Bath Towels 2 Pack Towel Set 500 GSM 70 x 140...,5051346799535.0,6972403931424.0,B08D38T3JW,£6.38,£15.29,£1.44,24.6%,300,1:1 Match,£1.44,Product: towel,Brand 'EXTRA' not in Supplier title - verify
NEEDS_VERIFICATION,836,NEEDS VERIFICATION,28,CHEF AID KNIFE SHARPENER SOFTGRIP HANDLE,Navaris Diamond Knife Sharpener Steel - Japanese Chefs Knife...,5012904112029.0,-,B06Y1L9G65,£2.54,£13.39,£4.40,165.0%,400,1:1 Match,£4.40,Product: sharpener,Brand 'CHEF AID' not in Amazon title - verify
NEEDS_VERIFICATION,2077,NEEDS VERIFICATION,28,ROLSON COMBINATION BOOK SAFE BOX,"Book Safe with Combination Lock, Ohuhu Dictionary Diversion ...",5029594665018.0,6958446333869.0,B016W2KLIK,£6.97,£13.99,£0.12,1.9%,300,1:1 Match,£0.12,Product: bin,Brand 'ROLSON' not in Amazon title - verify
NEEDS_VERIFICATION,1571,NEEDS VERIFICATION,27,APOLLO STAINLESS STEEL CHIP BASKET,Mini Square Fry Basket Stainless Steel French Fries Holder D...,5026180036849.0,-,B0DD3XRRVG,£3.22,£9.99,£1.44,44.5%,50,1:1 Match,£1.44,Product: basket,Brand 'APOLLO' not in Amazon title - verify
NEEDS_VERIFICATION,791,NEEDS VERIFICATION,27,FAIRY DISH BRUSH 3 REFILLS,Fillable Washing up Brush and Sponge - Easy Grip Dish Cleane...,5010303180595.0,5060985272279.0,B0DH53QYJ3,£1.27,£9.98,£2.80,173.7%,50,1:1 Match,£2.80,Product: dish,Brand 'FAIRY' not in Amazon title - verify
NEEDS_VERIFICATION,1882,NEEDS VERIFICATION,27,AMTECH CURTAIN WIRE 30M,Net Curtain Wire and Hooks Set - 30 Meter Curtain wire kit i...,5032759031979.0,5065018615009.0,B0CMY1M5TW,£6.24,£13.99,£0.91,15.8%,50,1:1 Match,£0.91,Product: wire,Brand 'AMTECH' not in Amazon title - verify
NEEDS_VERIFICATION,1591,NEEDS VERIFICATION,26,KINGAVON CAMPING LANTERN & INSECT KILLER,"Mosquito Repellent Lamp Camping Lantern Bug Zapper,Portable ...",5017403124078.0,-,B07PYTQSYX,£9.26,£19.99,£3.48,42.1%,50,1:1 Match,£3.48,Product: pin,Brand 'FLASH' not in Supplier title - verify
NEEDS_VERIFICATION,1488,NEEDS VERIFICATION,26,BLACKMOOR SAUCEPAN  WITH LID STAINLESS STEEL 18CM,Judge Vista Draining Stainless Steel Large Saucepan with Pou...,5025301698294.0,5010763071327.0,B000VE9WG8,£8.66,£25.68,£4.30,55.3%,50,1:1 Match,£4.30,Product: pan,Brand 'JUDGE' not in Supplier title - verify
NEEDS_VERIFICATION,739,NEEDS VERIFICATION,26,KINGFISHER FOIL 4 DISH & LID SQUARE,"20-Pack Aluminium Foil Trays with Paper Lids, 9x9 Inch Foil ...",5013478119896.0,5065023509003.0,B0F1LXQRSV,£1.70,£12.99,£3.77,191.1%,500,1:1 Match,£3.77,Product: foil,Brand 'KINGFISHER' not in Amazon title - verify
NEEDS_VERIFICATION,1363,NEEDS VERIFICATION,26,SMART CHOICE METALLIC ROPE DOG TOY 6 ASSTD,EXTRA Dog Rope Toy - 42In/108cm 6-Knots Indestructible Heavy...,5052516217828.0,720490582021.0,B0CQXDRNBB,£1.94,£9.99,£1.51,69.8%,300,1:1 Match,£1.51,Product: rope,Brand 'EXTRA' not in Supplier title - verify
NEEDS_VERIFICATION,981,NEEDS VERIFICATION,26,MASON SCREWDRIVER SET 11 PIECES,Draper 11 Piece Precision Screwdriver Set | Carbon Steel | D...,5060298505002.0,5010559156313.0,B01MRJOBNM,£1.01,£7.07,£1.85,133.2%,100,1:1 Match,£1.85,Product: screwdriver,Brand 'DRAPER' not in Supplier title - verify
NEEDS_VERIFICATION,1354,NEEDS VERIFICATION,26,KINGFISHER CLOTHES LINE PROP,"2.24 M Washing Line Pole Telescopic, Heavy Duty Stainless St...",5013478132635.0,-,B0DJQC9YDM,£2.56,£10.99,£1.90,70.8%,50,1:1 Match,£1.90,Product: cloth,Brand 'KINGFISHER' not in Amazon title - verify
NEEDS_VERIFICATION,1264,NEEDS VERIFICATION,26,EXTRA SELECT COMPLETE TURTLE & TERRAPIN FOOD 60G,King British â€“ Turtle & Terrapin Complete Food â€“ 200g Tu...,5022245104041.0,-,B0CQRR8NLX,£3.89,£13.24,£3.18,83.9%,800,1:1 Match,£3.18,Product: pin,Brand 'EXTRA' not in Amazon title - verify
NEEDS_VERIFICATION,2022,NEEDS VERIFICATION,26,B & CO  REUSABLE AIR FRYER NON STICK ROUND LINERS ...,Silicone Air Fryer Liner Round - 2 Pack Reusable Heat-Resist...,5050565735836.0,5070002127567.0,B0CB4HH63Q,£0.85,£5.49,£0.08,6.0%,600,1:1 Match,£0.08,Product: liner,Brand 'TOWER' not in Supplier title - verify
NEEDS_VERIFICATION,1353,NEEDS VERIFICATION,26,ROLSON CAR DETAILING 5PC BRUSH SET,Xtremeauto Car Detailing Brushes Set - 5pc Professional Deta...,5029594429412.0,-,B0CR6QZJP2,£2.62,£9.99,£1.94,70.9%,50,1:1 Match,£1.94,Product: brush,Brand 'ROLSON' not in Amazon title - verify
NEEDS_VERIFICATION,1440,NEEDS VERIFICATION,25,APOLLO DISH DRAINER LARGE WHITE,Warmiehomy White Dish Drainer Rack Dish Drying Rack Dish Rac...,5026180043366.0,-,B0DFPS97PY,£7.57,£22.99,£4.24,61.8%,200,1:1 Match,£4.24,Product: dish,Brand 'APOLLO' not in Amazon title - verify
NEEDS_VERIFICATION,2052,NEEDS VERIFICATION,24,DEKTON ROPE MULTIPURPOSE  1/3 100FT,Faithfull FAIRB30100 Blue Poly Rope Coil 10mm Dia x 30M Max ...,5055441417226.0,-,B0001P05GI,£4.44,£10.62,£0.18,4.2%,50,1:1 Match,£0.18,Product: rope,Brand 'FAITHFULL' not in Supplier title - verify
NEEDS_VERIFICATION,1530,NEEDS VERIFICATION,24,DEKTON HEAD TORCH PRO LIGHT XA55 PATHFINDER,Victoper Head Torch Rechargeable Headlight with 3 Lights 4 M...,5055441438238.0,8432286265927.0,B07TZQM19T,£3.02,£11.13,£1.52,49.7%,500,1:1 Match,£1.52,Product: torch,Brand 'FLASH' not in Supplier title - verify
NEEDS_VERIFICATION,1899,NEEDS VERIFICATION,24,PPS FOOD KITCHEN FOIL 8MX450MM ETA,The Non-Stick Kitchen Foil Extra Wide Large Suitable for Coo...,5030481930621.0,7427285016695.0,B0BHRJCC8G,£1.14,£7.89,£0.23,15.0%,200,1:1 Match,£0.23,Product: foil,Brand 'EXTRA' not in Supplier title - verify
NEEDS_VERIFICATION,858,NEEDS VERIFICATION,23,RATTAN BASKET 5L 28X17CM ASSORTED,"Curver My Style Rattan Effect Set of 2 Kitchen, Living room,...",8414926576341.0,3253928125011.0,B095PPVFH2,£2.42,£18.00,£4.08,158.8%,50,BUNDLE (2x) - OK,£1.66,Product: basket,Brand 'CURVER' not in Supplier title - verify
NEEDS_VERIFICATION,492,NEEDS VERIFICATION,23,EXTRASTAR 5W LED FLASLIGHT TORCH,"Luceco LED Tilting Torch Light with USB Power Bank, 2 Light ...",8432011550083.0,-,B07N4FSYHR,£2.89,£19.99,£8.79,296.9%,50,1:1 Match,£8.79,Product: torch,Brand 'EXTRA' not in Amazon title - verify
NEEDS_VERIFICATION,1948,NEEDS VERIFICATION,22,AIRWICK FRESHMATIC REFILL PINK SWEET PEA PK4,Air Wick Automatic Air Freshener Freshmatic Spray Refills: C...,5011417780619.0,5059001023674.0,B0DK9S5SZ4,£10.07,£17.48,£1.03,11.5%,600,1:1 Match,£1.03,Product: pin,Brand 'AIRWICK' not in Amazon title - verify
NEEDS_VERIFICATION,1739,NEEDS VERIFICATION,22,RHINO LABEL LOW TAC MASKING TAPE 25MMX25M,ProDec Advance 24mm (1 inch) x 50m Low Tack Precision Edge M...,5027785809531.0,5019200120192.0,B073X6QQRP,£0.98,£4.95,£0.38,28.1%,300,1:1 Match,£0.38,Product: mask,Brand 'PRODEC' not in Supplier title - verify
NEEDS_VERIFICATION,1169,NEEDS VERIFICATION,22,DUZZIT MICROFIBRE TWIN GLASS CLOTH,Twin Pack Large Microfibre Glass Cleaning Cloths â€“ Streak-...,5053249008998.0,5061028354631.0,B0DJDY1XK7,£1.19,£6.99,£1.50,97.7%,500,1:1 Match,£1.50,Product: cloth,Brand 'DUZZIT' not in Amazon title - verify
NEEDS_VERIFICATION,1769,NEEDS VERIFICATION,21,LYNWOOD 5PC PAINT BRUSH SET,Hardys 5pc Paint Brush Set Mix | Essential Brushes for All W...,5016574127185.0,-,B0CWDZCCFF,£1.81,£7.07,£0.54,26.1%,400,1:1 Match,£0.54,Product: brush,Brand 'FINISH' not in Supplier title - verify
NEEDS_VERIFICATION,1892,NEEDS VERIFICATION,21,DUNLOP BIKE CHAIN RIVET PUSHER,Bike Chain Tool Set: Bike Chain Link Pliers & Bike Chain Spl...,8711252475998.0,-,B0D8PHQDXP,£2.36,£6.99,£0.39,15.3%,50,1:1 Match,£0.39,Product: chain,Brand 'DUNLOP' not in Amazon title - verify
NEEDS_VERIFICATION,1206,NEEDS VERIFICATION,21,EUROWRAP NAVY OMBRE EXTRA LARGE BAG PK6,ARTST Baby Doll Bed Set- Portable Bassinet for Dolls up to 5...,5033601104407.0,-,B0FQN8KJ1P,£6.65,£19.99,£5.66,92.9%,700,1:1 Match,£5.66,Product: bag,Brand 'EXTRA' not in Amazon title - verify
NEEDS_VERIFICATION,673,NEEDS VERIFICATION,21,FOUR SEASONS COOKING LINER 33CMX45CM,Linda's Essentials Extra Large Oven Liners for Bottom of Ove...,5060082722691.0,-,B08Q3J3GB6,£0.88,£10.44,£2.75,214.8%,600,BUNDLE (3x) - OK,£1.00,Product: liner,Brand 'EXTRA' not in Supplier title - verify
NEEDS_VERIFICATION,1969,NEEDS VERIFICATION,21,PYREX COOK & CARE SAUCEPAN 20CM,"Redchef Ceramic Nonstick Saucepan with Lid,20cm Small Cookin...",3426470301152.0,-,B0DM82JXB8,£20.29,£35.99,£1.81,10.4%,100,1:1 Match,£1.81,Product: pan,Brand 'PYREX' not in Amazon title - verify
NEEDS_VERIFICATION,587,NEEDS VERIFICATION,20,ECO BAMBOO DISH BRUSH,"eplanita Natural Dish Brush, 3 Replacement Heads, Kitchen Ec...",50304811690067.0,5060670130181.0,B08688KYF6,£1.20,£11.99,£3.88,250.4%,300,1:1 Match,£3.88,Product: dish,Brand 'EXTRA' not in Supplier title - verify
NEEDS_VERIFICATION,1783,NEEDS VERIFICATION,20,APOLLO BEECH MUG TREE,Wooden Mug Holder Tree for Kitchen | Mug Tree for Coffee & T...,2000023884180.0,-,B0DSC5BQW4,£3.83,£9.99,£0.93,24.8%,100,1:1 Match,£0.93,Product: mug,Brand 'APOLLO' not in Amazon title - verify
NEEDS_VERIFICATION,1176,NEEDS VERIFICATION,20,STATUS 5.5W BC CANDLE DAY LIGHT FILAMENT LED LIGHT...,"2 Pack B22 Bayonet LED Candle Light Bulbs, 4W Equivalent 40W...",5022822223257.0,-,B0D93HSDF8,£1.75,£8.99,£1.95,96.9%,50,BUNDLE (2x) - OK,£0.20,Product: candle,Brand 'STATUS' not in Amazon title - verify
NEEDS_VERIFICATION,800,NEEDS VERIFICATION,20,KNEELING PAD ASSORTED CY8400000,"Ohuhu Comfy Garden Kneeling Pad 2 Pack, 4cm Extra Thick Knee...",8719202138375.0,-,B0C2Y2T2S8,£2.33,£15.19,£4.30,172.6%,200,BUNDLE (2x) - OK,£1.97,Product: pad,Brand 'EXTRA' not in Supplier title - verify
NEEDS_VERIFICATION,1828,NEEDS VERIFICATION,19,DEKTON CABLE TIES WHITE 100PCS 4.8MMX250MM,"Cable Ties, 100PCS White Plastic Cable Ties 450mmÃ—4.8mm, He...",5055441434186.0,-,B0FG7VX5Y8,£1.68,£5.99,£0.40,20.6%,50,1:1 Match,£0.40,Product: cable,Brand 'EXTRA' not in Supplier title - verify
NEEDS_VERIFICATION,1275,NEEDS VERIFICATION,19,DEKTON KEYCHAIN COB LIGHT,"Rechargeable Keychain Flashlights, High Lumens EDC Mini Flas...",5055441450919.0,-,B0DWFTT23P,£3.02,£10.84,£2.54,82.8%,100,1:1 Match,£2.54,Product: key,Brand 'FLASH' not in Supplier title - verify
NEEDS_VERIFICATION,312,NEEDS VERIFICATION,19,BIKE SADDLE COVER CUSHIONED,Zacro Bike Seat Cushion Cover - Gel Padded Bike Seat Cover f...,5017403096191.0,714953981896.0,B01H4OL8QE,£0.80,£12.74,£5.38,440.7%,800,1:1 Match,£5.38,Product: cover,Brand 'EXTRA' not in Supplier title - verify
NEEDS_VERIFICATION,1841,NEEDS VERIFICATION,19,HOBBY ROUND BOWL,Addis 518458 Eco Made from 100% Plastic Round Washing Up Bow...,8694064005273.0,-,B07VDG66G4,£0.47,£4.99,£0.18,19.6%,600,1:1 Match,£0.18,Product: bowl,Brand 'ADDIS' not in Supplier title - verify
NEEDS_VERIFICATION,907,NEEDS VERIFICATION,18,PENDEFORD POLLY PROP 500ML SAUCE PAN,"Easycook Microwave Sauce Pan, Clear, 500ml, Poly-carbonate F...",6949196556554.0,-,B00EPDLLEW,£0.80,£7.65,£1.79,146.6%,100,1:1 Match,£1.79,Product: pan,Brand 'FINISH' not in Supplier title - verify
NEEDS_VERIFICATION,2076,NEEDS VERIFICATION,17,EXTRASTAR TYPE C CABLE 1.5M BLACK,USB C Charger Cable 1.5 Meter USB A to USB C Type C Charger ...,8432011627099.0,-,B0D81FH5NB,£1.16,£4.49,£0.03,2.1%,50,1:1 Match,£0.03,Product: cable,Brand 'EXTRA' not in Amazon title - verify
NEEDS_VERIFICATION,843,NEEDS VERIFICATION,17,EXTRASTAR SOLAR SMART STRING LIGHT 15 CANDLE 6M WI...,"3D Printer Enclosure with LED Light,Dustproof Tent Constant ...",8435730660361.0,-,B0CDXCTQP1,£11.16,£39.99,£16.07,163.1%,100,1:1 Match,£16.07,Product: light,Brand 'EXTRA' not in Amazon title - verify
NEEDS_VERIFICATION,1603,NEEDS VERIFICATION,16,KINGFISHER 2PK MEDIUM VACUUM BAGS VBM,Amazon Basics Vacuum Compression Zipper Storage Bags with Ai...,5013478137593.0,192233078083.0,B07RP7TJVT,£2.78,£12.80,£1.16,40.3%,600,SPLIT (1/2) - OK,£2.55,Product: bag,Brand 'KINGFISHER' not in Amazon title - verify
NEEDS_VERIFICATION,581,NEEDS VERIFICATION,16,SMART CHOICE CERAMIC PET BOWL,CEEFU Extra Wide Elevated Cat Bowls - Ceramic Cat Food Bowl ...,5052516113564.0,-,B0BNXKRV65,£2.15,£18.99,£5.90,252.4%,50,1:1 Match,£5.90,Product: bowl,Brand 'EXTRA' not in Supplier title - verify
NEEDS_VERIFICATION,1212,NEEDS VERIFICATION,16,APOLLO BATH BRUSH,Body Shower Brush Back Scrubber: Anti Slip 18.1'' Long Handl...,526180058346.0,790943850823.0,B0F9963BPZ,£1.64,£8.49,£1.77,92.4%,500,1:1 Match,£1.77,Product: brush,Brand 'APOLLO' not in Amazon title - verify
NEEDS_VERIFICATION,2069,NEEDS VERIFICATION,16,SABICHI BATH MAT CLEAR,"WELTRXE Non Slip Bath Mats for Inside Bath, 69 x 36 cm Clear...",5021961099488.0,764595992231.0,B07WRYJW53,£3.62,£9.99,£0.10,2.7%,400,1:1 Match,£0.10,Product: mat,Brand 'SABICHI' not in Amazon title - verify
NEEDS_VERIFICATION,146,NEEDS VERIFICATION,15,CHEF AID PASTRY BRUSH,"80 Numbered Dual Tip Colouring Pens with Free App,Felt Tip P...",5012904401802.0,-,B0D76C52MQ,£1.44,£26.99,£13.73,784.7%,400,1:1 Match,£13.73,Product: brush,Brand 'CHEF AID' not in Amazon title - verify
NEEDS_VERIFICATION,1202,NEEDS VERIFICATION,15,HOBBY ROUND BOWL NO3 5LT,"Chef Aid Contain 3 Mixing Bowls, Non-Slip Base, Soft Grip Ha...",8694064005518.0,5012904213399.0,B08XMMXLCF,£1.70,£10.49,£1.84,93.5%,800,1:1 Match,£1.84,Product: bowl,Brand 'CHEF AID' not in Supplier title - verify
NEEDS_VERIFICATION,370,NEEDS VERIFICATION,15,PROKLEEN MICROFIBRE SPRAY MOP REFILL,"Spray Mop Refill Pads for Flash Powermop, 4PCS Microfibre Mo...",5055706641298.0,-,B0BRMY17P6,£0.74,£11.99,£4.49,383.9%,500,BUNDLE (4x) - OK,£2.26,Product: spray,Brand 'FLASH' not in Supplier title - verify
NEEDS_VERIFICATION,1585,NEEDS VERIFICATION,13,FESTIVE MAGIC HOOKS MINI GUTTER 24PK,"24 Pack Giant Gutter Hooks for Outdoor Lights, Extra Strong ...",9333527026811.0,-,B0FNRJLFV8,£0.88,£5.99,£0.55,43.2%,200,1:1 Match,£0.55,Product: hook,Brand 'FAIRY' not in Supplier title - verify
NEEDS_VERIFICATION,1245,NEEDS VERIFICATION,7,DRAPER COMFORT MASK,Face Masks - Breathable Face Masks with Filter - Cotton Face...,5010559180585.0,5060801700023.0,B08BYZ98K4,£3.35,£11.99,£2.92,87.5%,700,1:1 Match,£2.92,Product: mask,Brand 'DRAPER' not in Amazon title - verify
NEEDS_VERIFICATION,309,NEEDS VERIFICATION,4,BRIGHT & HOMELY FOIL PLATTER 14 INCH 355MM X 245MM...,"MATANA 20 Large Aluminium Foil Platters, 14"" (35x26cm) â€“ D...",5050796012768.0,714983185394.0,B0723GGWNK,£0.74,£13.99,£5.18,442.6%,400,SPLIT (1/2) - OK,£5.55,Product: foil,Brand 'EXTRA' not in Supplier title - verify
NEEDS_VERIFICATION,759,NEEDS VERIFICATION,0,EXTRASTAR TYPE C CABLE 1.2M BLUE,"INIU USB C to USB C Charger Cable, [2m, Blue] 100W PD3.0 Typ...",8056860276866.0,6975141098718.0,B0DFWFQP99,£0.94,£7.99,£2.46,184.8%,50,1:1 Match,£2.46,Product: cable,Brand 'EXTRA' not in Amazon title - verify
NEEDS_VERIFICATION,1283,NEEDS VERIFICATION,0,KINGFISHER DELUXE FOLDING PRUNING SAW,"Mossy Oak Pruning Saw, Folding Hand Saw with Secure Lock, 3 ...",5013478132154.0,820909739173.0,B071Z1Y34D,£4.01,£13.99,£3.18,81.7%,500,1:1 Match,£3.18,Product: saw,Brand 'KINGFISHER' not in Amazon title - verify
