EAN,EAN_OnPage,ASIN,SupplierTitle,AmazonTitle,SupplierURL,AmazonURL,bought_in_past_month,fba_seller_count,fbm_seller_count,total_offer_count,SupplierPrice_incVAT,SupplierPrice_exVAT,SellingPrice_incVAT,ReferralFee,FBAFee,PrepHouseFee,OutputVAT,InputVAT,NetProceeds,HMRC,NetProfit,ROI,Breakeven,ProfitMargin
5060424966240,5055280411560,B094664D98,FIRST TOOTH BOY CERAMIC TRINKET BOX,Store More Lifetime 15ft x 8ft Dual Edition Heavy Duty Plastic Shed,https://www.clearance-king.co.uk/first-tooth-boy-ceramic-trinket-box-3-24.html,https://www.amazon.co.uk/dp/B094664D98,,,Available (see Keepa data),1.0,1.32,1.1,3600.0,540.0,130.59,0.55,600.0,134.448,2328.31,-134.448,2327.7599999999998,141076.36363636362,806.688,77.592
5015302447779,0887111403025,B00BQTJ0PA,KIDS ICE COOLERS,"HP CF373AM 125A Original LaserJet Toner Cartridges, Cyan/Magenta/Yellow, Multipack",https://www.clearance-king.co.uk/kids-ice-coolers.html,https://www.amazon.co.uk/dp/B00BQTJ0PA,,,Available (see Keepa data),20.0,0.456,0.38,194.58,22.57,4.73,0.55,32.43000000000001,5.646,134.47000000000003,-5.646,133.92000000000002,14400.0,33.876,82.59019426456985
5025364000911,5025232982639,B0FGD9NJY4,Tidyz Very Strong Degradable Nappy Bags With Tie Handles - 32 x 36cm - Pack Of 100,"Panasonic NF-GM600KXC 6-in-1 Electric Multi Cooker, 1400W, 40-250°C, 9 Auto Modes, 6 Plate Accessories, Smoke Extractor, Dishwasher Safe, 2.5m Cord, Black",https://www.clearance-king.co.uk/tidyz-very-strong-degradable-nappy-bags-with-tie-handles-32-x-36cm-pack-of-100.html,https://www.amazon.co.uk/dp/B0FGD9NJY4,,Available (see Keepa data),Available (see Keepa data),3.0,0.78,0.65,249.99,37.5,7.31,0.55,41.66499999999999,9.202000000000002,162.865,-9.202000000000002,162.315,13526.249999999998,55.211999999999996,77.9143165726629
8696219319129,5702017589909,B0D5W8J5YV,Turbo Potty Trainer Seat - Colours May Vary - 36 x 25 x 24cm,"LEGO Icons The Lord of the Rings: Barad-dûr Model, Movie Memorabilia Building Set for Adults, Gift Idea for Men & Women, Includes Sauron, Gothmog, Orc, Frodo, Sam and Gollum Minifigures 10333",https://www.clearance-king.co.uk/turbo-potty-trainer-seat-colours-may-vary-36-x-25-x-24cm.html,https://www.amazon.co.uk/dp/B0D5W8J5YV,100.0,,,2.0,2.436,2.03,399.99,60.0,7.07,0.55,66.66499999999996,13.93,264.2250000000001,-13.93,263.67500000000007,10219.96124031008,83.57999999999998,79.10447761194031
39401219,0092644652394,B0D1GSC6JL,CUDDLES BATH TOYS - ASSORTED CHARACTERS - PACK OF 4,"Klein Tools 65239 KNECT Flip-20 Deep Impact Socket Set, 20 SAE and Metric Socket Sizes with MODbox Case, Heavy Duty Flip Sockets with 1/4 and 3/8-Inch Adapters",https://www.clearance-king.co.uk/4pk-bath-toys-asst-characters-12-48.html,https://www.amazon.co.uk/dp/B0D1GSC6JL,,,Available (see Keepa data),3.0,1.068,0.89,129.58,16.85,3.14,0.55,21.596666666666664,4.2860000000000005,87.10333333333335,-4.2860000000000005,86.55333333333336,6010.6481481481505,25.716000000000005,80.15434480629727
5025364002250,5012663015791,B00E1RZEO0,Tidyz Nappy Bags With Tie Handles - 28 x 30cm - Roll Of 100,"Electric Shower - Triton Cara (Perluso, Madrid 2, Seville, Enrich) - 9.5kW",https://www.clearance-king.co.uk/tidyz-nappy-bags-with-tie-handles-28-x-30cm-roll-of-100.html,https://www.amazon.co.uk/dp/B00E1RZEO0,,,Available (see Keepa data),1.0,0.6,0.5,92.99,11.62375,2.41,0.55,15.498333333333335,3.0167500000000005,62.95791666666666,-3.0167500000000005,62.407916666666665,5943.611111111111,18.1005,80.53500376384558
4982494312721,,B0D84FBQZR,BABY FOOD BIB- EASY CLEAN,"ASUS RT-BE58U BE3600 WiFi 7 AiMesh Extendable Router, 4K QAM, MLO, AI Detection 2.5G WAN/LAN port , Four 1G ports, Commercial Grade Network Security, Parental Control, IoT network, VPN network",https://www.clearance-king.co.uk/baby-food-bib-easy-clean.html,https://www.amazon.co.uk/dp/B0D84FBQZR,100.0,,,,0.528,0.44,86.09,10.76125,2.41,0.55,14.34833333333333,2.8322500000000006,58.130416666666676,-2.8322500000000006,57.58041666666668,5816.203703703705,16.9935,80.26077360901384
5055257864764,4820184122314,B0D9W1S3Y5,Upsy Daisy BPA Free Standard Neck Feeding Bottle with Silicone Teat for Baby - 250ml,"UGEARS V8 Engine 3D Wooden Puzzles for Adults - Wooden Model Kits for Adults to Build DIY Craft, for Engineers, 3D Puzzle Model Engine Kit, 3D Puzzles Adult Hobby Kit, Brain Teaser",https://www.clearance-king.co.uk/upsy-daisy-bpa-free-standard-neck-feeding-bottle-with-silicone-teat-for-baby-250ml.html,https://www.amazon.co.uk/dp/B0D9W1S3Y5,50.0,Available (see Keepa data),,2.0,0.9600000000000001,0.8,82.99,12.45,2.96,0.55,13.831666666666663,3.3520000000000003,52.94833333333333,-3.3520000000000003,52.39833333333333,3881.358024691358,20.112000000000002,75.76575491023016
5053154243149,5010996254016,B0CQJ2LQXX,SUKI BABY SOCKS ABIGAIL,"Star Wars Retro Collection The Acolyte Multipack, 9.5-cm Action Figure 6-Pack",https://www.clearance-king.co.uk/suki-baby-socks-abigail.html,https://www.amazon.co.uk/dp/B0CQJ2LQXX,,Available (see Keepa data),Available (see Keepa data),17.0,0.336,0.28,42.43,6.36,3.13,0.55,7.071666666666665,2.0640000000000005,25.588333333333335,-2.0640000000000005,25.038333333333334,3016.6666666666665,12.384,70.81310393589442
5056175915491,7393080639219,B00IKG6TC4,Upsy Daisy Bandana Style Dribble Bib - Assorted Colours,"Flymo Contour 500E Electric Grass Trimmer and Edger, 500 W, Cutting Width 25 cm, Orange",https://www.clearance-king.co.uk/upsy-daisy-bandana-style-dribble-bib-assorted-colours.html,https://www.amazon.co.uk/dp/B00IKG6TC4,200.0,Available (see Keepa data),Available (see Keepa data),17.0,0.48000000000000004,0.4,48.51,7.28,5.12,0.55,8.085,2.6700000000000004,27.624999999999996,-2.6700000000000004,27.074999999999996,2849.999999999999,16.02,66.97588126159553
16455411,,B0CPDZTLP6,NAPPY BAGS WHITE - 31 x 12CM,63117258278 Halogen Headlamp TMS Driver Module Replacement for BMW 5 Series F10 F11 F07 Replaces 63117304906 63117267045,https://www.clearance-king.co.uk/nappy-bags-white.html,https://www.amazon.co.uk/dp/B0CPDZTLP6,,Available (see Keepa data),,1.0,0.18,0.15,33.99,5.1,3.03,0.55,5.664999999999999,1.766,20.045,-1.766,19.495,2785.0,10.596,68.82612533097969
079625993226,,B0FG7VF8J3,RAZZ BABY BATH WASH CLOTHS & RINSE CUPS,"INSOON Robot Building Toy with Lights, 5 in 1 Robotic Building Set with APP & Remote Control, RC Tech Tracked Tank Car Fighter Jet Model Kit 795 PCS, Educational Gift for Kids Boys Girls Ages 14+",https://www.clearance-king.co.uk/razz-baby-bath-wash-cloths-rinse-cups.html,https://www.amazon.co.uk/dp/B0FG7VF8J3,50.0,,,,0.696,0.58,43.99,5.49875,2.41,0.55,7.3316666666666634,1.80775,28.16958333333334,-1.80775,27.61958333333334,2444.210914454278,10.8465,75.34325983177995
086947191346,0086947191346,B002GIU25C,Disney Power Ranger Boot Cover Green Ranger,Disguise Power Rangers Rpm Costume Accessory Green Boot Shoe Covers,https://www.clearance-king.co.uk/disney-power-ranger-boot-cover-green-ranger.html,https://www.amazon.co.uk/dp/B002GIU25C,,,Available (see Keepa data),2.0,0.456,0.38,35.0,5.94,2.07,0.55,5.833333333333332,1.7880000000000003,20.776666666666667,-1.7880000000000003,20.226666666666667,2174.9103942652328,10.728000000000002,69.34857142857143
9780850793017,9780850793017,0850793017,GILES CARTOON 2005 BOOK,"""Giles"" Annual",https://www.clearance-king.co.uk/giles-cartoon-2005-book.html,https://www.amazon.co.uk/dp/0850793017,,,Available (see Keepa data),13.0,0.696,0.58,41.06,6.16,3.06,0.55,6.843333333333334,2.0700000000000003,24.41666666666667,-2.0700000000000003,23.86666666666667,2112.0943952802363,12.420000000000002,69.75158304919631
5034253001434,5012663015517,B09G39RCLX,WOODEN TWISTY RAINBOW RING TOY 0+ MONTHS,"Triton Jade 3 Electric Shower 9.5kW (Opal 3, Aquasurge, Rosato)",https://www.clearance-king.co.uk/wooden-twisty-rainbow-ring-toy-0-m.html,https://www.amazon.co.uk/dp/B09G39RCLX,,,Available (see Keepa data),1.0,3.54,2.95,110.99,13.87375,2.41,0.55,18.498333333333335,3.9567499999999995,73.25791666666666,-3.9567499999999995,72.70791666666666,2077.3690476190473,23.7405,78.61023515632039
042887431454,5702017421346,B0BBS14N1R,BABY BOTTLE CLEANING BRUSH,"LEGO Star Wars Captain Rex Helmet Set, The Clone Wars Collectible for Adults, 2023 Series Model Collection, Memorabilia Gift Idea for Him or Her 75349",https://www.clearance-king.co.uk/bottle-brush.html,https://www.amazon.co.uk/dp/B0BBS14N1R,200.0,Available (see Keepa data),Available (see Keepa data),42.0,1.32,1.1,53.99,8.1,3.58,0.55,8.998333333333335,2.6660000000000004,32.211666666666666,-2.6660000000000004,31.661666666666665,1918.8888888888887,15.995999999999999,70.37229116503056
15061015252046,0750880760388,B0FBW4GLPH,MY LITTLE MIRACLE - LIGHTLY SCENTED TOP TO TOE BABY WASH - 500ML,"Techie Heater Blower Motor Fan Replacement for 272261KA0A, 273SY1KA0A, 273SY-1KA0A Compatible with Juke F15 1.2L 1.5L 1.6L Petrol 2010-2020 Juke F15 1.5 dCi Diesel 2010-2020",https://www.clearance-king.co.uk/500ml-my-little-baby-wash-top-to-toe-12-ck.html,https://www.amazon.co.uk/dp/B0FBW4GLPH,,Available (see Keepa data),,1.0,0.876,0.73,39.99,6.0,4.87,0.55,6.664999999999999,2.43,21.725,-2.43,21.175,1654.296875,14.580000000000002,63.540885221305324
5056175911783,0887961785845,B07P5PQN7S,Pristine Gleam Kids Toothbrush with Cover,"Hot Wheels Track Builder Deluxe Stunt Box, Over 5 metres Track Builder System, Head-to-Head Stunt Tracks with Dual Launchers, Includes 2 Toy Cars, Toys for Ages 6 Years and Up, One Pack, ‎GGP93",https://www.clearance-king.co.uk/pristine-gleam-kids-toothbrush-with-cover.html,https://www.amazon.co.uk/dp/B07P5PQN7S,700.0,Available (see Keepa data),,268.0,0.78,0.65,37.29,5.59,5.34,0.55,6.215,2.426,19.495,-2.426,18.945,1578.7499999999998,14.556000000000001,60.965406275140786
639277194947,,B0DY1KNMG1,STAR WARS-4 SHEET STICKER BOOK,Feleph 110 Pieces 11 Sizes Classic Building Plates Parts 10 Mixed Color Compatible with Flat Platform Base for City Moc Figure Series Pack Set Toys Kids,https://www.clearance-king.co.uk/star-wars-4-sheet-sticker-book.html,https://www.amazon.co.uk/dp/B0DY1KNMG1,,Available (see Keepa data),,1.0,0.456,0.38,26.99,4.05,3.04,0.55,4.498333333333331,1.604,15.021666666666667,-1.604,14.471666666666666,1556.0931899641575,9.623999999999999,64.34234901815486
8436033305409,,B0FGQHNSVF,ZOMBIE STICKER BOOK ONLY - ENGLISH,Shaver Head Replacement Trimmer，Compatible for Philips， Compatible for Bodygroom， BG 2024-2040 S11 YSS2 YSS3 Series(1pcs a),https://www.clearance-king.co.uk/zombie-sticker-book-only-english.html,https://www.amazon.co.uk/dp/B0FGQHNSVF,,,,,0.24000000000000002,0.2,20.66,2.5825,2.41,0.55,3.4433333333333316,1.1485,12.02416666666667,-1.1485,11.474166666666669,1529.8888888888891,6.891000000000001,66.6456921587609
5051807508089,,B07P5PQN7S,Emmay Toy Ties For Pushchairs And Prams,"Hot Wheels Track Builder Deluxe Stunt Box, Over 5 metres Track Builder System, Head-to-Head Stunt Tracks with Dual Launchers, Includes 2 Toy Cars, Toys for Ages 6 Years and Up, One Pack, ‎GGP93",https://www.clearance-king.co.uk/emmay-toy-ties-for-pushchairs-and-prams.html,https://www.amazon.co.uk/dp/B07P5PQN7S,700.0,,,,1.14,0.95,37.29,4.66125,2.41,0.55,6.215,1.71425,23.05375,-1.71425,22.50375,1500.25,10.2855,72.41753821399838
9780007258352,9780061231643,0061231649,THE CHRONICLES OF NARNIA: PRINCE CASPIAN- MOVIE STORYBOOK,Prince Caspian: The Movie Storybook (The Chronicles of Narnia),https://www.clearance-king.co.uk/the-chronicles-of-narnia-prince-caspian-movie-storybook.html,https://www.amazon.co.uk/dp/0061231649,,,Available (see Keepa data),15.0,0.528,0.44,27.24,5.25,3.04,0.55,4.539999999999999,1.856,13.97,-1.856,13.42,1355.5555555555554,11.136000000000001,59.118942731277535
5056239401137,,B0D8BK2HM9,PLUG SOCKET COVERS - PACK OF 10,"Flower Bouquet Building Set, 1464 PCS Botanical Collection Building Block Toy, Rose Sunflower Home Plant Decor, 18 Flowers Models Birthday Gift for Adults Women Kids Boys Girls 8 9 10 11 12+",https://www.clearance-king.co.uk/plug-socket-covers-10-pc.html,https://www.amazon.co.uk/dp/B0D8BK2HM9,100.0,Available (see Keepa data),Available (see Keepa data),4.0,0.9,0.75,30.59,4.59,3.34,0.55,5.098333333333333,1.846,16.811666666666667,-1.846,16.261666666666667,1250.8974358974358,11.076,63.79208891794704
5031413944969,5060426157066,B09TBJLS45,Cherubs Baby Soothers,"Lovely You By SJP EDP Spray For Women-Soft, Clean, Sensual Evening Fragrance-Designed For The Modern Woman-Elegant Notes Of Wild Freesia, Pink Peony, And Vanilla 100 ml",https://www.clearance-king.co.uk/cherubs-baby-soothers.html,https://www.amazon.co.uk/dp/B09TBJLS45,100.0,,Available (see Keepa data),8.0,0.264,0.22,16.95,2.55,3.19,0.55,2.8249999999999993,1.302,8.165,-1.302,7.614999999999999,988.9610389610388,7.811999999999999,53.911504424778755
15061015252008,9781593279288,1593279280,MY LITTLE MIRACLE - BUBBLY BABY OIL GEL - HONEY & VITAMIN E - 200ML,"Python Crash Course, 2nd Edition: A Hands-On, Project-Based Introduction To Programming",https://www.clearance-king.co.uk/200ml-my-little-baby-oil-gel-milk-honey-12-ck.html,https://www.amazon.co.uk/dp/1593279280,,Available (see Keepa data),Available (see Keepa data),14.0,0.876,0.73,23.99,3.6,3.14,0.55,3.9983333333333313,1.604,12.521666666666665,-1.604,11.971666666666664,935.286458333333,9.624,59.88328470195914
5025572051287,,B0DRNBYTR5,Baby First Travel Feeding Bowl & Spoon Set - Pink/Blue,"WYSWYG 1500PCS Classic Building Bricks Set for Kids, Multicolor Blocks, Compatible with Construction Building Blocks, ABS Construction Bricks, Educational Toy for Ages 6+, Stimulates Creativity.",https://www.clearance-king.co.uk/baby-first-travel-feeding-bowl-spoon-set-pink-blue.html,https://www.amazon.co.uk/dp/B0DRNBYTR5,100.0,Available (see Keepa data),,1.0,0.6,0.5,20.19,3.03,3.26,0.55,3.3649999999999984,1.468,10.035000000000004,-1.468,9.485000000000003,903.3333333333335,8.807999999999998,56.37444279346212
8699947921336,5060712830765,B087N3VWKL,Swan Baby Cloth Hanger - Assorted Colours - Pack of 6,Straame - Strong Brown Premium Wooden Coat Hangers - Made with Natural Wood and Non-Slip Trouser Coat Jacket Hangers Pants Bar - Extra Smooth Finish - Strong Shoulder Notches (Pack of 40),https://www.clearance-king.co.uk/swan-baby-cloth-hanger-assorted-colours-pack-of-6.html,https://www.amazon.co.uk/dp/B087N3VWKL,,,Available (see Keepa data),1.0,0.6,0.5,22.59,2.88,5.48,0.55,3.7650000000000006,1.8820000000000001,9.965,-1.8820000000000001,9.415,896.6666666666665,11.292,50.0132802124834
5051807218018,0887961785845,B07P5PQN7S,BRU MINI NON SLIP BATH MATS 6 PC,"Hot Wheels Track Builder Deluxe Stunt Box, Over 5 metres Track Builder System, Head-to-Head Stunt Tracks with Dual Launchers, Includes 2 Toy Cars, Toys for Ages 6 Years and Up, One Pack, ‎GGP93",https://www.clearance-king.co.uk/bru-mini-non-slip-bath-mats-6-pc.html,https://www.amazon.co.uk/dp/B07P5PQN7S,700.0,Available (see Keepa data),,268.0,1.8,1.5,37.29,5.59,5.34,0.55,6.215,2.596,18.645,-2.596,18.095,882.6829268292682,15.576,58.23008849557522
15061015253593,,B0FGC9FDQK,MY LITTLE MIRACLE - LIGHTLY SCENTED SPLASHY BABY BATH - 500ML,"Door Lock Actuator, 3B4839015AG for Skoda Fabia I 6y3 Sedan Seat Left Passenger Side Rear Door Door Actuator, for Volkswagen Polo 9A4 Transporter Caravelle T5 2002-2016,3B4839015AN",https://www.clearance-king.co.uk/500ml-my-little-baby-bath-12-ck.html,https://www.amazon.co.uk/dp/B0FGC9FDQK,,,,1.0,0.876,0.73,22.99,3.45,3.13,0.55,3.831666666666667,1.572,11.848333333333333,-1.572,11.298333333333332,882.6822916666666,9.431999999999999,58.97346672466289
01315288,,B0FYPTT3HB,2 BURPIES WINDING CLOTH,"Blissful Diary Muslin Nursing Cover for Breastfeeding, Breathable Breastfeeding Cover up with Arch Neckline for Women, Nursing Apron (Roman Green)",https://www.clearance-king.co.uk/2-burpies-winding-cloth.html,https://www.amazon.co.uk/dp/B0FYPTT3HB,,Available (see Keepa data),,1.0,0.456,0.38,14.99,0.75,2.65,0.55,2.498333333333333,0.8660000000000001,8.711666666666666,-0.8660000000000001,8.161666666666665,877.5985663082436,5.196,65.33689126084055
9780857511591,9780857511591,0857511599,TREE FU TOM: TWIGS AND THE WISHING PEBBLE,Tree Fu Tom: Twigs and the Wishing Pebble,https://www.clearance-king.co.uk/tree-fu-tom-twigs-and-the-wishing-pebble.html,https://www.amazon.co.uk/dp/0857511599,,,Available (see Keepa data),5.0,0.396,0.33,14.92,2.24,2.1,0.55,2.4866666666666664,1.044,7.763333333333334,-1.044,7.213333333333334,819.6969696969697,6.263999999999999,58.016085790884716
5053249249230,5060727633580,B09R27RCPG,COTTON TREE BABY OIL - 300ML,"Hexeal White Vinegar 25L – 25L of Food Grade White Vinegar for Cooking, Cleaning, Pickling & Baking – Cleans Surfaces, Deodorises & Removes Grime",https://www.clearance-king.co.uk/baby-oil-300ml-0-24-ck.html,https://www.amazon.co.uk/dp/B09R27RCPG,,,Available (see Keepa data),1.0,0.876,0.73,19.99,2.49875,2.41,0.55,3.331666666666667,1.2377500000000001,11.019583333333332,-1.2377500000000001,10.46958333333333,817.9361979166664,7.426499999999999,62.8489244622311
15061015253609,5056787006716,B0DQ5P78QQ,MY LITTLE MIRACLE - LIGHTLY SCENTED SNAPPY BABY SHAMPOO - 500ML,Left Right Door Cable Wiring Harness Loom Plug fits Skoda Fabia Rapid Superb fits VW Golf Scirocco Tiguan Yeti Touareg Polo Passat,https://www.clearance-king.co.uk/500ml-little-baby-shampoo-12-ck.html,https://www.amazon.co.uk/dp/B0DQ5P78QQ,,Available (see Keepa data),,1.0,0.876,0.73,19.99,3.0,2.08,0.55,3.331666666666667,1.2720000000000002,10.848333333333331,-1.2720000000000002,10.29833333333333,804.5572916666664,7.632,61.820910455227605
9325448071698,0192751245417,B07JFG2BVS,Smash Fantasy Feet Baby Feeding Bowl with Spoon - Assorted Designs,DVD Storage CD Case Holder: Fanspack 160 Capacity CD Sleeves Black Disc Cases Binder for Car - Protective CD Hard Organizer Box - Large DVD Wallet for Movie/Music/Game & Portable CD Book,https://www.clearance-king.co.uk/smash-fantasy-feet-baby-feeding-bowl-with-spoon-assorted-designs.html,https://www.amazon.co.uk/dp/B07JFG2BVS,,Available (see Keepa data),,1.0,0.696,0.58,19.38,2.91,3.15,0.55,3.2300000000000004,1.4380000000000002,9.509999999999998,-1.4380000000000002,8.959999999999997,792.9203539823006,8.628,55.479876160990706
5060087870434,,1423124111,THE GAMES SPECIAL SOUVENIER EDITION BOOK,Poster Art of the Disney Parks (Disney Parks Souvenir Book),https://www.clearance-king.co.uk/the-games-special-souvenier-edition-book.html,https://www.amazon.co.uk/dp/1423124111,,,Available (see Keepa data),13.0,2.52,2.1,37.99,5.7,3.58,0.55,6.331666666666667,2.386,20.278333333333336,-2.386,19.728333333333335,744.4654088050314,14.316,62.31639905238221
5012866711100,5060712830765,B087N3VWKL,Baby Clothes Hangers - Assorted Colours - Colours May Vary - Pack Of 8,Straame - Strong Brown Premium Wooden Coat Hangers - Made with Natural Wood and Non-Slip Trouser Coat Jacket Hangers Pants Bar - Extra Smooth Finish - Strong Shoulder Notches (Pack of 40),https://www.clearance-king.co.uk/baby-clothes-hangers-assorted-colours-colours-may-vary-pack-of-8.html,https://www.amazon.co.uk/dp/B087N3VWKL,,,Available (see Keepa data),1.0,0.828,0.69,22.59,2.88,5.48,0.55,3.7650000000000006,1.92,9.775,-1.92,9.225,743.9516129032259,11.520000000000001,49.00398406374502
3574669909143,,B0FXH6T4N7,Johnsons Pure & Gentle Daily Care Baby Oil - 300ml - Price Marked £2.00*,"Ammuri Aloe Vera Gel 300ml 100% Pure Organic & Natural Soothing & Hydrating for Face, Body & Hair After Sun Care Daily Moisturiser Non-Sticky Vegan Cruelty-Free (2 x 300g ALOE-Bottles-SET)",https://www.clearance-king.co.uk/johnsons-pure-gentle-daily-care-baby-oil-300ml-price-marked-2-00.html,https://www.amazon.co.uk/dp/B0FXH6T4N7,,,,2.0,1.56,1.3,26.99,4.05,3.0,0.55,4.498333333333331,1.78,14.141666666666666,-1.78,13.591666666666665,734.6846846846845,10.68,60.429788810670615
5056239401144,0799410866831,B07XH2WY95,MAGNETIC NUMBERS/LETTER - PACK OF 26,"SZJJX Remote Control Cars – 2.4GHz High-Speed RC Car for Kids, 15KM/H+ 2WD Off-Road Car with 2 Rechargeable Batteries, Electric Remote Control Truck Toy for Boys & Girls Gifts (Green)",https://www.clearance-king.co.uk/26pc-numbers-letter-magnetic-0-48.html,https://www.amazon.co.uk/dp/B07XH2WY95,700.0,Available (see Keepa data),,6.0,0.888,0.74,19.66,2.95,3.15,0.55,3.2766666666666673,1.4780000000000002,9.543333333333333,-1.4780000000000002,8.993333333333332,697.157622739018,8.867999999999999,54.893184130213626
5038278988060,5011264077566,B01GRZUESY,ED HARDY: BABY SOOTHER HOLDER,AQUALONA® Premium Thermoplastic Toilet Seat Soft Close Hardwearing Seat with One Button Hinge Release D Shaped Easy to Clean Simple Installation Top and Bottom Fittings (White - D Shape),https://www.clearance-king.co.uk/ed-hardy-baby-soother-holder.html,https://www.amazon.co.uk/dp/B01GRZUESY,,,Available (see Keepa data),1.0,0.54,0.45,18.99,2.47,5.39,0.55,3.164999999999999,1.7720000000000002,7.514999999999999,-1.7720000000000002,6.964999999999999,696.4999999999999,10.632000000000001,44.0126382306477
9780857510389,,B0D8KH6WM7,MEGAMIND THE NOVAL,"ROXENDA 3 Packs Infinity Cube Magic Star Shape Shifting Set, 2 in 1 3D Speed Cube Transforming Puzzle Toys for Kids, 6 7 8 9 10 11 Year Old Boy Gifts(Star Series)",https://www.clearance-king.co.uk/megamind-the-noval.html,https://www.amazon.co.uk/dp/B0D8KH6WM7,,Available (see Keepa data),,1.0,0.336,0.28,12.99,1.95,2.65,0.55,2.164999999999999,1.086,5.945000000000001,-1.086,5.395000000000001,650.0000000000001,6.515999999999999,49.83833718244804
5056239401007,,B096LV3L1C,BABY HANGERS - ASSORTED COLOURS - PACK OF 10,"Anstore 24 Pack Colour Plastic Baby Hangers, Extendable Nursery Hangers, Children Coat Hangers with Space-Saving Stackable Hooks, Non-Slip Toddler Hangers for Kids Children Clothes Dresses",https://www.clearance-king.co.uk/baby-hangers-10-pcs.html,https://www.amazon.co.uk/dp/B096LV3L1C,50.0,,,,0.996,0.83,17.84,2.23,2.41,0.55,2.9733333333333327,1.2040000000000002,9.396666666666667,-1.2040000000000002,8.846666666666666,641.0628019323672,7.224,59.5067264573991
1506105252015,,B0FK591BQF,MY LITTLE MIRACLE - BUBBLY BABY OIL GEL - LAVENDER & CHAMOMILE - 200ML,"55202371, 9S518575AA, 1535448 Engine Coolant Thermostat Housing with Seal Replacement for 500/500 C 312 1.2L 2007-2020, Ypsilon 312 843 846 1.2L 2009-2020, KA RU8",https://www.clearance-king.co.uk/200ml-my-little-baby-oil-gel-lavender-12-ck.html,https://www.amazon.co.uk/dp/B0FK591BQF,,Available (see Keepa data),,1.0,0.876,0.73,16.9,2.54,3.09,0.55,2.8166666666666664,1.3820000000000001,7.723333333333333,-1.3820000000000001,7.173333333333333,560.4166666666666,8.291999999999998,50.934911242603555
15061015252039,,B0D6V365T1,MY LITTLE MIRACLE - LIGHTLY SCENTED FLAMAZING BABY LOTION - 500ML,"2Pcs 06A919501 Water Temperature Sensor - Cooling Sensor Replacement for A3 A4 A6, Golf, Touran, Seat, Skoda",https://www.clearance-king.co.uk/500ml-my-little-baby-lotion-12-ck.html,https://www.amazon.co.uk/dp/B0D6V365T1,,Available (see Keepa data),,2.0,0.876,0.73,14.99,2.25,2.1,0.55,2.498333333333333,1.126,7.411666666666667,-1.126,6.861666666666667,536.0677083333334,6.755999999999999,54.929953302201476
9780857510808,9780857510808,0857510800,STARDOLL AUTUMN/WINTER TOP TREND: HARDBACK BOOK,Stardoll: Top Trends - Autumn/Winter,https://www.clearance-king.co.uk/stardoll-autumn-winter-top-trend-hardback-book.html,https://www.amazon.co.uk/dp/0857510800,,,Available (see Keepa data),3.0,0.336,0.28,9.99,1.5,1.87,0.55,1.6649999999999991,0.8400000000000001,4.675000000000001,-0.8400000000000001,4.125000000000001,496.98795180722897,5.04,49.54954954954955
9780863887758,9780863887758,0863887759,HOW TO STOP BULLYING 101 STRATEGIES BOOK,How to Stop Bullying: 101 Strategies That Really Work,https://www.clearance-king.co.uk/how-to-stop-bullying-101-strategies-book.html,https://www.amazon.co.uk/dp/0863887759,,,Available (see Keepa data),4.0,6.6,5.5,54.99,8.25,2.72,0.55,9.165,3.404,29.355000000000004,-3.404,28.805000000000003,476.11570247933895,20.424,62.85870158210584
5025572044271,9781951806552,1951806557,Baby First Re-Usable Bowls with Lids - Assorted Colours - 236ml - Pack of 2,"Awesome Space Facts for Kids: Discover Amazing Facts, Mind-Blowing Records, and the Wonders of the Universe!",https://www.clearance-king.co.uk/baby-first-re-usable-bowls-with-lids-assorted-colours-236ml-pack-of-2.html,https://www.amazon.co.uk/dp/1951806557,,,Available (see Keepa data),9.0,0.6,0.5,10.79,1.18,1.87,0.55,1.798333333333332,0.82,5.441666666666667,-0.82,4.8916666666666675,465.8730158730159,4.919999999999999,54.40222428174236
5025364003295,0634158678813,B073RGKGPW,Breez Standard Fragranced Nappy Bags With Tie Handles - 28 x 31cm - Pack Of 150,"Venture Nappy Bin Liners 16L (3 x 12m Refill Rolls) - Compatible with Korbell 16L, Litter Champ & More - Up to 640 Nappies per Refill - Durable Leak-Proof Disposal Bags - Fits Most 16L Nappy Bins",https://www.clearance-king.co.uk/breez-standard-fragranced-nappy-bags-with-tie-handles-28-x-31cm-pack-of-150.html,https://www.amazon.co.uk/dp/B073RGKGPW,100.0,,Available (see Keepa data),1.0,0.864,0.72,15.29,2.55,3.13,0.55,2.548333333333332,1.3900000000000001,6.341666666666667,-1.3900000000000001,5.791666666666667,456.0367454068242,8.339999999999998,45.45454545454545
5031413950687,0072239306277,B08GGL8L25,CHERUBS BABY FEEDING BOTTLE - 250 ML,"Dr. Brown's Anti-Colic Options+ Narrow Baby Bottle, 8oz/250ml, with Level 1 Slow Flow Teat, 3-Pack",https://www.clearance-king.co.uk/chrubs-feeding-bottle-250-ml-12-144-ck.html,https://www.amazon.co.uk/dp/B08GGL8L25,500.0,,Available (see Keepa data),2.0,0.9,0.75,14.38,2.16,2.7,0.55,2.3966666666666665,1.2320000000000002,6.373333333333334,-1.2320000000000002,5.823333333333334,447.94871794871796,7.3919999999999995,48.59527121001391
5012866701552,,B0C781F2NL,Beautiful Beginnings Baby Nappy Pins - Pack Of 12,"YEAUPE Shower Head and Hose 1.6M - 110mm Large Powerful Flow Shower Hose and Head High Pressure 6 Modes Pressure Boosting Handheld Showerhead for Low Water Pressure Electric Shower Head,Chrome",https://www.clearance-king.co.uk/baby-nappy-pins-pack-of-12.html,https://www.amazon.co.uk/dp/B0C781F2NL,400.0,,,,0.828,0.69,12.99,1.62375,2.41,0.55,2.164999999999999,1.05475,6.101250000000002,-1.05475,5.551250000000002,447.6814516129034,6.328499999999999,51.28175519630487
3664944141563,,B0BD6Y6M9V,MR MEN BABY BIB ASSORTED,"Konssy Muslin Baby Bibs 8 Pack Bandana Drool Bibs Cotton for Unisex Boys Girls, 8 Solid Colors Set for Teething and Drooling",https://www.clearance-king.co.uk/mr-men-baby-bib-asstd-french-24.html,https://www.amazon.co.uk/dp/B0BD6Y6M9V,50.0,Available (see Keepa data),,1.0,1.32,1.1,16.99,2.55,3.0,0.55,2.831666666666665,1.44,7.508333333333335,-1.44,6.958333333333335,421.7171717171718,8.64,49.14655679811655
9780863888212,9780863888212,0863888216,PLAY BETTER GAMES SPIRAL BOOK,Play Better Games: Enabling Children with Autism to Join in with Everyday Games,https://www.clearance-king.co.uk/play-better-games-spiral-book.html,https://www.amazon.co.uk/dp/0863888216,,,Available (see Keepa data),12.0,6.6,5.5,48.99,6.58,2.72,0.55,8.165,3.0700000000000003,26.025000000000006,-3.0700000000000003,25.475000000000005,421.0743801652893,18.42,62.400489895897124
5025572990615,9781951806552,1951806557,Deluxe Heavy Duty Plastic Clothes Hangers With Sliding Clips - Pack Of 4 - Colours May Vary,"Awesome Space Facts for Kids: Discover Amazing Facts, Mind-Blowing Records, and the Wonders of the Universe!",https://www.clearance-king.co.uk/deluxe-heavy-duty-plastic-clothes-hangers-with-sliding-clips-pack-of-4-colours-may-vary.html,https://www.amazon.co.uk/dp/1951806557,,,Available (see Keepa data),9.0,0.72,0.6,10.79,1.18,1.87,0.55,1.798333333333332,0.84,5.341666666666668,-0.84,4.791666666666668,416.6666666666668,5.04,53.290083410565344
5029053567822,5060772842708,B0DGZ3DLF2,Huggies Baby Wipes - All Over Clean - Pack Of 56,"ISOCLEAN Hypochlorous Acid Spray 275ml - For Face and Body, Cleans and Hydrates Skin, Helps Reduce Redness, Gentle Yet Effective, Soothes Irritated Skin",https://www.clearance-king.co.uk/huggies-baby-wipes-all-over-clean-pack-of-56.html,https://www.amazon.co.uk/dp/B0DGZ3DLF2,200.0,Available (see Keepa data),,2.0,0.876,0.73,14.0,2.1,3.0,0.55,2.333333333333332,1.2759999999999998,5.836666666666668,-1.2759999999999998,5.286666666666668,413.02083333333337,7.656,45.31428571428572
5053191333094,9781912956340,1912956349,Disney  Frozen Handy Wet Wipes - Berry Scented - Pack Of 60 - Exp 4/17,Dr Jekyll and Mr Hyde Vocabulary Guided Study Workbook: (KS4 English Literature: GCSE 9-1 Texts),https://www.clearance-king.co.uk/disney-frozen-handy-wet-wipes-berry-scented-pack-of-60-exp-4-17.html,https://www.amazon.co.uk/dp/1912956349,,,Available (see Keepa data),9.0,0.3,0.25,8.63,1.29,1.87,0.55,1.4383333333333335,0.792,3.781666666666667,-0.792,3.2316666666666674,403.95833333333337,4.752,44.936268829663966
5056239401038,9781785581601,1785581600,BABY BOTTLE BRUSH - ASSORTED COLOURS,OCR GCSE Music Listening Tests | Practice Papers and Exam Preparation Guide | Study Aid for Young Adults with Answers | Glossary and Downloadable Audio | Appraising Component Revision Resource Book,https://www.clearance-king.co.uk/baby-bottle-brush.html,https://www.amazon.co.uk/dp/1785581600,,,Available (see Keepa data),14.0,0.936,0.78,12.0,1.8,2.1,0.55,2.0,1.0460000000000003,5.319999999999999,-1.0460000000000003,4.77,358.6466165413533,6.275999999999999,47.699999999999996
5056175915590,,B09PY8ZT3S,Upsy Daisy Freddy Frog Bath Sponge for Baby - Green - 18 x 15.5 x 3cm,Inweder Gold Candle Holders for Candlesticks - Set of 3 Taper Candle Holders Metal Candlestick Holders for Table Decoration Candle Stick Stands Wedding Party Home Decor Fits 2cm Diameter Candles,https://www.clearance-king.co.uk/upsy-daisy-freddy-frog-bath-sponge-for-baby-green-18-x-15-5-x-3cm.html,https://www.amazon.co.uk/dp/B09PY8ZT3S,,Available (see Keepa data),,1.0,0.78,0.65,13.19,2.64,3.0,0.55,2.1983333333333324,1.3680000000000003,4.701666666666666,-1.3680000000000003,4.151666666666666,345.9722222222222,8.208,37.7710386656558
5012866703174,5060857441536,B0CNWCQL1H,Beautiful Beginnings Waterproof Bed Cover - Child'S Single Bed - 200cm X 100cm Approx,"ComfortCare Incontinence Bed Pad, Waterproof Mattress Protector without Tucks, Washable bed wetting sheet for adults or children, Single Bed Pack of 2, Pink, one in use, one as Spare.",https://www.clearance-king.co.uk/waterproof-bed-cover-child-s-single-bed-200cm-x-100cm-approx.html,https://www.amazon.co.uk/dp/B0CNWCQL1H,,Available (see Keepa data),,1.0,0.78,0.65,12.5,1.88,3.34,0.55,2.083333333333332,1.2839999999999998,4.546666666666669,-1.2839999999999998,3.996666666666669,333.0555555555557,7.703999999999999,38.368000000000016
9781405905794,9781405905794,1405905794,DRAGON'S DEN: FIRED UP! SET BOOK,Dragons' Den: Fired Up!,https://www.clearance-king.co.uk/dragon-s-den-fired-up-set-book.html,https://www.amazon.co.uk/dp/1405905794,,Available (see Keepa data),Available (see Keepa data),4.0,0.336,0.28,7.99,1.2,1.87,0.55,1.331666666666666,0.78,3.3083333333333336,-0.78,2.7583333333333337,332.3293172690763,4.680000000000001,41.42678347934919
5051807118240,5060629992112,B09ZV6CDHT,BRU MULTI PURPOSE APPLIANCE LOCK,Compatible Fan Oven Cooker Element for Logik LFTC50A12 LFTC60A12 LFTC60W12 LFTC50W12 LDOC60X17,https://www.clearance-king.co.uk/bru-multi-purpose-appliance-lock.html,https://www.amazon.co.uk/dp/B09ZV6CDHT,,Available (see Keepa data),,1.0,1.5,1.25,15.49,2.32,3.13,0.55,2.581666666666667,1.45,6.208333333333333,-1.45,5.658333333333333,314.3518518518518,8.7,43.83473208521627
5059630000596,9798890950116,B0CHGGVY7G,Go Local Extra Strong Nappy Bags With Tie Handles - 28 x 34cm - Pack Of 100 - Price Marked £1,The Most Incredible Exploration Stories Ever Told: A Collection of Extraordinary Tales From Our World's Greatest Explorers,https://www.clearance-king.co.uk/go-local-extra-strong-nappy-bags-with-tie-handles-28-x-34cm-pack-of-100-price-marked-1.html,https://www.amazon.co.uk/dp/B0CHGGVY7G,,,Available (see Keepa data),12.0,0.792,0.66,9.99,1.5,1.87,0.55,1.6649999999999991,0.916,4.295000000000001,-0.916,3.745000000000001,309.5041322314051,5.4959999999999996,44.98498498498499
9781907410369,9781907411175,1907411178,THE SHORT SECOND LIFE OF BREE TANNER BOOK,The Short Second Life Of Bree Tanner: An Eclipse Novella (Twilight Saga),https://www.clearance-king.co.uk/the-short-second-life-of-bree-tanner-book.html,https://www.amazon.co.uk/dp/1907411178,,,Available (see Keepa data),50.0,0.696,0.58,9.19,1.38,1.73,0.55,1.5316666666666663,0.8480000000000001,3.9683333333333337,-0.8480000000000001,3.418333333333334,302.50737463126853,5.088,44.63547334058761
5017353501578,5017353501578,B002L6R6LM,Little Wonders Wide Neck Teats - Pack Of 2,Little Wonders Wide Neck Silicone Teats - Pack of 2,https://www.clearance-king.co.uk/little-wonders-wide-neck-teats-pack-of-2.html,https://www.amazon.co.uk/dp/B002L6R6LM,,Available (see Keepa data),,1.0,0.24000000000000002,0.2,7.5,0.6,2.65,0.55,1.25,0.8,2.8000000000000003,-0.8,2.25,300.0,4.8,36.0
5012128145810,9781633220379,1633220370,KIDS ACTIVITY PRESS OUT BOOK/TEAM KITS,Gaga for Googles: Tons of totally fun things to make with googly eyes,https://www.clearance-king.co.uk/kids-activity-press-out-book-team-kits.html,https://www.amazon.co.uk/dp/1633220370,,,Available (see Keepa data),4.0,0.396,0.33,7.99,0.86,2.42,0.55,1.331666666666666,0.8320000000000001,3.048333333333334,-0.8320000000000001,2.498333333333334,283.9015151515152,4.992,37.521902377972474
5056239401014,0640516973728,B0F489QKKW,CUDDLES CHILDREN'S WRIST LINK - ASSORTED COLORS,"VIM Clorex Scouring Powder 750g x 1 | Classic Cleaner with Bleach for Cookware, Utensils, Sinks, Toilets & Stainless Steel | Extra Whitening Power | Removes Grease, Grime & Bacteria",https://www.clearance-king.co.uk/children-s-wrist-link-assorted-12-48.html,https://www.amazon.co.uk/dp/B0F489QKKW,,,Available (see Keepa data),2.0,0.888,0.74,9.99,1.24875,2.41,0.55,1.6649999999999991,0.9897500000000001,3.9262500000000005,-0.9897500000000001,3.3762500000000006,261.72480620155045,5.9384999999999994,40.55555555555556
,5055804949074,B07MCM4X2L,KIDS HAIR CLIPS-ASSORTED COLOURS,50 x Colourful Hair Clips Slides - Non Slip Metal Hair Clips – Kids Girls - Assorted Colours - 50mm – Bundle Pack by TRIXES,https://www.clearance-king.co.uk/kids-hair-clips-asstd-colours-288-nbc.html,https://www.amazon.co.uk/dp/B07MCM4X2L,,Available (see Keepa data),Available (see Keepa data),2.0,0.216,0.18,5.49,0.44,1.52,0.55,0.915,0.538,2.4349999999999996,-0.538,1.8849999999999996,258.2191780821917,3.228,41.20218579234972
9780571236015,9780571236015,0571236014,HARRY HILL THE FURTHER ADVENTURES OF THE QUEEN MUM,The Further Adventures of the Queen Mum,https://www.clearance-king.co.uk/harry-hill-the-further-adventures-of-the-queen-mum.html,https://www.amazon.co.uk/dp/0571236014,,,,24.0,0.6,0.5,9.79,1.47,3.04,0.55,1.631666666666666,1.112,3.1483333333333334,-1.112,2.5983333333333336,247.46031746031747,6.672,31.848825331971405
5056239471086,,B08CRC6DC3,KIDS TOOTHBRUSHES - ASSORTED - PACK OF 5,"tiopeia 20 Pcs Kids Bamboo Toothbrush, Ergonomic Biodegradable Handle Children Toothbrushes Kids Toothbrushes",https://www.clearance-king.co.uk/kids-toothbrushes-5-pc.html,https://www.amazon.co.uk/dp/B08CRC6DC3,100.0,,,,1.02,0.85,9.99,1.24875,2.41,0.55,1.6649999999999991,1.0117500000000001,3.8162500000000006,-1.0117500000000001,3.2662500000000003,233.30357142857147,6.0705,39.234234234234236
15061015253616,0784410077998,B0C8GRPBQF,MY LITTLE MIRACLE - MOISTURISING WRIGGLY BABY OIL - 500ML,Windscreen Washer Pump Front Twin Outlet For Volkswagen VW T5 T6 Transporter Caddy Golf Polo Passat Tiguan Audi A3 A4 A5 A6 Q3 Q5 Skoda Octavia Suberb Fabia Seat Leon Ibiza Altea 1J6955651,https://www.clearance-king.co.uk/500ml-my-little-baby-oil-12-ck.html,https://www.amazon.co.uk/dp/B0C8GRPBQF,,Available (see Keepa data),,1.0,1.728,1.44,13.9,2.09,3.0,0.55,2.3166666666666664,1.416,5.053333333333335,-1.416,4.503333333333335,226.2981574539364,8.495999999999999,38.87769784172663
5060424966318,9798887680002,B0B5K9WBMT,FIRST CURL GIRL CERAMIC TRINKET BOX,"Inspiring Stories for Awesome Girls: A Motivational Collection of Stories About Courage, Self-Confidence and Friendship",https://www.clearance-king.co.uk/first-curl-girl-ceramic-trinket-box.html,https://www.amazon.co.uk/dp/B0B5K9WBMT,,,Available (see Keepa data),14.0,1.32,1.1,9.9,1.49,1.73,0.55,1.6500000000000004,0.974,3.9299999999999993,-0.974,3.379999999999999,204.8484848484848,5.844,40.969696969696955
5056239401090,9798356756337,B0BHLH15HR,DISPOSABLE BED MATS - PACK OF 3,Air Fryer Cookbook UK: Traditional British Cooking with Coloured Images for every Recipe. Enjoy Delicious and Easy Meals,https://www.clearance-king.co.uk/disposable-bed-mats-3-pack.html,https://www.amazon.co.uk/dp/B0BHLH15HR,,,,5.0,1.38,1.15,9.95,1.49,1.73,0.55,1.6583333333333332,0.984,3.9216666666666655,-0.984,3.3716666666666653,198.33333333333326,5.903999999999999,40.66331658291456
5051516803390,5055524944946,B00IHX1MR2,CUDDLE GLOWERS BABY OWL,Creda Oven/Cooker Door Handle (White),https://www.clearance-king.co.uk/cuddle-glowers-baby-owl.html,https://www.amazon.co.uk/dp/B00IHX1MR2,,,Available (see Keepa data),1.0,9.540000000000001,7.95,38.45,4.80625,2.41,0.55,6.408333333333331,3.143250000000001,16.875416666666673,-3.143250000000001,16.325416666666673,192.06372549019613,18.8595,50.950585175552675
5060257900480,5065012696271,B0FCYMWYWS,Moshi Monsters Kids Snack Pot - 10.5 x 11 X 5cm,"Nom Nom Kids small ziplock bags Monster snack bag collection | 4 Reusable bags in 3 sizes. 2 x small, 1 medium, 1 sandwich bag sized for toddlers and children | small ziplock bags for food",https://www.clearance-king.co.uk/moshi-monsters-kids-snack-pot-10-5-x-11-x-5cm.html,https://www.amazon.co.uk/dp/B0FCYMWYWS,50.0,,,1.0,0.54,0.45,6.5,0.98,1.67,0.55,1.083333333333333,0.7300000000000002,2.3166666666666673,-0.7300000000000002,1.7666666666666673,176.6666666666667,4.379999999999999,32.61538461538463
9780007798421,9780007798421,0007798423,FROM BATH CHAPS TO BARA BIRTH BOOK,From Bath Chaps to Bara Brith: The Taste of South West Britain,https://www.clearance-king.co.uk/from-bath-chaps-to-bara-birth-book.html,https://www.amazon.co.uk/dp/0007798423,,,Available (see Keepa data),17.0,0.6,0.5,6.99,1.05,1.87,0.55,1.165,0.7939999999999999,2.4050000000000002,-0.7939999999999999,1.8550000000000002,176.66666666666669,4.763999999999999,31.845493562231763
9780857512741,9780857512741,0857512749,TREE FU TOM SEARCH FOR THE SQUIZZLE,Tree Fu Tom: Search for the Squizzle!: A Lift-The-Flap Adventure (Tree Fu Tom Lift the Flap),https://www.clearance-king.co.uk/tree-fu-tom-search-for-the-squizzle.html,https://www.amazon.co.uk/dp/0857512749,,,Available (see Keepa data),8.0,0.396,0.33,5.87,0.88,1.73,0.55,0.9783333333333335,0.6980000000000002,1.9516666666666667,-0.6980000000000002,1.4016666666666666,159.280303030303,4.188,28.654173764906304
15061015252022,9781805131472,1805131478,MY LITTLE MIRACLE - BUBBLY BABY OIL GEL - SHEA & COCOA BUTTER - 200ML,The Strange Disappearance of Imogen Good,https://www.clearance-king.co.uk/my-little-baby-oil-gel-shea-cocoa-12-ck.html,https://www.amazon.co.uk/dp/1805131478,,,Available (see Keepa data),19.0,0.876,0.73,7.99,1.1,2.42,0.55,1.331666666666666,0.9600000000000001,2.4083333333333337,-0.9600000000000001,1.8583333333333336,145.18229166666669,5.76,27.909887359198997
5056289409190,5011264077566,B01GRZUESY,ADORABLE B FRIENDS UNICORN OUTFIT FOR BABY,AQUALONA® Premium Thermoplastic Toilet Seat Soft Close Hardwearing Seat with One Button Hinge Release D Shaped Easy to Clean Simple Installation Top and Bottom Fittings (White - D Shape),https://www.clearance-king.co.uk/b-friends-cute-unicorn-outfit.html,https://www.amazon.co.uk/dp/B01GRZUESY,,,Available (see Keepa data),1.0,3.42,2.85,18.99,2.47,5.39,0.55,3.164999999999999,2.252,5.114999999999998,-2.252,4.564999999999999,134.2647058823529,13.512000000000002,28.846761453396518
5056239401045,,B0BR6JVMY6,BABY WASH CLOTHES - ASSORTED COLOURS - PACK OF 6,FRIUSATE 6 Pcs Flannels Face Cloths Baby Washcloths Quick Dry Reusable Face Body Cloths Squares Wash Flannels for Baby Kids Adults(25x25cm),https://www.clearance-king.co.uk/6pc-baby-wash-clothes.html,https://www.amazon.co.uk/dp/B0BR6JVMY6,100.0,Available (see Keepa data),,2.0,0.9480000000000001,0.79,6.99,1.05,1.73,0.55,1.165,0.8240000000000001,2.2550000000000003,-0.8240000000000001,1.7050000000000003,127.23880597014927,4.944,29.270386266094423
5056239401809,5056239401809,B0B7PG8F16,BABY THERMAL BLANKET - 70 X 90 CM - TWIN PACK,CUDDLES BABY THERMAL BLANKET TWIN PACK,https://www.clearance-king.co.uk/baby-thermal-blanket-twin-pack.html,https://www.amazon.co.uk/dp/B0B7PG8F16,,,Available (see Keepa data),2.0,5.22,4.35,18.99,2.37375,2.41,0.55,3.164999999999999,1.93675,6.69125,-1.93675,6.14125,125.33163265306125,11.6205,38.80726698262244
5055566961819,5036905057622,B0D3HQKC12,12PK SAFETY PLUG SOCKET COVERS,"Top Trumps World Football Stars Top 200 Card Game Pack 4, Play with Salah, Mahrez, Dias and Darwin Nunez, educational gift for ages 6 plus",https://www.clearance-king.co.uk/12pk-safety-plug-socket-covers-0-8-ck.html,https://www.amazon.co.uk/dp/B0D3HQKC12,,Available (see Keepa data),Available (see Keepa data),11.0,0.696,0.58,5.99,0.9,1.67,0.55,0.9983333333333331,0.7400000000000001,1.8416666666666668,-0.7400000000000001,1.2916666666666667,114.30678466076698,4.44,25.876460767946575
8012979226925,,B0FMRYB4PP,"MAGNETIC BOOKMARK- MY  PAGE CLIP, 2PCS","8 PCS of Magnetic Bookmarks, Cartoon Magnet Bookmarks, Magnetic Page Clips for Students, Suitable for Men and Women Book Lovers, School, Home, and Office Reading Supplies",https://www.clearance-king.co.uk/my-page-clip-2pc-magnetic-bookmark-360.html,https://www.amazon.co.uk/dp/B0FMRYB4PP,,Available (see Keepa data),,1.0,0.336,0.28,4.79,0.72,1.5,0.55,0.7983333333333333,0.6099999999999999,1.4916666666666665,-0.6099999999999999,0.9416666666666664,113.45381526104414,3.6599999999999997,23.590814196242167
5060401493950,,B071G1MZK8,Mr Men And Little Miss Sandwich Box - Assorted Designs,Sistema Lunch Sandwich Boxes | 450 ml | Airtight School Lunch Boxes | Assorted Colours | 3 Count,https://www.clearance-king.co.uk/mr-men-and-little-miss-sandwich-box-assorted-designs.html,https://www.amazon.co.uk/dp/B071G1MZK8,,,,,0.6,0.5,5.95,0.74375,2.41,0.55,0.9916666666666663,0.8407500000000001,1.3045833333333334,-0.8407500000000001,0.7545833333333334,71.86507936507937,5.0445,15.218487394957982
650922619226,9781509806966,1509806962,CHRISTMAS BOOK WITH PERSONALISED CD SOPHIE,"The Christmas Bear: A laugh-out-loud festive lift-the-flap story! (Tom and Bear, 2)",https://www.clearance-king.co.uk/christmas-book-w-personalised-cd-sophie.html,https://www.amazon.co.uk/dp/1509806962,,,Available (see Keepa data),42.0,0.336,0.28,4.73,0.71,1.87,0.55,0.7883333333333331,0.6819999999999999,1.0816666666666672,-0.6819999999999999,0.5316666666666672,64.05622489959845,4.092,13.488372093023266
5056239401175,5056239401175,B0CMTXJRSH,CUDDLES TODDLER SPOONS - ASSORTED COLORS - PACK OF 12,Cuddles Toddler Spoons Pack of 12 Assorted Colours,https://www.clearance-king.co.uk/12pk-toddler-spoons-assorted-12-48.html,https://www.amazon.co.uk/dp/B0CMTXJRSH,,,Available (see Keepa data),1.0,0.78,0.65,7.99,1.95,2.77,0.55,1.331666666666666,1.1840000000000002,1.288333333333334,-1.1840000000000002,0.738333333333334,61.52777777777783,7.104,11.08886107634544
5012866701040,,B00GSUQURS,Travel Bowls With Lids - Assorted Colours - Pack Of 2,Sistema Microwave Breakfast Bowl | Round Microwave Container with Lid | 850 ml | BPA-Free | Assorted Colours (Varies by Pack),https://www.clearance-king.co.uk/travel-bowls-with-lids-assorted-colours-pack-of-2.html,https://www.amazon.co.uk/dp/B00GSUQURS,,,,,0.66,0.55,5.75,0.71875,2.41,0.55,0.958333333333333,0.84575,1.1129166666666668,-0.84575,0.5629166666666667,51.17424242424242,5.0745,11.747826086956522
5055566995500,5055566995500,B07T3B2ZP5,Kids Toothbrushes - Pack of 4 - 4 Colours,"4pk Children Toothbrush | BPA Free Toothbrush Pack in Red, Green, Blue & Purple | Kids Toothbrushes with Child Friendly Grips & Bristles by Pristine Gleam",https://www.clearance-king.co.uk/kids-toothbrushes-pack-of-4-4-colours.html,https://www.amazon.co.uk/dp/B07T3B2ZP5,,Available (see Keepa data),,1.0,0.8160000000000001,0.68,4.49,0.36,1.67,0.55,0.7483333333333331,0.652,1.0316666666666672,-0.652,0.48166666666666713,39.15989159891603,3.9119999999999995,12.873051224944332
5051516803383,5060075680694,B002WILK7A,CUDDLE GLOWERS BABY PENGUIN,"Warmies Plush Elephant Microwavable Weighted Teddy with French Lavender Scent, Hot or Cold for Cool Relaxation and Warm Relief",https://www.clearance-king.co.uk/cuddle-glowers-baby-penguin.html,https://www.amazon.co.uk/dp/B002WILK7A,50.0,,,1.0,9.540000000000001,7.95,21.91,3.29,3.34,0.55,3.6516666666666673,3.0260000000000007,3.6783333333333337,-3.0260000000000007,3.128333333333334,36.80392156862746,18.156,17.133728890917393
5056239401816,8720077327764,B0D6MFPGT7,CHILD'S BATHROBES - ASSORTED COLOURS,"Goliath Games Cranium: Original - Spell, Solve, Act & Draw Your Way to Victory - The Original Brainy Board Game - For 4+ Players Ages 12+",https://www.clearance-king.co.uk/child-s-bathrobes.html,https://www.amazon.co.uk/dp/B0D6MFPGT7,200.0,Available (see Keepa data),Available (see Keepa data),8.0,6.6,5.5,14.99,2.25,3.36,0.55,2.498333333333333,2.332,1.3816666666666677,-2.332,0.8316666666666677,13.74655647382922,13.991999999999999,6.657771847898607
5012866701651,5019090517508,B07P7QN49X,Baby Feeding Bowl - Assorted Colours - 350ml - 13.5cm x 3.5cm - Pack Of 2,Munchkin Stay Put Baby Suction Bowl Set| Baby Bowls for Weaning| Baby Feeding Suction Dish Pack| for Babies & Toddlers 6 Months+|BPA Free Weaning Set for Babies| Microwave/Dishwasher Safe | 3 Pack,https://www.clearance-king.co.uk/baby-feeding-bowl-assorted-colours-pack-of-2.html,https://www.amazon.co.uk/dp/B07P7QN49X,,,Available (see Keepa data),5.0,0.828,0.69,6.5,0.52,3.49,0.55,1.083333333333333,1.0499999999999998,0.7166666666666663,-1.0499999999999998,0.1666666666666663,13.440860215053736,6.3,3.07692307692307
5053191333353,5400606938656,B084PRT91P,Disney Frozen Wet Wipes - Fragrance Free - Pack Of 72 - Exp: 08/17,"by Amazon Disney Pure Baby Wipes, 100% Plant Based Fibres, 99% Water, 720 Wipes, Unscented, 12 pack of 60, (Previously a Mama Bear brand, same product)",https://www.clearance-king.co.uk/disney-frozen-wet-wipes-fragrance-free-pack-of-72-exp-8-17.html,https://www.amazon.co.uk/dp/B084PRT91P,400.0,,,1.0,0.72,0.6,8.4,0.71,4.99,0.55,1.3999999999999995,1.37,0.7000000000000007,-1.37,0.1500000000000007,13.043478260869627,8.22,2.1428571428571526
3574669907668,,B07F3CSYTQ,Johnson's Pure & Gentle Daily Care Baby Shampoo - 200Ml,"Johnson's Baby Shampoo, 200 ml, Multi",https://www.clearance-king.co.uk/johnson-s-pure-gentle-daily-care-baby-shampoo-200ml.html,https://www.amazon.co.uk/dp/B07F3CSYTQ,,,,,1.548,1.29,5.99,0.74875,2.41,0.55,0.9983333333333331,0.9997500000000001,0.5429166666666667,-0.9997500000000001,-0.00708333333333333,-0.38496376811594185,5.9985,-0.14190317195325536
5012866701033,5010415467188,B008DEL9RI,Baby Travel Feeding Set,"Tommee Tippee Easiscoop Feeding Bowls with Lid and Easy Scoop Spoon, 6m+, Includes 2 Bowls, Dishwasher and Microwave Safe",https://www.clearance-king.co.uk/baby-travel-feeding-set.html,https://www.amazon.co.uk/dp/B008DEL9RI,200.0,,,1.0,0.696,0.58,4.99,0.4,2.67,0.55,0.8316666666666661,0.8400000000000001,0.5083333333333343,-0.8400000000000001,-0.04166666666666574,-3.6873156342182076,5.04,-1.0020040080160098
795861290096,,B00JXQC6I6,SWIMMING 3D STAR WARS ARM BAND AGE 3-5 YEARS,Spiderman Armbands 3/8 Years,https://www.clearance-king.co.uk/swimming-3d-star-wars-arm-band-age-3-5-0-200.html,https://www.amazon.co.uk/dp/B00JXQC6I6,50.0,,Available (see Keepa data),2.0,1.8,1.5,6.5,1.06,2.42,0.55,1.083333333333333,1.106,0.4366666666666674,-1.106,-0.11333333333333262,-5.528455284552812,6.636,-2.092307692307679
5056239401021,,B0CGJF9YL2,BATH CRAYONS - ASSORTED COLOURS - PACK OF 6,Cuddles Bath Crayons 6 pcs,https://www.clearance-king.co.uk/bath-crayons-6-pc.html,https://www.amazon.co.uk/dp/B0CGJF9YL2,,,,,0.8160000000000001,0.68,4.99,0.6237500000000001,2.41,0.55,0.8316666666666661,0.8527500000000001,0.44458333333333366,-0.8527500000000001,-0.10541666666666638,-8.570460704607024,5.116499999999999,-2.535070140280554
,5056161261540,B0DM9BCKSF,FLORAL CROSSWORD BOOK,A6 Crossword Puzzle Books for Adults – 128 Pages Compact Travel Size Brain-Teasers with Elastic Strap – Ideal for Mindful Relaxation and Mental Agility,https://www.clearance-king.co.uk/floral-crossword-book-0-48-ck.html,https://www.amazon.co.uk/dp/B0DM9BCKSF,,,Available (see Keepa data),1.0,0.648,0.54,3.99,0.6,1.73,0.55,0.665,0.6839999999999999,0.45500000000000007,-0.6839999999999999,-0.09499999999999997,-8.715596330275226,4.104,-2.8571428571428563
5056239401052,5056239401052,B0FGY7VMZF,WATERPROOF BED COVER,"Waterproof Bed sheet for Single bed 200x100cm Perfect for potty training & everyday spills Sofa protection from Pets Perfect for kids, adults, and pets. Easy to wash",https://www.clearance-king.co.uk/waterproof-bed-cover.html,https://www.amazon.co.uk/dp/B0FGY7VMZF,,Available (see Keepa data),,1.0,0.9480000000000001,0.79,3.99,0.6,1.7,0.55,0.665,0.728,0.2350000000000001,-0.728,-0.31499999999999995,-23.50746268656716,4.367999999999999,-9.473684210526313
5055566956761,5055566956761,B0142ZEQOO,Baby Grooming Manicure Set - 3 Piece,Baby Manicure Set ~ Manicure Kit ~ Scissors and Nail Clipper,https://www.clearance-king.co.uk/baby-grooming-manicure-set-3-piece.html,https://www.amazon.co.uk/dp/B0142ZEQOO,,Available (see Keepa data),Available (see Keepa data),5.0,0.756,0.63,3.19,0.26,1.5,0.55,0.5316666666666667,0.5880000000000001,0.2683333333333334,-0.5880000000000001,-0.2816666666666666,-23.870056497175135,3.5280000000000005,-10.595611285266457
5056239423412,5056239423412,B0CGVQNV5L,Rysons Children Clothes Hangers - White - PACK OF 10,Rysons Children Clothes Hangers 10 Pc (White),https://www.clearance-king.co.uk/rysons-children-clothes-hangers-white-10-pc.html,https://www.amazon.co.uk/dp/B0CGVQNV5L,,,Available (see Keepa data),3.0,1.188,0.99,4.99,0.6237500000000001,2.41,0.55,0.8316666666666661,0.9147500000000001,0.13458333333333372,-0.9147500000000001,-0.4154166666666663,-26.9751082251082,5.488499999999999,-9.98997995991983
5051516803772,9781951806552,1951806557,BABY 1ST TEDDY BEAR PINK & BLUE,"Awesome Space Facts for Kids: Discover Amazing Facts, Mind-Blowing Records, and the Wonders of the Universe!",https://www.clearance-king.co.uk/baby-1st-teddy-bear-pink-blue.html,https://www.amazon.co.uk/dp/1951806557,,,Available (see Keepa data),9.0,10.739999999999998,8.95,10.79,1.18,1.87,0.55,1.798333333333332,2.509999999999999,-3.008333333333332,-2.509999999999999,-3.558333333333332,-37.45614035087718,15.06,-39.57367933271546
5025364004759,5025364004759,B08SMJKVNJ,Tidyz Extra Strong Nappy Bags With Tie Handles - 29 x 32cm - Roll Of 100,TidyZ 100 Extra Large Nappy Bags Tie Handles,https://www.clearance-king.co.uk/tidyz-extra-strong-nappy-bags-with-tie-handles-28-x-34cm-roll-of-100.html,https://www.amazon.co.uk/dp/B08SMJKVNJ,,Available (see Keepa data),Available (see Keepa data),5.0,0.6,0.5,4.49,0.68,2.42,0.55,0.7483333333333331,0.8300000000000001,0.14166666666666705,-0.8300000000000001,-0.408333333333333,-38.88888888888886,4.98,-10.913140311803998
5056239401069,5010931328437,B08D6Q6VS2,BABY STROLLER RAIN COVER,Johnsons SCABIOUS Black Knight,https://www.clearance-king.co.uk/baby-stroller-rain-cover.html,https://www.amazon.co.uk/dp/B08D6Q6VS2,,,,1.0,1.26,1.05,3.3,0.5,1.46,0.55,0.5499999999999998,0.712,-0.26,-0.712,-0.81,-50.625,4.271999999999999,-29.454545454545457
341014102961,,B09P8CK16Z,PINK BUNNY KIDS HAIR BAND,Sibba Plush Bunny Ears Headband 1 Piece Rabbit Ear Accessory Easter Cosplay Party Hair Styling Costume Dress Up for Women,https://www.clearance-king.co.uk/pink-bunny-kids-hair-band-12-449.html,https://www.amazon.co.uk/dp/B09P8CK16Z,,Available (see Keepa data),,1.0,0.576,0.48,2.69,0.25,1.5,0.55,0.44833333333333325,0.5559999999999999,0.011666666666666714,-0.5559999999999999,-0.5383333333333333,-52.265372168284784,3.3360000000000003,-24.014869888475836
5022545049721,5011597092274,B07H354QY5,Postman Pat Bathtime Sponge With String,Caress Luxury Bath Accessories 3 Pack Bath Sponges,https://www.clearance-king.co.uk/postman-pat-bathtime-sponge-with-string.html,https://www.amazon.co.uk/dp/B07H354QY5,,Available (see Keepa data),Available (see Keepa data),7.0,0.216,0.18,3.99,0.32,2.7,0.55,0.665,0.7500000000000001,0.12500000000000017,-0.7500000000000001,-0.4249999999999999,-58.21917808219177,4.5,-12.781954887218042
5056239423405,5056239423405,B0CGJC2JV1,Rysons Children Clothes Hangers - Multi Coloured - PACK OF 10,Rysons Children Clothes Hangers 10 Pc (Multi),https://www.clearance-king.co.uk/rysons-children-clothes-hangers-multi-coloured-10-pc.html,https://www.amazon.co.uk/dp/B0CGJC2JV1,,,Available (see Keepa data),7.0,1.188,0.99,4.78,0.72,2.65,0.55,0.7966666666666664,0.982,-0.37666666666666626,-0.982,-0.9266666666666663,-60.17316017316014,5.891999999999999,-23.263598326359823
5012866701859,5012866701859,B01K2GA6N2,A to Z Soothing Gel And Cold Compress Pack - Animated Designs - Colours And Designs May Vary,Beautiful Beginnings Soothing Gel Pack (Assorted Designs),https://www.clearance-king.co.uk/soothing-gel-and-cold-compress-pack-animated-designs-colours-and-designs-may-vary.html,https://www.amazon.co.uk/dp/B01K2GA6N2,,,Available (see Keepa data),2.0,0.72,0.6,2.25,0.24,1.46,0.55,0.375,0.5700000000000001,-0.42499999999999993,-0.5700000000000001,-0.975,-84.78260869565219,3.4199999999999995,-52.0
5053191325914,5054495087485,B07K7Q79QQ,One Direction Plasters - Pack Of 20,Value Aid Assorted Washproof Plasters - Pack of 20,https://www.clearance-king.co.uk/one-direction-plasters-pack-of-20.html,https://www.amazon.co.uk/dp/B07K7Q79QQ,,,,1.0,0.228,0.19,2.1,0.25,1.46,0.55,0.34999999999999987,0.49,-0.14999999999999974,-0.49,-0.6999999999999997,-94.59459459459455,2.94,-39.99999999999998
5056239401076,,B0951BGNBL,CUDDLES BABY CHANGING MAT - 64 X 47 CM,Baby Travel Changing Mat - Zoo Animals Design,https://www.clearance-king.co.uk/baby-changing-mat-67x47cm.html,https://www.amazon.co.uk/dp/B0951BGNBL,,,,,1.104,0.92,3.15,0.39375,2.41,0.55,0.5249999999999999,0.85475,-1.09875,-0.85475,-1.64875,-112.15986394557822,5.1285,-62.8095238095238
5012866702030,,B00XUFXBGM,Beautiful Beginnings Child's Safety Wrist Link - Assorted Colours,Beautiful Beginnings Adjustable Baby Wrist Link Rein Restrain Safety Toddler Walking in Assorted Color (18m-4yrs),https://www.clearance-king.co.uk/beautiful-beginnings-child-s-safety-wrist-link-assorted-colours.html,https://www.amazon.co.uk/dp/B00XUFXBGM,100.0,,,,0.78,0.65,2.85,0.35625,2.41,0.55,0.4750000000000001,0.7932500000000001,-1.0412500000000002,-0.7932500000000001,-1.5912500000000003,-132.60416666666669,4.7595,-67.00000000000001
3574661440460,,B00125KZN4,Johnsons Baby Cotton Buds - Pack of 100,"Johnson's Baby Cotton Buds (1 x Pack of 200) Soft & Gentle Ear Buds for Delicate Skin, Made of 100% Pure Cotton and Paper Sticks, Plastic-Free to Clean Delicate Areas, around Eyes and Outer Ear",https://www.clearance-king.co.uk/johnsons-baby-cotton-buds-pack-of-100.html,https://www.amazon.co.uk/dp/B00125KZN4,,,Available (see Keepa data),4.0,0.876,0.73,1.0,0.25,2.67,0.55,0.16666666666666663,0.84,-2.8166666666666664,-0.84,-3.3666666666666663,-263.0208333333333,5.04,-403.9999999999999
9780571260164,,B00BQHL8QQ,HARRY HILL LIVIN' THE DREAM,Livin' the Dreem,https://www.clearance-king.co.uk/harry-hill-livin-the-dream.html,https://www.amazon.co.uk/dp/B00BQHL8QQ,,,,1.0,0.528,0.44,0.99,0.12375,2.41,0.55,0.16499999999999992,0.7047500000000002,-2.14875,-0.7047500000000002,-2.6987500000000004,-272.60101010101016,4.2284999999999995,-327.1212121212121
