RowID,ASIN,SupplierTitle,AmazonTitle,EAN_norm,EAN_OnPage_norm,NetProfit,Adjusted_Profit,Sales,Pack_Verdict,Category,Confidence,Evidence,Filter_Reason
139,B07WMYF37Z,BRIGHT & HOMELY METAL WATERING CAN ROSE,Woodside Silver 9L Metal Garden and Plant Watering Can with Rose,5050796010788,5055864219438,10.5295833333333,10.5295833333333,50,1:1 Match,NEEDS_VERIFICATION,65,52% title; EANs differ,Different EANs - verify if rebrand
168,B00IZMVQOO,EVERBUILD SEALANT STRIPOUT TOOL,Everbuild Super Flow Sealant/Adhesive Cartridge Applicator Gun with Rotating Barrel â€“ Soft Grip Handle â€“ For Cartridges Up to 310 ml,5029347603557,,28.78875,28.78875,400,1:1 Match,NEEDS_VERIFICATION,75,EVERBUILD; 34% title,Verify variant
181,B09HHNQ2L8,WENKEN FOOD PROCESSOR & BLENDER 2 IN 1,"Kenwood FDP65.180SI 2 in 1 Food Processor Multipro Express, Silver",8699303352828,5011423004662,33.4383333333333,33.4383333333333,300,1:1 Match,NEEDS_VERIFICATION,65,44% title; EANs differ,Different EANs - verify if rebrand
185,B074817DK1,PAN WITH LID STONEWARE 8 ASSORTED,"Amazon Basics 8-Piece Non-Stick Cookware Set, Black",8721037317481,885169695515,17.975,17.975,400,1:1 Match,NEEDS_VERIFICATION,65,40% title; EANs differ,Different EANs - verify if rebrand
235,B009S64OI6,WORLD OF PETS CAT LITTER SCENTED 3LT,World's Best Cat Litter 28lb (12.7kg) Lavender Scented,5052516216876,,16.1383333333333,16.1383333333333,800,1:1 Match,NEEDS_VERIFICATION,70,60% title; EAN missing,Verify brand on packaging
269,B00569FG1S,PRIMA MULTI SHOWERHEAD CHROME,Lara | Multi Spray Shower Head - Chrome,5038673230474,,10.365,10.365,100,1:1 Match,NEEDS_VERIFICATION,70,76% title; EAN missing,Verify brand on packaging
299,B07MZ2Z9GL,SUPERIOR ROUND 10 CONTAINER & LID 2 OZ,"Superior 20-Pack 16oz Microwave Containers With Lids â€“ Durable Crack-Resistant Clear Round Food Containers With Lids - Food Storage Containers - Leak Proof, Meal Prep Containers",5060357992750,5060357992415,5.30166666666666,-7.466333333333341,100,BUNDLE (20x) - LOSS,HIGHLY_LIKELY_FILTERED,80,SUPERIOR; 26% title,Requires 20 units; adjusted profit is negative
312,B009SMVJMO,JAUNTY SPARKLING CANDLES 18PC,Henbrandt 24 x SILVER Ice Sparkling Fountain Candles (Packs of 2) - 48 Total.,5055566908845,5050203391226,6.435,6.435,100,SPLIT (Supplier pack larger) - VERIFY separability,NEEDS_VERIFICATION,65,43% title; EANs differ,Different EANs - verify if rebrand
313,B0DKD8V7F6,SUPERIOR ROUND 10 CONTAINER & LID 4 OZ,Superior 32oz Food Containers With Lids â€“ 20-Pack Durable Crack-Resistant Clear Round Deli Containers With Lids -Microwave Safe Leak-Proof Meal Prep Containers - Perfect for Food Storage,5060357992767,5060357992422,5.645,-9.631000000000002,100,BUNDLE (20x) - LOSS,HIGHLY_LIKELY_FILTERED,80,SUPERIOR; 25% title,Requires 20 units; adjusted profit is negative
322,B0006UF6BC,BRIGHT & HOMELY BYPASS LOPPER,Spear & Jackson 8090RS Razorsharp Telescopic Ratchet Bypass Lopper,5050796010528,,11.6216666666666,11.6216666666666,300,1:1 Match,NEEDS_VERIFICATION,70,44% title; EAN missing,Verify brand on packaging
323,B0933MHLG6,HOBBY FLORIA LACE PRACTICAL BASKET MEDIUM,"Hobby Gift Sewing Box, Wood/Fabric, Embroidered Bee, Medium",8694064013285,5029784903364,9.98499999999999,9.98499999999999,400,1:1 Match,HIGHLY_LIKELY,80,HOBBY; 48% title,-
335,B009RM6PGU,DRAPER HSS DRILL BIT 1.5 MM,"Draper 18551 Combined HSS and Masonry Drill Bit Set, Blue, 17 Pcs",5059482059971,,5.155,5.155,100,1:1 Match,HIGHLY_LIKELY,85,DRAPER; 50% title,-
356,B0FLDMBJ2M,BRIGHT & HOMELY PILLAR CANDLE IVORY 100 HOUR BURN 20CM X 8CM,simpa Unscented Ivory Pillar Candles Smokeless Burn 100 Hour Burn Time 80mm x 200mm - Set of 4,5050796012256,,10.6162499999999,10.6162499999999,100,1:1 Match,NEEDS_VERIFICATION,70,51% title; EAN missing,Verify brand on packaging
369,B08X9QWYTF,Mokate Gold Premium Coffee Cappuccino 10pk 15,12 boxes Mokate Gold Premium - Cappuccino Classic - 120 Sachets (12 * 10/box),5900649077966,,7.14333333333333,7.14333333333333,50,SPLIT (Supplier pack larger) - VERIFY separability,NEEDS_VERIFICATION,70,55% title; EAN missing,Verify brand on packaging
371,B07BMGW2WX,MICROWAVE POPCORN BUTTER,"Pop Secret Microwave Popcorn Movie Theater Butter, Snack Size 12 Bags 21 oz",5055257868359,,5.9925,5.9925,100,1:1 Match,NEEDS_VERIFICATION,70,48% title; EAN missing,Verify brand on packaging
381,B003ESK66S,SMART CHOICE CHICKEN & RICE BONE DOG TREAT 10 PK 125G,Good Boy - Crunchy Chicken and Rice Bones - Dog Treats - Made with 100% Natural Chicken Breast Meat - 100 g â„® - Low Fat Dog Treats - Case of 8,5052516214834,5054591085743,7.89333333333333,7.89333333333333,200,SPLIT (Supplier pack larger) - VERIFY separability,NEEDS_VERIFICATION,65,40% title; EANs differ,Different EANs - verify if rebrand
405,B08JQKL34C,Mokate Gold Premium Coffee Caramel Latte 10pk,"Mokate Gold Premium Caramel Latte Coffee Sachets x10 (Pack of 12, Total 120 Sachets)",5900649077997,,6.78208333333333,5.30608333333333,200,BUNDLE (2x) - OK,HIGHLY_LIKELY,85,MOKATE; 58% title,-
406,B0CCJS5GKB,ELBOW GREASE TOILET CLEANER FOAM LEMON FRESH 500G,"3 x Elbow Grease Foaming Toilet Cleaner, Deep Cleaning Action, Lemon Fresh Fragrance 500g",5053249253183,5053249253183,2.09333333333333,2.09333333333333,200,1:1 Match,VERIFIED,95,Exact EAN match; ELBOW,-
430,B00BZ33FDU,KINGAVON 6 LED TORCH,Kingavon BB-RT380 20-LED Rechargeable Emergency Sensor Light,5017403046660,,5.5925,5.5925,50,1:1 Match,HIGHLY_LIKELY,80,KINGAVON; 42% title,-
433,B07DBMSL8S,PENDEFORD POTATO BAKER,"Microwave Potato Baker, Red",5015826003444,,5.07083333333333,5.07083333333333,50,1:1 Match,NEEDS_VERIFICATION,70,57% title; EAN missing,Verify brand on packaging
485,B074HFNS9B,APOLLO STAINLESS STEEL SHARPENING STEEL,"Professional Carbon Steel Black Knife Sharpening Steel, Black 12 Inch",5026180049245,,6.22791666666666,6.22791666666666,300,1:1 Match,NEEDS_VERIFICATION,70,51% title; EAN missing,Verify brand on packaging
495,B083ZR2KMN,STEAM PUNK SKULL GOLD/BRONZE10CM ASSORTED,"Nemesis Now Steampunk Clockwork Baron Skull Figurine Ornament, Bronze, 11cm",5037241304548,801269136529,9.88,9.88,50,1:1 Match,NEEDS_VERIFICATION,65,46% title; EANs differ,Different EANs - verify if rebrand
510,B0BNK8VQML,TOP 3 ROTARY FOOD CHOPPER STAINLESS STEEL,Ourokhome Rotary Cheese Grater Vegetable Slicer - Rotary Round Drum Grater Chopper with 3 Stainless Steel Drums Strong Suction Base (Black),5060753251857,,11.3416666666666,11.3416666666666,500,1:1 Match,NEEDS_VERIFICATION,70,40% title; EAN missing,Verify brand on packaging
553,B09377NPKH,SIL TOILET ROLL HOLDER STAINLESS STEEL,"Free-Standing Toilet Roll Holder, Stainless Steel, Silver, Holds 5 Rolls",5024418537410,,3.97333333333333,3.97333333333333,600,1:1 Match,NEEDS_VERIFICATION,70,67% title; EAN missing,Verify brand on packaging
584,B0D7HTYPTL,GLASS BOTTLE 120ML,"Glass Shot Bottles with Lids - 12 Pack 120ml Empty Mini Bottles for Ginger Shots with Cleaning Brush & Labels - Reusable, Clear, Airtight - Ideal for Juice, Oils, Sauces, Medicine",8721037573603,5060914443909,3.045,-4.347,200,BUNDLE (12x) - LOSS,HIGHLY_LIKELY_FILTERED,80,GLASS; 18% title,Requires 12 units; adjusted profit is negative
593,B0DT71SSPT,PHOODS FOIL TRAY ROASTER,"Superior Sandwich Platter Trays - Pack of 10 Catering Trays for Parties - Buffet Serving Tray with Spill Proof Lids - Catering Platters for Cakes, Parties & Events, Meal Prep Large Tray",5060357991357,5060357991357,3.905,-5.815000000000001,50,BUNDLE (10x) - LOSS,VERIFIED_FILTERED,95,Exact EAN match; PHOODS,Requires 10 units; adjusted profit is negative
602,B0CM3WKZ97,SECURPLUMB COMPRESSION ELBOW 10X10MM,Radiator Valve Reducer Elbow Compression 15mm x 10mm Push Fit Black x2 (Pair),5019923196337,,4.39458333333333,4.39458333333333,50,1:1 Match,NEEDS_VERIFICATION,70,42% title; EAN missing,Verify brand on packaging
606,B005XKFN0O,EVERREADY T8 4FT 36W TUBE LIGHT,Eveready T8 Tube 4ft 36w White 3500k,5050028016069,5050028016069,8.00124999999999,8.00124999999999,50,1:1 Match,VERIFIED,95,Exact EAN match; EVERREADY,-
618,B0001P0CC0,ROLSON DIAGONAL CUTTING PLIER VDE INSULATED 180MM,"KNIPEX 70 06 180 Diagonal Cutter chrome plated insulated with multi-component grips, VDE-tested 180 mm Multicoloured",5029594210737,4003773033813,16.1983333333333,16.1983333333333,50,1:1 Match,NEEDS_VERIFICATION,65,43% title; EANs differ,Different EANs - verify if rebrand
636,B096W1VD2X,WOODEN HANGERS 2 PACK,"Amazon Basics 20 Bar Wooden Tie Hanger & Belt Rack, 2-Pack, 16 cm, Natural",5055706681058,840095878654,3.88166666666666,3.88166666666666,50,1:1 Match,NEEDS_VERIFICATION,65,40% title; EANs differ,Different EANs - verify if rebrand
637,B0B3F548G7,QUEST EXPRESSO COFFEE EXPRESSO MACHINE WITH MILK FROTHER,Quest 36569 Espresso Coffee Machine With Milk Frother / 1.2L Water Tank and Drip Tray/Steam Ready and Temperature Indicator/For Ground Coffee Beans / 15 Bars of Pressure,5025301365790,,33.6262499999999,33.6262499999999,500,1:1 Match,HIGHLY_LIKELY,80,QUEST; 40% title,-
644,B00L9YF7S6,KILNER 1LTR SQUARE CLIP TOP JAR (SP),6 x Kilner Clip Top Glass Storage Jar - Square 1 Litre,5010853075914,,8.49333333333333,8.49333333333333,50,1:1 Match,NEEDS_VERIFICATION,70,46% title; EAN missing,Verify brand on packaging
651,B07T68VD2Y,PPS PLASTIC DRINK SHOT 30 GLASSES 30ML,100 Plastic Shot Glasses - Multi Use Crystal Clear Hard Plastic Sampling Cups - 30ml - 1 oz,5030481960178,5060659230123,2.83833333333333,2.83833333333333,300,1:1 Match,NEEDS_VERIFICATION,65,40% title; EANs differ,Different EANs - verify if rebrand
657,B0B5TP5BRN,WHAM CRYSTAL 60LTR SMOKE BOX & LID,"Wham Crystal 5 x 60L Stackable Plastic Storage Boxes with Lids | Ideal for Home, Office, Toys & More | Large Boxes | Made in UK - Clear",5038135251504,5057604505252,13.8099999999999,13.8099999999999,50,1:1 Match,NEEDS_VERIFICATION,75,WHAM; 34% title,Verify variant
660,B087RLGF1Y,LAV FAME WINE GLASS 40CL PK3,LAV 12x Clear 400ml Lal Red Wine Glasses - Large Glass White Rose Long Stem Cocktail Party Drinking Goblet Gift Set,8692952100840,5055512159437,8.11166666666666,8.11166666666666,400,1:1 Match,NEEDS_VERIFICATION,75,LAV; 33% title,Verify variant
665,B07MGLHMWY,TIDYZ WHEELY BIN LINERS 5 BAGS 300L,Tidyz 30 Extra Large Wheelie Bin Liners Waste Rubbish Bags 300L,5025364005824,5025762919174,2.76666666666666,2.76666666666666,500,1:1 Match,HIGHLY_LIKELY,85,TIDYZ; 67% title,-
702,B0DPR6ZD18,PETS PLAY RUBBER BALLS,Pets & Play Squeaky Dog Ball 6 Pack | Upgraded Durable Dog Balls | Strong & Sturdy | Bouncy Rubber Dog Toys for Training & Boredom | Chew Dog Ball Multipack | Xmas Present Gift | Small & Medium Dogs,5050375087262,5070002961543,4.035,-3.3449999999999998,900,BUNDLE (6x) - LOSS,HIGHLY_LIKELY_FILTERED,80,PETS; 20% title,Requires 6 units; adjusted profit is negative
704,B00TU1VL08,THE BIG CHEESE NEO ZAP ELECTRONIC RAT KILLER REFILL,"The Big Cheese Ultra Power - Electronic Mouse Killer, Quick, Effective Humane - Professional Electric Mouse Trap that Kills Instantly - Safe, Hygienic Zapper - Indoor Battery Powered Electric Trap",5036200127242,,6.67458333333333,6.67458333333333,200,1:1 Match,NEEDS_VERIFICATION,75,THE; 34% title,Verify variant
712,B07F2MFZT5,TIDYZ COMPOSTABLE 15 BAGS 10LTR,Tidyz 6 Packs Of 40 White Plastic Bin Bags - Fits 15L Pedal Bin - Extra Strong Tie Handle - 240 Bags Total,5025364006043,8800202181437,2.72666666666666,2.72666666666666,500,1:1 Match,NEEDS_VERIFICATION,75,TIDYZ; 32% title,Verify variant
713,B07F2MFZT5,TIDYZ PEDAL BIN LINERS 40 WHITE TIE HANDLE 15L,Tidyz 6 Packs Of 40 White Plastic Bin Bags - Fits 15L Pedal Bin - Extra Strong Tie Handle - 240 Bags Total,5025364000652,8800202181437,2.72666666666666,2.72666666666666,500,1:1 Match,HIGHLY_LIKELY,80,TIDYZ; 39% title,-
727,B073XQYNQT,SCHOTT ZWIESEL WHITE WINE GLASS 407ML SET OF 2,"Schott Zwiesel Pure Glassware - White Wine Glasses - Set of 2, 408ml Capacity, Tritan Glass, Dishwasher Safe.",4001836065665,5023041541245,7.17833333333333,7.17833333333333,200,1:1 Match,HIGHLY_LIKELY,85,SCHOTT ZWIESEL; 52% title,-
754,B08FBJ59DR,BACOFOIL ZIPPER BAGS ALL PURPOSE 12 PACK 1L (PM Â£2.19),Bacofoil 3 x Zipper Small All Purpose Bags Food Freezing Storage Bags (45 Bags),5023139862917,,2.93,2.93,500,SPLIT (Supplier pack larger) - VERIFY separability,HIGHLY_LIKELY,85,BACOFOIL; 55% title,-
774,B0B93FVKPS,COTTON BUDS IN JAR 12X6CM 50 PCS,Cotton Bud Holder 10 Oz Bathroom Jars with Lids for Cotton Ball Swab Pad Cotton Pad Holder (4 Pack),5024418531081,,2.62791666666666,2.62791666666666,400,SPLIT (Supplier pack larger) - VERIFY separability,NEEDS_VERIFICATION,75,COTTON; 32% title,Verify variant
776,B0DT4NPX7D,BABY PIPKIN SILICONE PACIFIER,"Baby Fruit Feeder Set, Includes 2 Food Dummy Feeders with 3 Size Nipples, Silicone Feeder for Babies, Pacifier & Storage Containersr",5055706660428,768877243028,2.485,2.485,100,1:1 Match,NEEDS_VERIFICATION,75,BABY; 31% title,Verify variant
782,B0B5DFTVG9,SANCTUARY TREE OF LIFE MIRROR BRONZE EFFECT 50CM,Inspirational Gifting Beautiful green leaf tree of life metal framed wall mirror for your home or garden - 64cm diameter,5050565862372,5060955590969,18.4616666666666,18.4616666666666,50,1:1 Match,NEEDS_VERIFICATION,65,41% title; EANs differ,Different EANs - verify if rebrand
783,B0B5DFTVG9,SANCTUARY TREE OF LIFE MIRROR GREY EFFECT 50CM,Inspirational Gifting Beautiful green leaf tree of life metal framed wall mirror for your home or garden - 64cm diameter,5050565862419,5060955590969,18.4616666666666,18.4616666666666,50,1:1 Match,NEEDS_VERIFICATION,65,40% title; EANs differ,Different EANs - verify if rebrand
805,B0046MHRMM,BEAUFORT SQUARE FOOD CONTAINER 600ML,Beaufort 13 Litre New SQUARE FOOD & CAKE CONTAINER WITH CLEAR SOLID LID,5014348229363,,2.09291666666666,2.09291666666666,200,1:1 Match,HIGHLY_LIKELY,85,BEAUFORT; 59% title,-
812,B09KCLYC1D,PAN AROMA CANDLE 85G LEMONGRASS,"Pan Aroma Orange Decorative Holder & Scented Candle, Salted Caramel, 85G",5053249251615,5053249248356,2.725,2.725,50,1:1 Match,HIGHLY_LIKELY,80,PAN AROMA; 38% title,-
813,B09KCLYC1D,PAN AROMA JAR CANDLE 85GM SALTED CARAMEL,"Pan Aroma Orange Decorative Holder & Scented Candle, Salted Caramel, 85G",5053249248356,5053249248356,2.725,2.725,50,1:1 Match,VERIFIED,95,Exact EAN match; PAN AROMA,-
814,B09KCLYC1D,PAN AROMA CANDLE 85G PURE JASMINE,"Pan Aroma Orange Decorative Holder & Scented Candle, Salted Caramel, 85G",5053249251714,5053249248356,2.725,2.725,50,1:1 Match,HIGHLY_LIKELY,80,PAN AROMA; 38% title,-
818,B07FYQJXXC,WOODEN INSECT HOUSE METAL ROOF,Garden Life Insect Hotel Wooden Bug House Natural Nest Shelter Box,8720573129206,,7.19125,7.19125,100,1:1 Match,NEEDS_VERIFICATION,70,47% title; EAN missing,Verify brand on packaging
830,B00CITKJVQ,VFM  TRADE CONT MATT PAINT WHT 10L,Johnstone'S Trade 10 Litre Covaplus Vinyl Matt Brilliant White,5023608426800,5053848622458,17.8229166666666,17.8229166666666,100,1:1 Match,NEEDS_VERIFICATION,65,47% title; EANs differ,Different EANs - verify if rebrand
852,B0723GK5V9,GROSVENOR 55CM TROUGH BLACK,4 Black Gros Trough 55cm,5014348297157,,5.93041666666666,5.93041666666666,50,1:1 Match,NEEDS_VERIFICATION,70,50% title; EAN missing,Verify brand on packaging
855,B087K9G76Y,VINERS EVERYDAY PURITY 4PC DINNER KNIFE,Viners Everyday Breeze 16 Piece 18/0 Silver Stainless Steel Cutlery Set,5010853265179,5010853267579,6.77333333333333,6.77333333333333,50,SPLIT (Supplier pack larger) - VERIFY separability,HIGHLY_LIKELY,80,VINERS; 47% title,-
856,B08KJGYJNK,MASON CASH MIXING BOWL IN THE MEADOW DAFFODIL 21CM,"Mason Cash in The Forest Hedgehog Mixing Bowl 1.1 Litre | 21cm Red S30 Stoneware Bowl for Baking, Pudding & Cookie Dough, Embossed Woodland Design",5010853281667,5010853271866,7.96,7.96,100,1:1 Match,NEEDS_VERIFICATION,75,MASON CASH; 32% title,Verify variant
859,B07STZLCM6,SOUDAL EXPANDING FOAM HAND HELD 150ML,Soudal 750ml Champagne Gap Filler Expanding Foam Handheld Spray with Nozzle & Gloves (3),5411183131217,,5.47458333333333,5.47458333333333,400,1:1 Match,HIGHLY_LIKELY,85,SOUDAL; 51% title,-
868,B0046MHRMM,BEAUFORT SQUARE FOOD CONTAINER 1LTR,Beaufort 13 Litre New SQUARE FOOD & CAKE CONTAINER WITH CLEAR SOLID LID,5014348277067,,2.03,2.03,200,1:1 Match,HIGHLY_LIKELY,85,BEAUFORT; 62% title,-
879,B0819TYSH4,ADORN LARGE WIRE FRUIT BOWL 25X10.5CM,"Black Fruit Bowl, 25x14cm Large Wire Fruit Bowl, Metal Black Fruit Basket, Durable",6923456823419,769390275046,4.25833333333333,4.25833333333333,200,1:1 Match,NEEDS_VERIFICATION,65,43% title; EANs differ,Different EANs - verify if rebrand
887,B07R41125W,BLUE CANYON TOILET BRUSH PLASTIC LACE BLACK,BGL Stainless Steel Standing Toilet Brush for Bath Decor (Black),5056295703862,,7.39958333333333,7.39958333333333,100,1:1 Match,NEEDS_VERIFICATION,70,56% title; EAN missing,Verify brand on packaging
891,B08T21RVBM,FOUR SEASONS FOIL CONTAINER/LID 6 LGE,100 x Aluminium Foil Food Containers and Lids Size 6a Trays Large Storage Takeaways,5060082720895,750122168538,3.02,3.02,200,1:1 Match,NEEDS_VERIFICATION,65,43% title; EANs differ,Different EANs - verify if rebrand
910,B09X78TC7Q,RUBBER DUCK FAMILY BATH TOY 3 PACK,Rubber Duck Bath Toy Set â€“ Floating Duck Family by KOKSI â€“ 4-Piece â€“ Baby & Toddler Bathtime Fun for Bath & Pool,5015302108809,,2.12833333333333,2.12833333333333,200,SPLIT (Supplier pack larger) - VERIFY separability,NEEDS_VERIFICATION,75,RUBBER; 34% title,Verify variant
925,B00I1JW98I,PASABAHCE CIHANGIR TEA GLASS 95 CC 6PC,"Pasabahce Istanbul tea glass, set of 6, drinking glasses with handle",8693357033344,,2.86166666666666,2.86166666666666,100,SPLIT (Supplier pack larger) - VERIFY separability,HIGHLY_LIKELY,85,PASABAHCE; 50% title,-
927,B07GZGXQYG,SUPERIOR FOIL 5 CONTAINERS & LID 2400ML,"Superior Foil Containers with Lids â€“ 9x13 Inches Sturdy Deep Foil Trays with Lid, Ideal for Cooking, Baking,Roasting, BBQ, Meal Prep Storage Tray â€“ Large Foil Trays with Lids (5 Pack)",5060357992170,,4.99625,-345.78775,200,BUNDLE (117x) - LOSS,HIGHLY_LIKELY_FILTERED,80,SUPERIOR; 28% title,Requires 117 units; adjusted profit is negative
939,B01MZARJ6G,BEAUTY VELCRO HAIR GRIP ROLLERS 7 PACK,42 pcs x 15mm Small Self Grip Hair Rollers Salon Hairdressing Curlers - By Beauty Care,5014749165598,5014749165598,1.595,1.595,200,SPLIT (Supplier pack larger) - VERIFY separability,VERIFIED,95,Exact EAN match; BEAUTY,-
941,B09KCLYC1D,PAN AROMA CANDLE 85G LIME GINGER,"Pan Aroma Orange Decorative Holder & Scented Candle, Salted Caramel, 85G",5053249251813,5053249248356,2.565,2.565,50,1:1 Match,HIGHLY_LIKELY,80,PAN AROMA; 38% title,-
953,B01HILDGK4,PPS FOIL ROAST DISH OVAL 46CM,PPS 3 x ALUMINIUM FOIL PLATTER TRAY - 44cm x 29cm disposable foil catering serving dish,5030481930157,,1.71458333333333,1.71458333333333,50,1:1 Match,NEEDS_VERIFICATION,75,PPS; 31% title,Verify variant
955,B0BT51TC8X,MASTER COOK CASSEROLE NON-STICK 24CM,"MasterClass Cast Aluminium Cream Casserole Dish, 24cm, 4 Litre, Gift Boxed",742288758937,5057982093273,17.355,17.355,50,1:1 Match,NEEDS_VERIFICATION,65,45% title; EANs differ,Different EANs - verify if rebrand
965,B01LYX9RRV,AMTECH DRAIN CLEANER,Amtech S1895 Flexible Drain Auger & Waste Pipe Unblocker,5032759005833,,2.60208333333333,2.60208333333333,200,1:1 Match,HIGHLY_LIKELY,80,AMTECH; 42% title,-
970,B092ZL7VRV,CURVER RATTAN ROUND LARGE ORGANISER GREY,"CURVER Style Rattan Effect Kitchen, Living room, Bathroom, Bedroom, Utility Large Rectangular Storage Basket 30 Litres - Grey",3253920717177,3253924723150,2.71,2.71,50,1:1 Match,HIGHLY_LIKELY,80,CURVER; 42% title,-
979,B094CRFHT2,EXTRASTAR 3 WAY WALL ADAPTOR WHITE,"ExtraStar 4 Way Extension Lead with Surge Protection, 13A/250V~ Multi Sockets Power Strips, 3120W Fused UK Plug Wall Mounted Power Socket with 3M Extension Cord-White",,,3.14833333333333,3.14833333333333,400,1:1 Match,NEEDS_VERIFICATION,75,EXTRASTAR; 30% title,Verify variant
1004,B00I1JW98I,PASABAHCE KANDILLI OPTIC TEA GLASS 90CC 6PC,"Pasabahce Istanbul tea glass, set of 6, drinking glasses with handle",8693357033733,,2.73166666666666,2.73166666666666,100,SPLIT (Supplier pack larger) - VERIFY separability,HIGHLY_LIKELY,80,PASABAHCE; 46% title,-
1008,B07DLSHF4Z,EXTRA SELECT PREMIUM RABBIT FOOD BUCKET 5L,"Extra Select Premium Rabbit Mix Bucket 5L - Balanced Complementary Feed with Pellets, Forage, Vitamins & Minerals (Packaging may vary)",5022245000282,,4.85791666666666,4.85791666666666,300,1:1 Match,HIGHLY_LIKELY,80,EXTRA SELECT; 43% title,-
1034,B08MVDCSJQ,MUNCH N CRUNCH BIG BONE BISCUITS 3PK 150g,Munch & Crunch Bone Chews for Dogs Multipack - 8 Tripe Filled Rawhide Dog Bones - Tasty Treat Chewy Snacks 4 Packs,5053249257068,5050375114050,1.88833333333333,1.88833333333333,50,SPLIT (Supplier pack larger) - VERIFY separability,NEEDS_VERIFICATION,75,MUNCH; 33% title,Verify variant
1035,B01HILDGK4,PPS FOIL PLATTERS 2PCS 352X247X25MM,PPS 3 x ALUMINIUM FOIL PLATTER TRAY - 44cm x 29cm disposable foil catering serving dish,5030481930010,,1.65458333333333,1.65458333333333,50,SPLIT (Supplier pack larger) - VERIFY separability,HIGHLY_LIKELY,80,PPS; 36% title,-
1036,B08N713Y2V,STATUS TV TWIN AERAIL ADAPTOR S CLAM IN CDU,Status 15 Metre TV Aerial Cable Extension Kit | White | Extension Lead | S15MTVAEKX12,5022822167575,5022822202900,1.72499999999999,1.72499999999999,200,1:1 Match,NEEDS_VERIFICATION,75,STATUS; 32% title,Verify variant
1039,B07WDRQ4J7,AIRWICK REED DIFFUSER MULLED WINE 33ML PK5,"Air Wick Essential Oils Reed Diffuser Air Freshener Mulled Wine Scent, 5 Bottles X 30 ml",5059001500861,5059001500861,16.5533333333333,16.5533333333333,200,1:1 Match,VERIFIED,95,Exact EAN match; AIRWICK,-
1049,B0CJ54QWYS,PRIMA GRATER IN ABS AND STAINLESS STEEL UNIVERSAL,"Cheese Grater, Box Grater for Cheese Stainless Steel Vegetable Slicer Food Shredder 4-Sided Graters for Kitchen",5038673180168,,2.395,2.395,600,1:1 Match,NEEDS_VERIFICATION,70,41% title; EAN missing,Verify brand on packaging
1066,B0C5XM7M96,APOLLO  GRANITE BOARD 42X29,Silk Route Home Black Granite Chopping Board 40 x 30cm,5026180036078,5060218987765,8.29166666666666,8.29166666666666,50,1:1 Match,NEEDS_VERIFICATION,65,44% title; EANs differ,Different EANs - verify if rebrand
1074,B0CL9QP47G,THE PET STORE LONG HANDLED POOP PICKER,"32"" XL Dog Pooper Scoopers No Bending Foldable Long Handle Pet Poop Picker Upper for Gravel Dirt Grass",5034537015577,,4.42208333333333,4.42208333333333,200,1:1 Match,NEEDS_VERIFICATION,70,45% title; EAN missing,Verify brand on packaging
1077,B0DJDH23JW,SUPERIOR FOIL 10 CONTAINERS & LID 1 LTR,"Superior 10-Pack Aluminium Foil Trays with Paper Lids, Heavy Duty Aluminium Takeaway Containers, Freezer & Oven Safe Tin Foil Trays For Baking, Cooking, Broiling, Storage Containers, 9 x 9 inch",5060357990077,5060357990107,3.27833333333333,-17.24166666666667,700,BUNDLE (10x) - LOSS,HIGHLY_LIKELY_FILTERED,80,SUPERIOR; 29% title,Requires 10 units; adjusted profit is negative
1083,B01HILDGK4,PPS FOIL 3 BAKE TRAY RECTANGULAR,PPS 3 x ALUMINIUM FOIL PLATTER TRAY - 44cm x 29cm disposable foil catering serving dish,5030481930706,,1.61458333333333,1.61458333333333,50,1:1 Match,HIGHLY_LIKELY,80,PPS; 35% title,-
1092,B0BMKW3Q1C,PRIMA CORKSCREW BOTTLE OPENER CHROME PLATED,"Wing Corkscrew Wine Bottle Opener with Bottle Stopper, Premium Corkscrew Cork and Cap Bottle Opener for Waiters Wine Enthusiast",5038673130835,,2.45208333333333,2.45208333333333,300,1:1 Match,NEEDS_VERIFICATION,70,41% title; EAN missing,Verify brand on packaging
1095,B0BHSR7XK1,LADIES KNITTED HAT WITH FAUX FUR POM-POM,Sibba Bobble Hat for Women Winter Beanie Hats Thermal Fleece Lined Hat Ladies Knitted Wooly Hats with Faux Fur Pom Pom,5060605733807,,2.47166666666666,2.47166666666666,50,1:1 Match,NEEDS_VERIFICATION,70,49% title; EAN missing,Verify brand on packaging
1115,B0BYP6YS4W,PARTY INVITES BIRTHDAY PK20,"Party Invitations Pack of 36. Blue Starburst Themed Invitation with Matching envelopes. 120 x 172mm. Party Invites, Birthday Party Invitations. Suitable for All Ages.",5033601021544,5060857752823,1.625,-29.035,100,BUNDLE (36x) - LOSS,HIGHLY_LIKELY_FILTERED,80,PARTY; 24% title,Requires 36 units; adjusted profit is negative
1118,B00M16SQ8O,SALT & PEPPER SHAKERS,Juvale Salt and Pepper Shakers Stainless Steel and Glass Set,6923456807518,,1.53833333333333,1.53833333333333,500,1:1 Match,NEEDS_VERIFICATION,70,49% title; EAN missing,Verify brand on packaging
1136,B0059G2S8M,CHUPA CHUPS MINI LOLLIES 12PC,Chupa Chups The Best of x50 Lollipops,8410031976960,,2.17791666666666,2.17791666666666,300,SPLIT (Supplier pack larger) - VERIFY separability,HIGHLY_LIKELY,85,CHUPA; 57% title,-
1150,B0BNPTPG5N,METALLIC BALLOONS PK30,Metallic Balloon 50 Pack 12 inch Metallic Rainbow Balloons Birthday Balloons Multicoloured Chrome Balloon for Happy Birthday Party Graduation New Year Baby Shower Events Decorations,5056239445445,,1.665,-47.727000000000004,500,BUNDLE (50x) - LOSS,HIGHLY_LIKELY_FILTERED,80,METALLIC; 18% title,Requires 50 units; adjusted profit is negative
1151,B007UIJIW6,AMTECH PADLOCK BRASS 20MM,"Amtech T0790 Brass Small Padlocks with Keys for Luggage, lockers, Toolboxes, Cupboards, & Sports Bags, 20mm, 12-Piece",5032759006113,,1.98666666666666,1.98666666666666,50,1:1 Match,NEEDS_VERIFICATION,75,AMTECH; 32% title,Verify variant
1155,B003XKPUSQ,AMTECH LED MINI TORCH,Amtech S1532 9 LED mini Torch,5032759031078,5032759031078,2.34833333333333,2.34833333333333,200,1:1 Match,VERIFIED,95,Exact EAN match; AMTECH,-
1156,B0087OTLAG,AMTECH ANVIL SECATEURS,Spear & Jackson 6758GS Razorsharp Geared Anvil Secateurs,5032759047000,,4.42958333333333,4.42958333333333,300,1:1 Match,NEEDS_VERIFICATION,70,46% title; EAN missing,Verify brand on packaging
1158,B001ILS3MW,BLACKSPUR UTILITY KNIFE BLADES PK10 BOTH,Blue Spot Tools 29194 100 PCE Utility Blades in Dispenser,5017403123026,5028734291940,1.04666666666666,1.04666666666666,400,1:1 Match,NEEDS_VERIFICATION,65,43% title; EANs differ,Different EANs - verify if rebrand
1164,B0CN8RKX3Y,PREMIER FLICKABRIGHT TEALIGHT CANDLE 7.3X3.5CM,Premier Decorations Red LED Flickabrights Wax Candle Battery Operated Christmas Decoration Xmas Festive DÃ©cor 18cm x 9cm,,5053844283202,2.345,2.345,50,1:1 Match,HIGHLY_LIKELY,80,PREMIER; 39% title,-
1168,B0FK5THDBH,CAR PRIDE ALLOY WHEEL CLEANING WIPES BIODEGRADABLE PACK OF 30,"Car Interior Cleaning Wipes Set Biodegradable, Interior, Glass, Alloy Wheel Wipe | Car Wipes Dashboard Cleaner 3x30 90 Set",5053249271422,,1.74958333333333,-99.71041666666666,100,BUNDLE (90x) - LOSS,HIGHLY_LIKELY_FILTERED,80,CAR; 46% title,Requires 90 units; adjusted profit is negative
1170,B09BYWZYS6,SMART CHOICE RETRACTABLE DOG LEAD 3M 15KG,"TUG 360Â° Tangle-Free Retractable Dog Lead for Up to 15 kg Dogs | 5m Strong Nylon Tape/Ribbon (Small, Black)",5052516215671,,3.89166666666666,3.89166666666666,400,1:1 Match,NEEDS_VERIFICATION,70,40% title; EAN missing,Verify brand on packaging
1171,B07R97DV7D,SMART CHOICE 10 RAWHIDE CHICKEN TREAT,Smartbones 10 Chicken Sticks Rawhide Free Chew Dog Treats,1072556214803,810833027156,2.33166666666666,2.33166666666666,900,1:1 Match,NEEDS_VERIFICATION,65,63% title; EANs differ,Different EANs - verify if rebrand
1176,B09KCMWXQX,PAN AROMA CANDLE RND JUICY BERRIES,"PAN AROMAÂ® RED Decorative Holder & Scented Candle, RED Berry, 85g",5053249217680,5053249248295,1.67166666666666,1.67166666666666,50,1:1 Match,HIGHLY_LIKELY,80,PAN AROMA; 48% title,-
1177,B09KCMWXQX,PAN AROMA JAR CANDLE 85GM RED BERRY,"PAN AROMAÂ® RED Decorative Holder & Scented Candle, RED Berry, 85g",5053249248295,5053249248295,1.67166666666666,1.67166666666666,50,1:1 Match,VERIFIED,95,Exact EAN match; PAN AROMA,-
1181,6040194316,WHAM CRYSTAL 32LTR SMOKE BOX & LID,"Wham Crystal 5 x 32L Stackable Plastic Storage Boxes with Lids | Ideal for Home, Office, Toys & More | Medium Boxes | Made in UK - Clear",5038135251009,9786040194312,5.01833333333333,5.01833333333333,100,1:1 Match,NEEDS_VERIFICATION,75,WHAM; 34% title,Verify variant
1183,B07F8VJHWF,MENS WATERPROOF FLEECE TRAPPER HAT WITH MASK BLACK,HEAT HOLDERS - Mens Waterproof Fleece Lined Winter Thermal Trooper Trapper Hat with Ear Flaps,5060605732022,5019041167141,6.44666666666666,6.44666666666666,100,1:1 Match,NEEDS_VERIFICATION,65,61% title; EANs differ,Different EANs - verify if rebrand
1188,B07K1T1N6Y,SEAGRASS FOLDABLE BASKET 32CM,"DOKOT Natural Seagrass Storage Basket With Handle, Foldable Belly Basket for Toys & Laundry",6923456822887,712096333602,4.44833333333333,4.44833333333333,50,1:1 Match,NEEDS_VERIFICATION,65,41% title; EANs differ,Different EANs - verify if rebrand
1189,B0DG8YT67D,CREATE IT PEARLISED POSTER PAINT BOTTLES,"Baker Ross FN254 Pearlised Ready Mixed Poster Paint Pack 150ml - Box of 6, Paint Value Pack of Bottles, Paint for Kids",5055319599702,5063067012039,1.58833333333333,1.58833333333333,400,1:1 Match,NEEDS_VERIFICATION,65,41% title; EANs differ,Different EANs - verify if rebrand
1211,B08KJB12RQ,MASON CASH MIXING BOWL OWL STONE 26CM,"Mason Cash in The Forest Owl Mixing Bowl 4 Litre | 26cm Dark Green S18 Stoneware Bowl for Bread, Cake, Cookie, Pastry & Pudding Mixes, Embossed Woodland Design",5010853197838,5010853271859,6.53833333333333,6.53833333333333,300,1:1 Match,NEEDS_VERIFICATION,75,MASON CASH; 33% title,Verify variant
1214,B0DJDH23JW,SUPERIOR FOIL 10 CONTAINERS & LID 1 LTR,"Superior 10-Pack Aluminium Foil Trays with Paper Lids, Heavy Duty Aluminium Takeaway Containers, Freezer & Oven Safe Tin Foil Trays For Baking, Cooking, Broiling, Storage Containers, 9 x 9 inch",5060357990060,5060357990107,2.99833333333333,-20.54566666666667,700,BUNDLE (10x) - LOSS,HIGHLY_LIKELY_FILTERED,80,SUPERIOR; 29% title,Requires 10 units; adjusted profit is negative
1221,B01CZWVBF8,PRIMA HEART SHAPED BAKE PAN 23CM,"Prima Set Of 2 Heart Shaped Cake Tins, Romantic Grey Heart Shape, Non Stick Carbon Steel Bake Pan, Ideal For Cakes, Cheesecakes & Loaves, Black",5038673151106,,1.93708333333333,1.93708333333333,100,1:1 Match,NEEDS_VERIFICATION,75,PRIMA; 33% title,Verify variant
1235,B09QHDSK3G,"ELBOW GREASE COMPLETE OVEN CLEANING KIT (CONTAINS BAG, BOTTLE & GLOVES)",Elbow Grease Oven Cleaner for Domestic Ovens and BBQ - 500 ML Bottle - Bags and Gloves Included - Complete Oven Cleaning Kit with Elbow Grease Scrubbing Pad,5053249238968,5065002321343,2.66833333333333,2.66833333333333,100,1:1 Match,HIGHLY_LIKELY,80,ELBOW; 39% title,-
1236,B08MVDCSJQ,MUNCH CRUNCH RAWHIDE BONE NAT JUMBO,Munch & Crunch Bone Chews for Dogs Multipack - 8 Tripe Filled Rawhide Dog Bones - Tasty Treat Chewy Snacks 4 Packs,5050375130043,5050375114050,1.65833333333333,1.65833333333333,50,1:1 Match,HIGHLY_LIKELY,80,MUNCH; 38% title,-
1237,B08MVDCSJQ,MUNCH CRUNCH RAWHIDE PRESSED BONE,Munch & Crunch Bone Chews for Dogs Multipack - 8 Tripe Filled Rawhide Dog Bones - Tasty Treat Chewy Snacks 4 Packs,5053249226279,5050375114050,1.65833333333333,1.65833333333333,50,1:1 Match,HIGHLY_LIKELY,80,MUNCH; 36% title,-
1238,B07GZGXQYG,SUPERIOR FOIL 5 CONTAINERS & LID 9X13IN,"Superior Foil Containers with Lids â€“ 9x13 Inches Sturdy Deep Foil Trays with Lid, Ideal for Cooking, Baking,Roasting, BBQ, Meal Prep Storage Tray â€“ Large Foil Trays with Lids (5 Pack)",5060357992217,,4.15625,-463.55575,200,BUNDLE (117x) - LOSS,HIGHLY_LIKELY_FILTERED,80,SUPERIOR; 31% title,Requires 117 units; adjusted profit is negative
1251,B07B656W3B,TIDYZ BIN LINER BLACK 10 BAGS 50LTR,Tidyz 2 X 10 Wheelie Bin Extra Large Liners 300L Black Dustbin Rubbish Tip Refuse Sacks Waste Garbage Thick Big Bags Super Strong Heavy Duty Fits Bins 230 x 143cm,5025364002052,8800202193607,1.225,1.225,700,1:1 Match,NEEDS_VERIFICATION,75,TIDYZ; 30% title,Verify variant
1257,B083XH692T,PAN AROMA C TEA-LIGHTS 16PK APP&CIN,Pan Aroma 16 Tea Lights Apple & Cinnamon,5053249228174,5053249228174,1.515,1.515,100,SPLIT (Supplier pack larger) - VERIFY separability,VERIFIED,95,Exact EAN match; PAN AROMA,-
1258,B083XH692T,PAN AROMA CANDLE TALL APPLE&CINN EACH,Pan Aroma 16 Tea Lights Apple & Cinnamon,5053249224688,5053249228174,1.515,1.515,100,1:1 Match,HIGHLY_LIKELY,85,PAN AROMA; 67% title,-
1259,B083XH692T,PAN AROMA CANDLE ROUND APPLE CINNAMON EACH,Pan Aroma 16 Tea Lights Apple & Cinnamon,5053249216003,5053249228174,1.515,1.515,100,1:1 Match,HIGHLY_LIKELY,85,PAN AROMA; 65% title,-
1261,B0BF5DTF98,BOWL FLAT GLASS EMBOSSED DROPS 7CM GREEN,"ArtesÃ  Glass 18 cm Serving Bowl, Green",8720573247917,5057982086312,2.32666666666666,2.32666666666666,50,1:1 Match,NEEDS_VERIFICATION,65,45% title; EANs differ,Different EANs - verify if rebrand
1267,B099H4D9TH,KILROCK BATHROOM & KITCHEN DRAIN UNBLOCKER 1 LITRE(SOLD EACH),"Kilrock SLAM - Sink and Plughole Bathroom Drain Unblocker - Multi-Pack x12 - Dissolves Grease, Fat & Food - For Smelly Drains",5014353093539,,4.12416666666666,4.12416666666666,50,1:1 Match,HIGHLY_LIKELY,80,KILROCK; 46% title,-
1271,B0DCGHNZQS,ADDIS CLIP TIGHT RECTANGLE FOOD BOX 1.1L,"Addis Clip Tight Food Storage Container Large 5.3 Litre Rectangle Airtight Silicone Seal Containers Bpa Free Easy Locking Lid Clips, Clear Transparent",5010303186269,,2.35625,2.35625,200,1:1 Match,NEEDS_VERIFICATION,75,ADDIS; 34% title,Verify variant
1278,B09JCSQ5S1,WORLD OF PETS CATNIP BUTTERFLY CAT TEASER 3 COLOURS,"12 Pcs Indoor Cat Toys - Plush Catnip, Teeth Cleaning, Interactive Feather Teaser Wand, Spring Toy for Kittens",5052516114448,784121748439,1.23166666666666,1.23166666666666,600,1:1 Match,NEEDS_VERIFICATION,65,43% title; EANs differ,Different EANs - verify if rebrand
1282,B08FBJ59DR,BACOFOIL ZIPPER BAGS ALL PURPOSE 15 PACK SMALL 1L,Bacofoil 3 x Zipper Small All Purpose Bags Food Freezing Storage Bags (45 Bags),5023139861019,,2.17,2.17,500,SPLIT (Supplier pack larger) - VERIFY separability,HIGHLY_LIKELY,85,BACOFOIL; 53% title,-
1290,B0C37Z88WM,PPS PLASTIC GLASSES HALF PINT 50PCS,Plastic Half Pint Glasses 50 Pack Strong Disposable Beer Cups 284ml,5030481970276,,1.71166666666666,1.71166666666666,100,1:1 Match,NEEDS_VERIFICATION,70,45% title; EAN missing,Verify brand on packaging
1291,B0791ZQMMZ,KILROCK DAMP CLEAR MOULD REMOVER ACTIVE FOAMING ACTION 500ML(SOLD EACH),Kilrock 3 X Blast Away Mould Spray 500ml,5014353093294,,2.30083333333333,2.30083333333333,200,1:1 Match,HIGHLY_LIKELY,80,KILROCK; 46% title,-
1297,B00M16SQ8O,ADORN SALT & PEPPER SHAKER,Juvale Salt and Pepper Shakers Stainless Steel and Glass Set,6923456812383,,1.36833333333333,1.36833333333333,500,1:1 Match,NEEDS_VERIFICATION,70,48% title; EAN missing,Verify brand on packaging
1300,B008ES6SLU,BEAUFORT MEASURE ULTIMATE JUG 3LTR,Beaufort 3 Litre Ultimate Plastic Measuring Jug,5014348292350,,1.25416666666666,1.25416666666666,50,1:1 Match,HIGHLY_LIKELY,85,BEAUFORT; 59% title,-
1302,B07STZLCM6,SOUDAL EXPANDING FOAM HANDHELD 750ML,Soudal 750ml Champagne Gap Filler Expanding Foam Handheld Spray with Nozzle & Gloves (3),5411183078956,,4.25458333333333,4.25458333333333,400,1:1 Match,HIGHLY_LIKELY,85,SOUDAL; 51% title,-
1308,B08CY3F21W,FIRST STEPS  FOOD STORAGE POTS WITH SPOON 4PC ASSORTED,First Steps 8 Baby Food Freezer Cubes Tray 70ml POTS BPA Free,5015302109141,5015302106799,1.295,1.295,50,SPLIT (Supplier pack larger) - VERIFY separability,HIGHLY_LIKELY,85,FIRST; 53% title,-
1309,B00JGSHTEC,VFM EMULSION MATT  PAINT WHITE 5L,Dulux Walls & Ceilings Matt Emulsion Paint - Pure Brilliant White - 5L,5023608420693,5010212427750,5.20333333333333,5.20333333333333,200,1:1 Match,NEEDS_VERIFICATION,65,48% title; EANs differ,Different EANs - verify if rebrand
1317,B08TCDBQTC,BACOFOIL EASY CUT KITCHEN FOIL REFILL 15M,"3 x Easy Cut Refill Kitchen Foil 300mm, 15m",5023139270705,9876553908060,2.90166666666666,2.90166666666666,500,1:1 Match,NEEDS_VERIFICATION,65,64% title; EANs differ,Different EANs - verify if rebrand
1320,B001GELIBO,NAIL DRYING SPRAY,Demert Nail Enamel Dryer Manicurist's Finishing Spra - 212g,5056239472380,,1.60666666666666,1.60666666666666,500,1:1 Match,NEEDS_VERIFICATION,70,42% title; EAN missing,Verify brand on packaging
1326,B00KLGPNUK,STAINLESS STEEL KETTLE 14CM 1L,"Swan SK31020N Brushed Stainless Steel Jug Kettle, Cordless Design, 2000W, 1 Litre, Silver",6974295210014,5055322509507,4.85999999999999,4.85999999999999,500,1:1 Match,NEEDS_VERIFICATION,65,43% title; EANs differ,Different EANs - verify if rebrand
1327,B086GTHT16,GIFTMAKER NON WOVEN SHOPPING BAGS HIGHLAND COW,ECO CHIC Lightweight Foldable Reusable Shopping Bag Water Resistant Tote Bag,5012128617102,,1.24124999999999,1.24124999999999,300,1:1 Match,NEEDS_VERIFICATION,70,42% title; EAN missing,Verify brand on packaging
1335,B0D67FMZ5N,SPONTEX QUICK SPRAY MOP DUO,"Spontex Quick Spray Duo Flat Spray Mop with Washable Microfibre Mop Head Pads | Cleans Laminate, Wood & Tile Flooring | No-Touch Reversible Head",3384128001482,3384120013698,12.735,12.735,50,1:1 Match,NEEDS_VERIFICATION,75,SPONTEX; 30% title,Verify variant
1345,B07RT1QF99,BETTINA DUSTPAN AND BRUSH LARGE ASSORTED,Newman and Cole Large Garden Dustpan and Brush Set - Outdoor Dust Pan Scoop with Stiff Hand Brush,5052578030403,5060633660755,1.50166666666666,1.50166666666666,50,1:1 Match,NEEDS_VERIFICATION,65,40% title; EANs differ,Different EANs - verify if rebrand
1384,B07GZGXQYG,SUPERIOR FOIL 5 CONTAINERS & LID 4.5LTR,"Superior Foil Containers with Lids â€“ 9x13 Inches Sturdy Deep Foil Trays with Lid, Ideal for Cooking, Baking,Roasting, BBQ, Meal Prep Storage Tray â€“ Large Foil Trays with Lids (5 Pack)",5060357994426,5060357992217,3.06499999999999,-402.007,200,BUNDLE (117x) - LOSS,HIGHLY_LIKELY_FILTERED,80,SUPERIOR; 29% title,Requires 117 units; adjusted profit is negative
1401,B0BTGM58S5,B&CO AIR FRYER HEAT RESISTANT FOOD GRIP,"Silicone Oven Mitts for Air Fryer, 1 Pair Thicken Mini Oven Gloves Heat Resistant for BBQ,Cooking,Baking",5050565706010,792276609260,1.415,1.415,400,1:1 Match,NEEDS_VERIFICATION,65,46% title; EANs differ,Different EANs - verify if rebrand
1427,B07K82YBGS,DAEWOO ADAPTOR UK TO CHINA  AUSTRALIA AND NEW ZEALAND,"2 x UK to Australia Travel Adapter, Plug for visitors from UK to Australia, China and New Zealand (Pack of 2)",5024996833058,,1.15124999999999,0.14324999999998989,500,BUNDLE (2x) - OK,NEEDS_VERIFICATION,70,40% title; EAN missing,Verify brand on packaging
1432,B09HCS9QM2,GIFTMAKER PENGUIN SANTA SACK,Giftmaker Collection Large Christmas Santa Sack Gift Stocking For Xmas Presents Special Delivery Bag,5012128584411,,1.15124999999999,1.15124999999999,100,1:1 Match,HIGHLY_LIKELY,80,GIFTMAKER; 39% title,-
1439,B07QQBHTT4,MINKY ANTIBACTERIAL 4 SPONGE SCOURERS HD,Minky Anti-Bacterial Cleaing Pad | 3 Pack | Reusable Microfibre Cloth | Minky Pad | Kitchen Cleaner | Dual Sided Sponge | Non Scratch Sponge | Cleaning Products | Cleaning Supplies | Sponges,5010353320347,5010353322822,1.045,-0.7070000000000001,700,BUNDLE (3x) - LOSS,HIGHLY_LIKELY_FILTERED,80,MINKY; 29% title,Requires 3 units; adjusted profit is negative
1450,B07MGLHMWY,WASTE SMART EXTRA STRONG WHEELIE BIN 5 BAGS,Tidyz 30 Extra Large Wheelie Bin Liners Waste Rubbish Bags 300L,5056175970841,5025762919174,1.095,1.095,500,1:1 Match,NEEDS_VERIFICATION,65,54% title; EANs differ,Different EANs - verify if rebrand
1455,B085W8MDLH,SWIRL TUMBLE DRYER SHEETS LAVENDER 35PK,4X Swirl Lavender Tumble Dryer Sheets - 40 per Pack,5053249249056,5053249239842,1.17666666666666,1.17666666666666,200,SPLIT (Supplier pack larger) - VERIFY separability,NEEDS_VERIFICATION,65,68% title; EANs differ,Different EANs - verify if rebrand
1462,B093HHQ7HB,MEMORIAL GRAVE FLOWER VASE WITH STAKE,Black Graveside Memorial Spiked Flower Vase - In Loving Memory,5050565833143,5017224926998,0.995,0.995,50,1:1 Match,NEEDS_VERIFICATION,65,52% title; EANs differ,Different EANs - verify if rebrand
1467,B07DHMR1L6,"CORAL EASY COATER 4"" & FREE BRUSH",Coral 10501 Easy Coater Paint Kit with Headlock and Mini Roller Frame and Hybrid Brush 12 Piece Pack Set,5053521105001,,2.06666666666666,2.06666666666666,500,1:1 Match,HIGHLY_LIKELY,80,CORAL; 42% title,-
1470,B01E7E7OYE,APOLLO UTENSIL HOLDER WHITE,"Premier Housewares Charm Utensil Jar, White",5026180043434,5018705793573,2.07666666666666,2.07666666666666,100,1:1 Match,NEEDS_VERIFICATION,65,48% title; EANs differ,Different EANs - verify if rebrand
1473,B00HMDJD38,AMTECH PICK-UP TOOL TELE MAG 5LB,Amtech S8006 3 LED telescopic torch and magnetic pick up tool,5032759010035,,1.44,1.44,100,1:1 Match,HIGHLY_LIKELY,80,AMTECH; 38% title,-
1490,B07G3G3R74,TALA STAINLESS STEEL ESPRESSO SPOONS SET OF 4,"Q&A 12 Pieces 4"" Stainless Steel Mini Coffee Spoons Demitasse Espresso Spoons",5012904060221,704888379288,2.175,2.175,50,1:1 Match,NEEDS_VERIFICATION,65,54% title; EANs differ,Different EANs - verify if rebrand
1492,B07CCLYFJ2,151 PAINT SPRAY 400ML METALLIC SILVER,3 x 400ml 151 Multi Purpose Spray Paint Aerosol Wood Metal Brick Metallic Silver,5053249219745,,1.865,1.865,100,1:1 Match,NEEDS_VERIFICATION,70,47% title; EAN missing,Verify brand on packaging
1500,B01IFIJ91Y,MASON CASH MIXING BOWL CREAM 29CM,"Mason Cash Colour Mix Cream Mixing Bowl | 4 Litre Capacity | 29cm Earthenware Bowl with Classic Pattern Design | Lightweight & Dishwasher Safe | Ideal for Baking, Pastry, Dough, Cakes & Cookies",5010853235530,5010853235530,5.11499999999999,5.11499999999999,200,1:1 Match,VERIFIED,95,Exact EAN match; MASON CASH,-
1510,B00BEUS7YQ,DEKTON UTILTY 50PC BLADES,Heavy Duty Straight Blades,5055441438894,5060342586551,2.37166666666666,2.37166666666666,100,SPLIT (Supplier pack larger) - VERIFY separability,NEEDS_VERIFICATION,65,47% title; EANs differ,Different EANs - verify if rebrand
1512,B0DQYT5F9Z,QUEST TURBO BLENDER 2 IN 1 32129,"Quest Food Processor, 6-in-1 Chopper, Blender, Grinder, 2 Litre Bowl, 3 Speeds + Pulse, Dishwasher Safe, 600W",5025301321291,,14.0825,14.0825,200,1:1 Match,NEEDS_VERIFICATION,75,QUEST; 32% title,Verify variant
1521,B08GG7YYSQ,PAN AROMA POTPOURRI ASSORTED,Pan Aroma Set Of 4 Pot Pourri Fragrance - Berries Fluffy Towels Vanilla Coconut Lavender,5053249226552,5056291620842,1.03,1.03,200,1:1 Match,HIGHLY_LIKELY,80,PAN AROMA; 43% title,-
1522,B08GG7YYSQ,PAN AROMA POTPOURRI ASSORTED 180G,Pan Aroma Set Of 4 Pot Pourri Fragrance - Berries Fluffy Towels Vanilla Coconut Lavender,5053249269016,5056291620842,1.03,1.03,200,1:1 Match,HIGHLY_LIKELY,80,PAN AROMA; 41% title,-
1526,B007L5V48Y,AMTECH VICE BABY,"Amtech D2600 150mm (6"") Woodworking vice",5032759001408,,3.04166666666666,3.04166666666666,100,1:1 Match,HIGHLY_LIKELY,80,AMTECH; 39% title,-
1528,B07F2JQ4B7,TIDYZ 50 WHITE PEDAL BIN LINERS+HANDLE 15L,Tidyz 3 Packs Of 40 White Plastic Disposable Pedal Bin Liners - Fits 15L Bin - Extra Strong Tie Handle - 120 Bags In Total,5025364024801,8800202181567,0.885,0.885,50,1:1 Match,HIGHLY_LIKELY,80,TIDYZ; 47% title,-
1536,B004TRT3K8,AMTECH SHARPENING STONE 2000,"Amtech E2300 300mm (12"") Cigar Sharpening Stone",5032759001675,,1.0175,1.0175,50,1:1 Match,HIGHLY_LIKELY,85,AMTECH; 61% title,-
1540,B08KWGQGK6,PYREX CLASSIC CASSEROLE 1.3LTR,Pyrex Essentials Glass Round Casserole Dish with Lid 1.0L Transparent (Pack of 2),3426470261524,,3.69833333333333,-2.0136666666666696,50,BUNDLE (2x) - LOSS,HIGHLY_LIKELY_FILTERED,80,PYREX; 46% title,Requires 2 units; adjusted profit is negative
1545,B09HCS9QM2,GIFTMAKER CHRISTMAS NON WOVEN SANTA SACK SPECIAL DELIVERY,Giftmaker Collection Large Christmas Santa Sack Gift Stocking For Xmas Presents Special Delivery Bag,5012128616778,,1.04124999999999,1.04124999999999,100,1:1 Match,HIGHLY_LIKELY,85,GIFTMAKER; 59% title,-
1547,B005NG8E0E,HOBBY DIAMOND ROUND PAPER BASKET 12LTR,JVL Natural Round Seagrass Waste Paper Basket,8694064019331,5017440159040,1.73833333333333,1.73833333333333,100,1:1 Match,NEEDS_VERIFICATION,65,50% title; EANs differ,Different EANs - verify if rebrand
1557,B0F44SLX44,STATUS UK VISITOR TRAVEL ADAPTER,"Status India to UK Power Adaptor, India to UK Travel Adapter for Visitors, White, Pack of 1 (INDIATOUKTAB112)",5022822159914,5022822223172,1.06166666666666,1.06166666666666,50,1:1 Match,HIGHLY_LIKELY,80,STATUS; 39% title,-
1575,B09NZMX5S2,SUNNEX STAINLESS STEEL DESSERT SPOONS PK12,"Spoon Set, 12-Piece Stainless Steel Dessert Spoons Dining Spoons, Mirror Polishing Cutlery Spoons Set,Dishwasher Safe (6.7 inches, 17cm)",4891342311062,616054388478,1.765,1.765,400,1:1 Match,NEEDS_VERIFICATION,65,41% title; EANs differ,Different EANs - verify if rebrand
1579,B06X9K7NR7,TIDYZ DOGGY BAGS STRONG 50 PCS 30cm x 36cm,"Tidyz 200 x Extra Large Super Strong Doggy bags (4 x 50),Black",5025364001970,5025364001970,0.736666666666667,-1.279333333333333,500,BUNDLE (4x) - LOSS,VERIFIED_FILTERED,95,Exact EAN match; TIDYZ,Requires 4 units; adjusted profit is negative
1594,B0070U64RG,EVERBUILD BITUMEN TROWEL MASTIC 1 LITRE,"Everbuild 103 Premium Trowel Mastic, Stone, 6 kg",5029347009311,,5.33583333333333,5.33583333333333,50,1:1 Match,HIGHLY_LIKELY,85,EVERBUILD; 66% title,-
1595,B0BT51TC8X,MASTER COOK DIE CAST CASSEROLE 24CM,"MasterClass Cast Aluminium Cream Casserole Dish, 24cm, 4 Litre, Gift Boxed",6945702110326,5057982093273,11.2549999999999,11.2549999999999,50,1:1 Match,NEEDS_VERIFICATION,65,49% title; EANs differ,Different EANs - verify if rebrand
1608,B01MYBH3SU,ROUNDUP PATH WEEDKILLER RTU 1LTR 20% FREE,"Roundup Path Weedkiller, Ready to Use, Refill for Pressure Sprayer, 5 Litre",5017676016919,5017676016964,3.52,3.52,50,1:1 Match,HIGHLY_LIKELY,85,ROUNDUP; 55% title,-
1609,B08XWB7JW9,MARIGOLD OUTDOOR GLOVES EXTRA LARGE,Marigold 2 x Extra Tough Outdoor Gloves - Single Pair (Extra Large),5010232988019,9790504074621,1.40833333333333,1.40833333333333,200,1:1 Match,HIGHLY_LIKELY,85,MARIGOLD; 68% title,-
1618,B0FHB2532P,GLAMOUR STUDIOS 5PK SKINNY  SATIN SCRUNCHIE,"12 Pcs Satin Hair Scrunchies for Women Girls, Skinny Hair Ties Soft Satin Scrunchies Elastic Silk HairBands",5050565844965,,0.868333333333334,0.868333333333334,200,SPLIT (Supplier pack larger) - VERIFY separability,NEEDS_VERIFICATION,70,42% title; EAN missing,Verify brand on packaging
1626,B000Y8XXXY,"INSULATED SCREWDRIVER SET 4"" 2PC",Stanley 0-65-412 Fat Max Screwdriver Insulated Slotted 4X100Mm-Red And Yellow,,3253560654122,0.859999999999999,0.859999999999999,50,SPLIT (Supplier pack larger) - VERIFY separability,NEEDS_VERIFICATION,70,42% title; EAN missing,Verify brand on packaging
1628,B01N0ADCA9,SUNNEX STAINLESS STEEL DESSERT FORKS PK12 28/03,"12-Piece (14 cm) Stainless Steel Pastry Fork Set, Mirror Polishing Cake Dessert Fork Set",4891342931123,714973112140,1.63166666666666,1.63166666666666,200,1:1 Match,NEEDS_VERIFICATION,65,45% title; EANs differ,Different EANs - verify if rebrand
1631,B07HJ6V448,CRAFT FABRIC GLUE 50ML,"SOL 2pk x 50ml Fabric Glue Strong with Spreader & Tape Measure - Scout Badge Adhesive for Crafts, Upholstery, Material, Textile, Felt or Wool - Waterproof, Flexible, Fast Drying, Durable Bond",5056175901166,5056175901166,0.855,0.855,300,1:1 Match,VERIFIED,95,Exact EAN match; CRAFT,-
1650,B0DJDH23JW,SUPERIOR FOIL 10 CONTAINERS & LID 9X9IN,"Superior 10-Pack Aluminium Foil Trays with Paper Lids, Heavy Duty Aluminium Takeaway Containers, Freezer & Oven Safe Tin Foil Trays For Baking, Cooking, Broiling, Storage Containers, 9 x 9 inch",5060357990107,5060357990107,2.12833333333333,-30.811666666666582,700,BUNDLE (10x) - LOSS,VERIFIED_FILTERED,95,Exact EAN match; SUPERIOR,Requires 10 units; adjusted profit is negative
1659,B09HCS9QM2,GIFTMAKER CHRISTMAS BASIC SANTA SACK,Giftmaker Collection Large Christmas Santa Sack Gift Stocking For Xmas Presents Special Delivery Bag,5012128616761,,0.931249999999999,0.931249999999999,100,1:1 Match,HIGHLY_LIKELY,80,GIFTMAKER; 44% title,-
1662,B073TZKMK9,DOFF CONCENTRATED MULTI PURPOSE FEED 1L,2 X Doff 1L Liquid Seaweed Concentrated Multi-Purpose Feed,5013655218435,,1.82499999999999,1.82499999999999,50,1:1 Match,HIGHLY_LIKELY,85,DOFF; 72% title,-
1668,B07QQBHTT4,MINKY SUPER DIAMOND SCRUBBER,Minky Anti-Bacterial Cleaing Pad | 3 Pack | Reusable Microfibre Cloth | Minky Pad | Kitchen Cleaner | Dual Sided Sponge | Non Scratch Sponge | Cleaning Products | Cleaning Supplies | Sponges,5010353328961,5010353322822,0.845,-1.3870000000000002,700,BUNDLE (3x) - LOSS,HIGHLY_LIKELY_FILTERED,80,MINKY; 19% title,Requires 3 units; adjusted profit is negative
1681,B08N713Y2V,STATUS TV AERIAL LEAD 5M CABLE IN CDU,Status 15 Metre TV Aerial Cable Extension Kit | White | Extension Lead | S15MTVAEKX12,5022822163881,5022822202900,1.05499999999999,1.05499999999999,200,1:1 Match,HIGHLY_LIKELY,80,STATUS; 44% title,-
1704,B09YCKKWHZ,EXTRASTAR LED FLASHLIGHT USB REECHARGABLE TORCH,"EXTRASTAR Head Torch Rechargeable, Headlight with 3 Lights 4 Modes, LED Head Torch Headlamp for Camping, Fishing, Hiking, Jogging, Running, Cycling",8432011550076,,1.945,1.945,100,1:1 Match,NEEDS_VERIFICATION,75,EXTRASTAR; 30% title,Verify variant
1714,B01H2SJJAE,APOLLO BALLOON WHISK,"Apollo Whisk Rainbow, silicone, 26cm, 25x6x6",5026180097994,,0.683333333333334,0.683333333333334,200,1:1 Match,HIGHLY_LIKELY,80,APOLLO; 37% title,-
1742,B00M16SQ8O,PRIMA SALT AND PEPPER SHAKER 6.3X4CM 2PC,Juvale Salt and Pepper Shakers Stainless Steel and Glass Set,5038673180212,,0.898333333333333,0.898333333333333,500,SPLIT (Supplier pack larger) - VERIFY separability,NEEDS_VERIFICATION,70,52% title; EAN missing,Verify brand on packaging
1743,B07F2P9ZXR,TIDYZ CARRIERS HANDY BAGS 40 PCS 45CM x 57.5cm,Tidyz 2 Packs Of 40 Handy Bags - Carrier Bags - Fits 15L Pedal Bin - Extra Strong Tie Handle 80 Bags In Total,5025364000003,8800202181697,0.588333333333334,0.588333333333334,200,SPLIT (Supplier pack larger) - VERIFY separability,NEEDS_VERIFICATION,75,TIDYZ; 32% title,Verify variant
1745,B08F5GHC9P,MENS WATERPROOF TURN UP HAT ASSORTED,RockJock STORMACTIVE Mens Waterproof Windproof Classic Warm Beanie Hat,5060605733418,5055928637062,1.15833333333333,1.15833333333333,50,1:1 Match,NEEDS_VERIFICATION,65,41% title; EANs differ,Different EANs - verify if rebrand
1761,B08SDB6SDH,ALUMINIUM PRESSURE COOKER INDUCTION 9L,"Amazon Basics Stainless Steel Pressure Cooker with Steamer and Extra Silicone Ring, 9 litres",742288771752,1933370000525,13.2549999999999,13.2549999999999,100,1:1 Match,NEEDS_VERIFICATION,65,40% title; EANs differ,Different EANs - verify if rebrand
1763,B098P62161,151 ADHESIVE SPRAY HEAVY DUTY 500ML,3 Spray Glue Adhesive Contact Glue Heavy Duty Mount DIY Craft Upholstery 500ml,5053249215044,5053249215044,1.41833333333333,1.41833333333333,200,1:1 Match,VERIFIED,95,Exact EAN match; 151,-
1768,B08DRRKWKQ,LITTLE TREES CAR FRESHENER ORANGE JUICE,Little Trees Air Freshener Tree LTZ084 Orange Juice Fragrance For Car Home Boat Caravan - Triple Pack,7612720201457,5015926091990,0.61,0.61,50,1:1 Match,HIGHLY_LIKELY,85,LITTLE; 54% title,-
1779,B0C3HJ3WLX,HAPPY BIRTHDAY TRI CUT BUNTING,"Happy Birthday Bunting Banner, 6.6 Ft Hessian Cloth Vintage Burlap Swallowtail Flag for Birthday Decorations",5060082940699,,0.565833333333333,0.565833333333333,200,1:1 Match,NEEDS_VERIFICATION,75,HAPPY; 31% title,Verify variant
1802,B003Q98XHO,GSD UK TOURIST ADAPTOR,India to UK Travel Tourist Adaptor Converter Mains Plug,5060066943562,,0.708333333333332,0.708333333333332,50,1:1 Match,NEEDS_VERIFICATION,70,51% title; EAN missing,Verify brand on packaging
1818,B0BVLTKB3W,BIN BRITE STICK ON OUTDOOR BIN FRESHENER WITH CITRONELLA PACK OF 2,"Bin Buddy Fresh Pink Grapefruit & Spring Blossom 450g, Pack of 2 - Bin Freshener Deodoriser Powder, Leaves Your Bin Smelling Great - Suitable for Indoor and Outdoor Bins",5053249270890,5020042027075,0.673333333333334,-0.6706666666666661,300,BUNDLE (2x) - LOSS,HIGHLY_LIKELY_FILTERED,80,BIN; 34% title,Requires 2 units; adjusted profit is negative
1821,B013URC1GU,ROLSON DIAGONAL CUTTING PLIERS VDE INSULATED 160MM,S&R VDE Insulated Diagonal Side Cutter 160mm â€“ 1000V Rated Wire Cutting Pliers | VDE-Tested for Electrical Work,5029594210768,4045315131601,2.42166666666666,2.42166666666666,300,1:1 Match,NEEDS_VERIFICATION,65,42% title; EANs differ,Different EANs - verify if rebrand
1831,B08VMZF9LT,EXTRASTAR EXTENSION LEAD 6 GANG 2M BLACK,"ExtraStar 6 Way Surge Protected Extension Leads 2M, Wall Mounted Power Strips with Individual Switches 13A UK Plug, Black Extension Socket for Home and Office",,,1.465,1.465,100,1:1 Match,NEEDS_VERIFICATION,75,EXTRASTAR; 33% title,Verify variant
1833,B01NCULTSJ,SIL SERVICE BELL GOLD,Echi gold plated loud service/hand/alarm bell (metal),5024418266778,,0.909583333333333,0.909583333333333,200,1:1 Match,NEEDS_VERIFICATION,70,45% title; EAN missing,Verify brand on packaging
1848,B09P1G3YJ5,FAIRY DUAL SPONGE SCOURER WITH CRYSTALS PK2,"Addis Fairy Originals Non Scratch General Dual Sponge Scourer with Crystals, Pack of 6, Green One Size",5010303179971,5010303179995,0.491666666666667,-4.008333333333333,100,BUNDLE (6x) - LOSS,HIGHLY_LIKELY_FILTERED,80,FAIRY; 57% title,Requires 6 units; adjusted profit is negative
1849,B09P1G3YJ5,FAIRY MAX POWER TEARDROP SCOURER,"Addis Fairy Originals Non Scratch General Dual Sponge Scourer with Crystals, Pack of 6, Green One Size",5010303194523,5010303179995,0.491666666666667,-4.008333333333333,100,BUNDLE (6x) - LOSS,HIGHLY_LIKELY_FILTERED,80,FAIRY; 28% title,Requires 6 units; adjusted profit is negative
1850,B0114IPMS6,DRAPER SPANNER SET METRIC COMBINATION,Draper 1 x Redline 68481 Metric Combination Spanner Set (11-Piece),5010559684793,5010559684816,2.15333333333333,2.15333333333333,100,1:1 Match,HIGHLY_LIKELY,85,DRAPER; 56% title,-
1861,B08T1R1J3S,APOLLO POTATO MASHER STAINLESS STEEL FOLDING,"Potato Mashers, Joyoldelf Potato Masher Stainless Steel, Masher with Non-Slip Handle, Fruit & Vegetable Baby Food Masher",5026180074063,,1.05791666666666,1.05791666666666,400,1:1 Match,NEEDS_VERIFICATION,70,46% title; EAN missing,Verify brand on packaging
1866,B0CCJS5GKB,ELBOW GREASE FOAMING TOILET CLEANER EUCALYPTUS 500G,"3 x Elbow Grease Foaming Toilet Cleaner, Deep Cleaning Action, Lemon Fresh Fragrance 500g",5053249277943,5053249253183,0.821666666666666,0.821666666666666,200,1:1 Match,NEEDS_VERIFICATION,65,65% title; EANs differ,Different EANs - verify if rebrand
1873,B07R99H8KK,PLAYWRITE  CHRISTMAS CYO MASKS,Playwrite Pack of 12 Christmas design cardboard masks,5016064115777,,0.294583333333333,-3.401416666666667,50,BUNDLE (12x) - LOSS,HIGHLY_LIKELY_FILTERED,80,PLAYWRITE; 69% title,Requires 12 units; adjusted profit is negative
1878,B009SJXB32,APOLLO VINEGAR SHAKER,"apollo THE HOUSEWARES BRAND 3357 Glass Vinegar Shaker, Clear 15 x 5.5 x 5.5 cm",5026180033572,5026180033572,0.463333333333332,0.463333333333332,50,1:1 Match,VERIFIED,95,Exact EAN match; APOLLO,-
1879,B0DJDH23JW,SUPERIOR FOIL 10 CONTAINERS & LID 2 LTR,"Superior 10-Pack Aluminium Foil Trays with Paper Lids, Heavy Duty Aluminium Takeaway Containers, Freezer & Oven Safe Tin Foil Trays For Baking, Cooking, Broiling, Storage Containers, 9 x 9 inch",5060357990091,5060357990107,1.47833333333333,-38.48166666666667,700,BUNDLE (10x) - LOSS,HIGHLY_LIKELY_FILTERED,80,SUPERIOR; 29% title,Requires 10 units; adjusted profit is negative
1889,B0CWS44D1S,PRIMA WOODEN NAIL BRUSHES 2PC,"4 Pcs Double Sided Wooden Nail Brushes - 2 Kinds, Easy to Use - Clean Hands, Feet & Nails",5038673230160,617513040531,0.471666666666666,0.471666666666666,500,SPLIT (Supplier pack larger) - VERIFY separability,NEEDS_VERIFICATION,65,42% title; EANs differ,Different EANs - verify if rebrand
1891,B07QQBHTT4,MINKY ALL PURPOSE CLOTH PK10,Minky Anti-Bacterial Cleaing Pad | 3 Pack | Reusable Microfibre Cloth | Minky Pad | Kitchen Cleaner | Dual Sided Sponge | Non Scratch Sponge | Cleaning Products | Cleaning Supplies | Sponges,5010353322730,5010353322822,0.595,-2.333,700,BUNDLE (3x) - LOSS,HIGHLY_LIKELY_FILTERED,80,MINKY; 21% title,Requires 3 units; adjusted profit is negative
1898,B096K1WR72,MINKY IRONING BOARD CLIPS PK3,"Minky Easy Fit Ironing board cover + Ironing Board Clips Bundle, 122 x 38 cm",5010353323430,5010353325014,1.25833333333333,1.25833333333333,100,1:1 Match,HIGHLY_LIKELY,85,MINKY; 51% title,-
1907,B007H6XATS,DRAPER SINK PLUNGER 135MM,Draper Drain Rod Plunger Attachment 4'' | Heavy Duty Outside Drain Sewer Unblocker | 10635,5010559328949,5010559106356,0.821666666666667,0.821666666666667,50,1:1 Match,HIGHLY_LIKELY,80,DRAPER; 36% title,-
1908,B000KHRXA8,KITCH EASY STORE RECTANGULAR CONTAINER 3.5LTR,Rectangular 3.9ltr (234 x 165 x 165mm),5055706650573,,0.930416666666667,0.930416666666667,50,1:1 Match,NEEDS_VERIFICATION,70,40% title; EAN missing,Verify brand on packaging
1910,B01HILDGK4,PPS FOIL PLATTERS 550X362X30MM,PPS 3 x ALUMINIUM FOIL PLATTER TRAY - 44cm x 29cm disposable foil catering serving dish,5030481930034,5030481930027,0.408333333333333,0.408333333333333,50,1:1 Match,NEEDS_VERIFICATION,75,PPS; 30% title,Verify variant
1922,B0C5XM7M96,APOLLO MARBLE BOARD BLACK 46x23CM,Silk Route Home Black Granite Chopping Board 40 x 30cm,5026180023719,5060218987765,3.47166666666666,3.47166666666666,50,1:1 Match,NEEDS_VERIFICATION,65,41% title; EANs differ,Different EANs - verify if rebrand
1924,B0BVLTKB3W,BIN BRITE ODOUR NEUTRALISER SPRAY 400ML SPRAY CITRONELLA & LEMONGRASS,"Bin Buddy Fresh Pink Grapefruit & Spring Blossom 450g, Pack of 2 - Bin Freshener Deodoriser Powder, Leaves Your Bin Smelling Great - Suitable for Indoor and Outdoor Bins",5053249255347,5020042027075,0.563333333333334,-0.912666666666666,200,BUNDLE (2x) - LOSS,HIGHLY_LIKELY_FILTERED,80,BIN; 30% title,Requires 2 units; adjusted profit is negative
1928,B0001IWLMG,BRIGHT & HOMELY REINFORCED GARDEN HOSE PIPE 30M,Faithfull 30M (98ft) Reinforced Hose 12.7 mm (1/2 Inch) Diameter â€“ PVC Garden Hose Pipe,5050796011389,5023969206691,2.46333333333333,2.46333333333333,100,1:1 Match,NEEDS_VERIFICATION,65,45% title; EANs differ,Different EANs - verify if rebrand
1930,B084Z492PW,EXTRASTAR EXTENSION LEAD 6 GANG 1M WHITE,"ExtraStar 6 Way Extension Leads with Surge Protection, Wall Mounted Power Strips with Individual Switches 13A UK Plug (1M, White)",,791348432249,1.08166666666666,1.08166666666666,500,1:1 Match,HIGHLY_LIKELY,80,EXTRASTAR; 46% title,-
1931,B08VMRHP2B,EXTRASTAR EXTENSION LEAD 6 GANG 1M BLACK,"ExtraStar 6 Way Extension Leads with Surge Protection, Wall Mounted Power Strips with Individual Switches 13A UK Plug (1M, Black)",,,1.08166666666666,1.08166666666666,200,1:1 Match,HIGHLY_LIKELY,80,EXTRASTAR; 46% title,-
1935,B0BGSVFXDK,GIFTMAKER STACKABLE SML BOX snowman,Christmas Small 3 Piece Stacking Nested Gift Box Set Reindeer Design,5012128581076,,1.03999999999999,1.03999999999999,50,1:1 Match,NEEDS_VERIFICATION,70,40% title; EAN missing,Verify brand on packaging
1941,B01CMHNDKC,BLUE CANYON ROUND WALL MIRROR WHITE,"Blue Canyon Round Mirror, 40 cm Length x 40 cm Width, White",5060386422662,,1.92958333333333,1.92958333333333,50,1:1 Match,HIGHLY_LIKELY,85,BLUE CANYON; 63% title,-
1944,B00QM9CG7I,KILROCK DAMP CLEAR REFILL POUCH 1KG (2x500g),"Kilrock Damp Clear Moisture Trap Refill - Pack of 5 x 500 grams - Moisture Absorbers - for air quality, reduces damp odours & damage",5014353089983,,0.898749999999999,-7226.20925,400,BUNDLE (2500x) - LOSS,HIGHLY_LIKELY_FILTERED,80,KILROCK; 39% title,Requires 2500 units; adjusted profit is negative
1955,B00JITHXRM,ROLSON CLAW HAMMER FIBREGLASS 8OZ,Rolson 11201 8oz Stubby Claw Hammer,5029594103718,5029594112017,0.861666666666667,0.861666666666667,300,1:1 Match,HIGHLY_LIKELY,85,ROLSON; 52% title,-
1968,B073VPL2VQ,ULTRATAPE PICTURE FRAME TAPE 24MMX50M,Ultratape | Picture Frame Tape | 48mm x 33m,5027785817369,5027785811817,0.431666666666667,0.431666666666667,50,1:1 Match,HIGHLY_LIKELY,85,ULTRATAPE; 85% title,-
1969,B0DN1HXF9B,PYREX AIR FRYER SQUARE DISH 20X17CM,PYREX PREPWARE â€“ Square Glass Dish 20 x 17 cm â€“ 1 L,3426470301268,,1.03625,1.03625,50,1:1 Match,HIGHLY_LIKELY,85,PYREX; 64% title,-
1970,B01D1R4NXS,SAMS SCRUMMY GIANT LEG DOG BONE,Dog Bone Giant Roasted Beef Leg Dog Food Dog Feeding Chew Treats Pack Of 2,5015302202996,5015302202996,0.776666666666667,-1.8393333333333333,50,BUNDLE (2x) - LOSS,VERIFIED_FILTERED,95,Exact EAN match; SAMS,Requires 2 units; adjusted profit is negative
1971,B0042FBWQ0,CARAFE .5LT GLASS,"Arcoroc ARC C0199 Carafon Vin Carafe, Glass, transparent, 580 ml",0026102251102,0026102251102,0.761666666666667,0.761666666666667,50,1:1 Match,VERIFIED,95,Exact EAN match; CARAFE,-
1984,B07VC8TFB8,KILNER BOTTLE SQUARE 1LTR,"Kilner Clip Top Bottle, 1 Litre",5010853253428,,0.910416666666666,0.910416666666666,50,1:1 Match,HIGHLY_LIKELY,85,KILNER; 57% title,-
1985,B00X5D4SE8,EXTRA SELECT FISH FOOD BLEND BUCKET 5L,"Extra Select Complete Fish Food Blend Tub, 5 Litre",5022245006710,,1.71375,1.71375,50,1:1 Match,HIGHLY_LIKELY,85,EXTRA SELECT; 75% title,-
1989,B00ABJQTPU,"AMTECH POINTING TROWEL 150M(6"") WITH SOFT GRIP","Amtech G0230 150mm (6"") Pointing trowel with soft grip",5032759027644,,0.625416666666666,0.625416666666666,50,1:1 Match,HIGHLY_LIKELY,85,AMTECH; 74% title,-
1990,B0BYKDX25N,FAIRY MAX POWER SOAP DISPENSING DISH BRUSH & REFILLS 3PCS,Fairy Soap Dispensing Dish Brush,5010303194424,5010303180588,0.425,0.425,50,SPLIT (Supplier pack larger) - VERIFY separability,HIGHLY_LIKELY,85,FAIRY; 71% title,-
1997,B00CH0REL4,CHEF AID BEAN SLICER,Krisk French Style Bean Slicer - HA43,5012904036417,5011228689187,0.386666666666667,0.386666666666667,100,1:1 Match,NEEDS_VERIFICATION,65,52% title; EANs differ,Different EANs - verify if rebrand
1999,B00NEKRON4,PYREX ESSENTIALS CASSEROLE 6.7LTR RECT,"Pyrex Essentials - Set of 3 glass casseroles high resistance 1,4L/2,1L/3L",3426470283373,764558754944,3.18666666666666,3.18666666666666,300,1:1 Match,HIGHLY_LIKELY,85,PYREX; 55% title,-
2000,B00XMKCAXK,"ROYALFORD MORTAR AND PESTLE STAINLESS STEEL 2.6""x2.25""",Bekith Mortar and Pestle Sets 18/8 Brushed Stainless Steel Spice Grinder Pill Crusher Molcajete Herb Bowl,6294016436517,685450202350,1.215,1.215,200,1:1 Match,NEEDS_VERIFICATION,65,44% title; EANs differ,Different EANs - verify if rebrand
2002,B07YQ5HFFN,PPS ROUND 40 DOYLEYS 21CM,"40 X White Round LACE DOYLEYS - 22cm/8.5"" Quality Disposable Paper mats Great for Entertaining and Parties",5030481940088,5030481940088,0.296666666666666,0.296666666666666,700,1:1 Match,VERIFIED,95,Exact EAN match; PPS,-
2005,B006A7D1O4,ROLSON PLASTERING TROWEL 280X115MM,"Rolson 52245 Smooth Plastering Trowel, Multi, 280 x 120 mm",5029594522380,5029594522458,0.741666666666666,0.741666666666666,100,1:1 Match,HIGHLY_LIKELY,85,ROLSON; 69% title,-
2017,B073H7GJ13,PPS POCKET TISSUES 3PLY 10S PK10,"Handy Pocket 3ply Tissues, Packs of 10",5030481970238,5028635004045,0.288333333333333,0.288333333333333,100,1:1 Match,NEEDS_VERIFICATION,65,57% title; EANs differ,Different EANs - verify if rebrand
2027,B07QQBHTT4,MINKY EVERYDAY SPONGES BRIGHT & GOLD 2PC,Minky Anti-Bacterial Cleaing Pad | 3 Pack | Reusable Microfibre Cloth | Minky Pad | Kitchen Cleaner | Dual Sided Sponge | Non Scratch Sponge | Cleaning Products | Cleaning Supplies | Sponges,5010353327803,5010353322822,0.465,-1.107,700,BUNDLE (2x) - LOSS,HIGHLY_LIKELY_FILTERED,80,MINKY; 16% title,Requires 2 units; adjusted profit is negative
2035,B0095RXTHA,APOLLO WOODEN DISH STAND,"APOLLO 1684 Wooden dish drainer, Wood, 40x34x4",5026180050005,,0.884166666666666,0.884166666666666,50,1:1 Match,HIGHLY_LIKELY,85,APOLLO; 62% title,-
2040,B08JPG71GV,CHRISTMAS WREATH RED BERRIES 25CM,"Christmas Red Berry Twig Stem, 12 Pack Artificial Red Berry Picks for Xmas Wreaths decorations, Christmas Tree Decorations, Crafts, Wedding, Holiday Home Decor (Red)",,,1.40958333333333,-71.71841666666667,900,BUNDLE (12x) - LOSS,HIGHLY_LIKELY_FILTERED,80,CHRISTMAS; 28% title,Requires 12 units; adjusted profit is negative
2042,B007MO0FIO,KILNER PRESERVE JAR 0.25LTR SCREW LID,Kilner Preserve Jar 0.25L (250ml) Round Glass Screw Top Lid Preservation Storage Jar for Jams Jellies Chutneys,5010853173566,,0.403333333333333,0.403333333333333,50,1:1 Match,HIGHLY_LIKELY,80,KILNER; 48% title,-
2044,B01H2SJJAE,APOLLO SILICON WHISK SPLASH 25CM,"Apollo Whisk Rainbow, silicone, 26cm, 25x6x6",5026180019903,,0.373333333333333,0.373333333333333,200,1:1 Match,HIGHLY_LIKELY,80,APOLLO; 47% title,-
2046,B00LZRJTEA,TALA COCKTAIL STICKS 200,"Tala Bamboo Cocktail Sticks, Ponted End Cocktails Sticks Perfect for Buffets, Canapes and Appetisers, Pack Off 200 Stick Each Measuring 8cm, Can Also be Used a dential/toothpicks",5012904061204,5012904061204,0.251666666666667,0.251666666666667,50,1:1 Match,VERIFIED,95,Exact EAN match; TALA,-
2051,B005839KVY,BEAUFORT JUICE JUG 2LTR,Thumbs Up 2 Litre Fridge Jug Clear 2.0L,5014348247626,,0.424583333333333,0.424583333333333,50,1:1 Match,NEEDS_VERIFICATION,70,41% title; EAN missing,Verify brand on packaging
2054,B08B5S2DDZ,SE PIN CUSHION WITH WRISTBAND,"Magnetic Wrist Sewing, Portable Arm Pin Cushion Magnetic Pincushion with Wristband for Sewing Collection(Pink)",5055319516433,,0.332916666666666,0.332916666666666,200,1:1 Match,NEEDS_VERIFICATION,70,41% title; EAN missing,Verify brand on packaging
2055,B08G1Q1L46,BAKER & SALT SWISS ROLL TRAY,Baker & Salt Non-Stick Swiss Roll Tray 32 x 23.5 x 1cm,5038135558504,,0.717916666666666,0.717916666666666,600,1:1 Match,HIGHLY_LIKELY,85,BAKER; 68% title,-
2056,B000TAUFFG,YALE ESSENTIALS DEADLOCK P/BRASS 64MM,"Yale British Standard 5 Lever Mortice Deadlock, High Security, Visi Pack, Suitable for External Doors, Brass Finish, 2.5 Inch/64 mm",5011802242111,5010608056250,1.61833333333333,1.61833333333333,200,1:1 Match,HIGHLY_LIKELY,80,YALE; 35% title,-
2062,B003NU37MW,BEAUFORT MEASURE ULTIMATE JUG 2LTR,Beaufort - 2 Litre Clear Plastic Measuring Jug,5014348291469,,0.252083333333333,0.252083333333333,200,1:1 Match,HIGHLY_LIKELY,85,BEAUFORT; 50% title,-
2067,B071RZR4QM,MARKSMAN KNIFE FOLDING LOCK BACK,Rolson 62848 Folding Lock-Back Knife,5038673570167,5029594628488,0.296666666666667,0.296666666666667,50,1:1 Match,NEEDS_VERIFICATION,65,61% title; EANs differ,Different EANs - verify if rebrand
2069,B0F23YWJW9,SMART CHOICE GLOW IN THE DARK ROPE DOG TOY 6 ASSTD,"Zip witn 6 String Toy for Pets, Glow in The Dark Rope Launcher Cat and Dog Toys (6PC Single Rope)",5052516217668,,0.461666666666666,0.461666666666666,50,1:1 Match,NEEDS_VERIFICATION,70,54% title; EAN missing,Verify brand on packaging
2079,B07NNY768K,FALCON ENAMEL ROUND PIE DISH  26CM,FALCON Round Pie Dish White 26CM,5012823030916,,0.892083333333333,0.892083333333333,50,1:1 Match,HIGHLY_LIKELY,85,FALCON; 81% title,-
2080,B0111N9Z1O,HOUSE MATE STAINLESS STEEL CLEANER & POLISH,House Mate Stainless Steel Cleaner and Polisher 400ml (Pack of 1),5039295201040,5039295201040,0.791666666666665,0.791666666666665,50,1:1 Match,VERIFIED,95,Exact EAN match; HOUSE,-
2089,B0DPQVJ4NW,HIGHLAND COW PLAQUE FRIENDS,Lesser & Pavey Love & Affection Highland Cow Wooden Plaque - Friends For Home Decor & Gift | Wooden and Acrylic Plaques For Home and Office | Ideal Signs & Plaque Birthday Gifts For Women & Men,5010792749549,5010792749549,1.24166666666666,1.24166666666666,400,1:1 Match,VERIFIED,95,Exact EAN match; HIGHLAND,-
2096,B07CCMKW5V,151 PAINT SPRAY 400ML WHITE MATT,3 x 400ml 151 Multi Purpose Spray Paint Aerosol Wood Metal Brick - Matt White,5053249215105,5053249215105,0.506666666666666,0.506666666666666,500,1:1 Match,VERIFIED,95,Exact EAN match; 151,-
2100,B07QQBHTT4,MINKY ANTI BACTERIAL MICROFIBRE ROLLS 4PC,Minky Anti-Bacterial Cleaing Pad | 3 Pack | Reusable Microfibre Cloth | Minky Pad | Kitchen Cleaner | Dual Sided Sponge | Non Scratch Sponge | Cleaning Products | Cleaning Supplies | Sponges,5010353329166,5010353322822,0.395,0.395,700,SPLIT (Supplier pack larger) - VERIFY separability,NEEDS_VERIFICATION,75,MINKY; 31% title,Verify variant
2101,B013URC1GU,ROLSON  CABEL CUTTING PLIERS VDE INSULATED 160MM,S&R VDE Insulated Diagonal Side Cutter 160mm â€“ 1000V Rated Wire Cutting Pliers | VDE-Tested for Electrical Work,5029594210799,4045315131601,1.40166666666666,1.40166666666666,300,1:1 Match,NEEDS_VERIFICATION,65,40% title; EANs differ,Different EANs - verify if rebrand
2103,B01HILDGK4,PPS FOIL PIZZA 2 PLATTERS,PPS 3 x ALUMINIUM FOIL PLATTER TRAY - 44cm x 29cm disposable foil catering serving dish,5030481930652,5030481930027,0.278333333333333,0.278333333333333,50,1:1 Match,NEEDS_VERIFICATION,75,PPS; 30% title,Verify variant
2110,B00HMDJD38,AMTECH TELESCOPIC PICKUP TOOL,Amtech S8006 3 LED telescopic torch and magnetic pick up tool,5032759005864,,0.541666666666667,0.541666666666667,100,1:1 Match,HIGHLY_LIKELY,85,AMTECH; 64% title,-
2112,B0B3X8VCQ5,SECURPAK NYLON LOCKING NUT ZINC PLATED M12 PACK OF 6,M12 Nyloc Hex Nut Locking Metal Steel Sheet Zinc Plated 12mm Nut Box of 10pcs,5019923004670,5060589914773,0.231666666666667,0.231666666666667,50,1:1 Match,NEEDS_VERIFICATION,65,55% title; EANs differ,Different EANs - verify if rebrand
2120,B09BW2TZ9N,151 SILICONE LUBRICANT SPRAY 200ML,"Silicone Lubricant Spray - 3 Pack, 200ml Each, Eliminates Squeaking & Sticking, Protects Against Cracking & Hardening",5053249215341,5053249215341,0.283333333333333,-1.9966666666666668,500,BUNDLE (3x) - LOSS,VERIFIED_FILTERED,95,Exact EAN match; 151,Requires 3 units; adjusted profit is negative
2121,B0046MHRMM,BEAUFORT SQ FOOD CONTAINER 13 LTR,Beaufort 13 Litre New SQUARE FOOD & CAKE CONTAINER WITH CLEAR SOLID LID,5014348241525,,0.505833333333334,0.505833333333334,200,1:1 Match,HIGHLY_LIKELY,85,BEAUFORT; 55% title,-
2127,B0FQK17X7F,GEL  LED CANDLE FESTIVE ROBIN,Macneil Christmas Robin LED Gel Candle,5010792542737,5010792542737,1.29583333333333,1.29583333333333,50,1:1 Match,VERIFIED,95,Exact EAN match; GEL,-
2142,B09J3T86D8,ELF ARRIVAL ENVELOPE OUTFIT,Christmas Naughty Elf Arrival Clothes - Plush Snowman Outfit,5050565795922,,0.371249999999999,0.371249999999999,50,1:1 Match,NEEDS_VERIFICATION,70,50% title; EAN missing,Verify brand on packaging
2143,B0FMS875KH,CHRISTMAS LAPTRAY  ROBINS,Cushioned Lap Tray - Christmas Robins Design,5010792542676,5010792542676,1.40458333333333,1.40458333333333,50,1:1 Match,VERIFIED,95,Exact EAN match; CHRISTMAS,-
2144,B002NH0EC2,DEKTON COPING SAW,"Eclipse Professional Tools 70-CP1R Coping Saw, Blue",5055441408651,,0.655,0.655,300,1:1 Match,NEEDS_VERIFICATION,70,41% title; EAN missing,Verify brand on packaging
2147,B00533VVB6,INCENSE STICKS SANDLEWOOD PK6,"STAMFORD INC. 37107 Sandalwood Incense Sticks, 20 Sticks x 6 Packs",5028691371075,,0.554166666666666,0.554166666666666,300,1:1 Match,NEEDS_VERIFICATION,70,40% title; EAN missing,Verify brand on packaging
2148,B008FNVJEU,KILROCK SERVICE-PRO COFFEE MACHINE DESCALER 150ML(SOLD EACH),"Kilrock Service Pro Coffee Machine Descaler & Cleaner 2 x 150ml - Suitable for both automatic and manual machines - Leaves no residue, odours or aftertaste, Black",5014353089266,,0.632083333333333,0.632083333333333,100,1:1 Match,HIGHLY_LIKELY,80,KILROCK; 49% title,-
2154,B00ABJQTPU,AMTECH TROWEL MARGIN - SOFT GRIP5X2,"Amtech G0230 150mm (6"") Pointing trowel with soft grip",5032759038138,5032759027644,0.351666666666667,0.351666666666667,50,1:1 Match,HIGHLY_LIKELY,85,AMTECH; 56% title,-
2156,B008F7YP9C,PRODEC CAULKER 12 INCH,"ProDec 12"" Flexible Caulker Blade for Fast, Efficient Application of Fillers and Caulk and Smoothing of Wallpaper",5019200117338,5019200117338,0.684999999999999,0.684999999999999,50,1:1 Match,VERIFIED,95,Exact EAN match; PRODEC,-
2160,B0FH524WXP,NUAGE BODY POWDER TALC-FREE CHERRY / WATER LILY ASSORTED  250G,"Nuage Body Powder Set - Talc-Free, Cherry Blossom and Water Lily Scents, Anti-Chafing and Moisture Absorbing - 2 Pack",5053249279756,5053249279770,0.251666666666666,-1.020333333333334,200,BUNDLE (2x) - LOSS,HIGHLY_LIKELY_FILTERED,80,NUAGE; 61% title,Requires 2 units; adjusted profit is negative
2165,B001G452AW,HEM INCENSE STICKS FRANKINCENSE,HEM Frankincense Incense Sticks | Pack of 6 Hexagonal Tubes | Hand Crafted in India | Mesmerizing Fragrance | 301g,8901810001268,,0.385416666666666,-11.374583333333334,50,BUNDLE (6x) - LOSS,HIGHLY_LIKELY_FILTERED,80,HEM; 34% title,Requires 6 units; adjusted profit is negative
2185,B00KB225MS,ELLIOTT WINDOW SQUEEGE 20CM,"Elliott Multi-Purpose Window Squeegee perfect for streak free cleaning on Windows, shower screens, cars and mirrors, Aluminium frame housing a 20cm rubber squeegee with an ergonomic Grey Handle.",5013159300353,5013159300353,0.293333333333333,0.293333333333333,200,1:1 Match,VERIFIED,95,Exact EAN match; ELLIOTT,-
2191,B01M0ENCW5,PAN AROMA PLUG-IN REFILL PURE COTTON PACK OF 2,"Febreze Ambi Pur 3Volution Air Freshener Plug-in Diffuser Refill, Odour Eliminator, Cotton Fresh, 40 ml, (20 ml x 2)",5053249264554,4084500839038,0.185,0.185,300,1:1 Match,NEEDS_VERIFICATION,65,43% title; EANs differ,Different EANs - verify if rebrand
2192,B007IGLUIK,MIRROR BLUE CANYON SQUARE PLASTIC MIRROR,Blue Canyon - 18cm Free Standing Square Mirror - White Colour - Perfect for Shaving and Applying Makeup - One Side with 2x Magnification - Double Sided Multipurpose Mirror - BA2046,5060187173633,5060187173633,0.434999999999999,0.434999999999999,100,1:1 Match,VERIFIED,95,Exact EAN match; BLUE CANYON,-
2193,B008CY80YY,CHEF AID PASTRY BRUSH 3 IN 1 CARDED,"Chef Aid Pure Bristle Pastry Brush, Beige",5012904013777,5012904088409,0.164999999999999,0.164999999999999,400,1:1 Match,HIGHLY_LIKELY,85,CHEF AID; 63% title,-
2194,B00JITIIQ2,ROLSON BALL ENDED HEX SCREWDRIVER 7PC BITS,"Rolson 51 pc Screwdriver & Bit Set (Chrome Vanadium Steel, Square, Hex, Pozidriv, Tri-winged, Stainless Steel Tweezers)",5029594303187,5029594284295,0.428333333333333,0.428333333333333,400,SPLIT (Supplier pack larger) - VERIFY separability,NEEDS_VERIFICATION,75,ROLSON; 32% title,Verify variant
2196,B07B9N5WFW,BLOOME MINI GEL BURST AIR FRESHENER 3PK,Jelly Belly 15710A 3D Gel Mini Vent Air Freshener Duo Pack-Very Cherry,5055566940548,5010555157109,0.19,0.19,300,SPLIT (Supplier pack larger) - VERIFY separability,NEEDS_VERIFICATION,65,51% title; EANs differ,Different EANs - verify if rebrand
2198,B00KBZXPRE,HEM INCENSE STICKS SANDLEWOOD,"Incense Sandalwood, 120 Sticks in a Six Pack. HEM Brand, Hand Rolled in India.",8901810016231,,0.342916666666666,0.342916666666666,100,1:1 Match,NEEDS_VERIFICATION,70,41% title; EAN missing,Verify brand on packaging
2201,B0CN8RKX3Y,PREMIER FLICKABRIGHT GLASS SPHERE CANDLE 10CM,Premier Decorations Red LED Flickabrights Wax Candle Battery Operated Christmas Decoration Xmas Festive DÃ©cor 18cm x 9cm,5053844442395,5053844283202,0.505,0.505,50,1:1 Match,HIGHLY_LIKELY,80,PREMIER; 39% title,-
2202,B00M16SQ8O,PRIMA SALT AND PEPPER SHAKER 8X4.5CM,Juvale Salt and Pepper Shakers Stainless Steel and Glass Set,5038673180298,,0.318333333333333,0.318333333333333,500,1:1 Match,NEEDS_VERIFICATION,70,52% title; EAN missing,Verify brand on packaging
2203,B001V9T690,EVERBUILD JET RAPID SET CEMENT 3KG,"Everbuild Jetcem Deep Rapid Repair Sand and Cement, Grey, 6 kg",5010618043103,,0.574999999999999,0.574999999999999,50,1:1 Match,HIGHLY_LIKELY,85,EVERBUILD; 64% title,-
2209,B074V9468X,WHAM CRYSTAL 32LTR CLEAR UNDERBED BOX&LID,"Wham Clear Plastic Storage Box Boxes With Lids Home Office Stackable Nestable, 32L Underbed, Set of 3",5038135108600,5038135108600,0.548333333333334,0.548333333333334,50,1:1 Match,VERIFIED,95,Exact EAN match; WHAM,-
2210,B0DCGDS6Y5,ADDIS CLIP TIGHT RECTANGLE FOOD BOX 550ML,"Addis Clip Tight Food Storage Container Large 4.2 Litre Tall Rectangle Airtight Silicone Seal Containers Bpa Free Easy Locking Lid Clips, Clear Transparent",5010303185965,,0.236249999999999,0.236249999999999,300,1:1 Match,NEEDS_VERIFICATION,75,ADDIS; 33% title,Verify variant
2215,B0D8QFWZ7N,MEMORIAL PLASTIC SPIKE SPECIAL MUM & DAD,Mum And Dad - Plastic Spike Memorial Grave Vase With Butterfly Decoration,5055361711091,5056699407144,0.251666666666667,0.251666666666667,50,1:1 Match,NEEDS_VERIFICATION,65,47% title; EANs differ,Different EANs - verify if rebrand
2221,B0D59HCW1X,HAPPY BIRTHDAY BANNER,"Happy Birthday Banner and Decoration - Blue Balloons, Ribbons and Banners for Party Supplies",5060082940637,,0.147916666666666,0.147916666666666,600,1:1 Match,HIGHLY_LIKELY,80,HAPPY; 37% title,-
2228,B077G5PTRK,THE BIG CHEESE QUICK CLICK MOUSE TRAP 2PK,"The Big Cheese Quick Click Mouse Trap - Twinpack, Kills Mice, Baited and Ready-To-Use, Easy Clean and Disposal, Plastic, Indoor and Outdoor Use, White",5036200121479,5036200121479,0.271666666666667,0.271666666666667,50,SPLIT (Supplier pack larger) - VERIFY separability,VERIFIED,95,Exact EAN match; THE,-
2236,B01HILDGK4,PPS FOIL ROASTING 3 DISHES,PPS 3 x ALUMINIUM FOIL PLATTER TRAY - 44cm x 29cm disposable foil catering serving dish,5030481930126,5030481930027,0.168333333333333,0.168333333333333,50,1:1 Match,HIGHLY_LIKELY,80,PPS; 38% title,-
2241,B07Q344HQ8,THE CHRISTMAS WORKSHOP SHATTERPROOF BAUBLES SILVER PACK OF 50,"Victor's Workshop 70pcs Shatterproof Christmas Baubles Pack, Frozen Winter Silver and White Christmas Ball Ornaments for Tree Decoration",5025301721893,,0.671666666666666,0.671666666666666,300,1:1 Match,NEEDS_VERIFICATION,70,47% title; EAN missing,Verify brand on packaging
2247,B0B8T9L8RY,SMART CHOICE CANVAS PLUSH/ROPE DOG TOY,"Smart Choice Dog Toy Box, Grey",5052516214421,,0.359583333333333,0.359583333333333,100,1:1 Match,HIGHLY_LIKELY,85,SMART; 58% title,-
2248,B07MC8YD65,MASTERCLASS SALT/PAPPER MILL BLACK,"MasterClass Pepper Mill or Salt Grinder with Interchangeable Cap, Black, 17cm",5028250807854,5028250807861,0.421666666666667,0.421666666666667,100,1:1 Match,HIGHLY_LIKELY,85,MASTERCLASS; 50% title,-
2250,B08CL4DF7G,VIVID BIN FRESHENER PK2,Vivid 6 x Bin Freshener Smelling FRESH Dustbins Swing Pedal Air Fragrance UK FREE P&P,5056170328951,5060740871150,0.138333333333334,0.138333333333334,100,1:1 Match,HIGHLY_LIKELY,80,VIVID; 40% title,-
2256,B01MZHIBA9,FALCON ENAMEL ROASTER ROUND 20CM,"Barmans BYX0B0A6289 Enamel Roaster with Lid, White, 20cm",5012823030039,,0.855000000000001,0.855000000000001,50,1:1 Match,NEEDS_VERIFICATION,70,54% title; EAN missing,Verify brand on packaging
2258,B0B5V4C96Q,WHAM CRYSTAL CD BOX CLEAR,Wham Pack 5 Crystal 17L Box & Lid Clear,5038135113208,5057604505344,0.348333333333334,0.348333333333334,50,1:1 Match,HIGHLY_LIKELY,85,WHAM; 71% title,-
2263,B000OTPWNC,ASHLEY CASH BOX 4.5 INCH,Ashley - Metal Cash Box - 20.5cm - Red,5017403013167,5017403013181,0.308333333333333,0.308333333333333,100,1:1 Match,HIGHLY_LIKELY,85,ASHLEY; 61% title,-
2266,B0001IWLMG,KINGFISHER 30M REINFORCED HOSE PIPE,Faithfull 30M (98ft) Reinforced Hose 12.7 mm (1/2 Inch) Diameter â€“ PVC Garden Hose Pipe,5029375030325,5023969206691,0.803333333333335,0.803333333333335,100,1:1 Match,NEEDS_VERIFICATION,65,43% title; EANs differ,Different EANs - verify if rebrand
2267,B099X92QGG,ELLIOTTS GLASS SPRAY BOTTLE BROWN480ML,"Elliott 480ml Brown Glass Spray Bottle, Manufactured from Recycled Glass and featuring a locking trigger action spray Mechanism, Ideal for use for Cleaning, Watering Plants and many other uses",5013159004428,5013159004428,0.218333333333333,0.218333333333333,100,1:1 Match,VERIFIED,95,Exact EAN match; ELLIOTT,-
2273,B082Q34WLQ,BAKER & SALT LOOSE CASE CAKE TIN 23CM,Baker & Salt Loose Based Round Cake Tin Deep - 09inch,5038135559808,,0.404583333333332,0.404583333333332,50,1:1 Match,HIGHLY_LIKELY,85,BAKER; 73% title,-
2282,B00UVJ1RO8,ALUMINIUM TORCH 9 LED ASSORTED EACH,"Rolson 61693 9 LED Aluminium Torch, Assorted Colours",6923456787261,5029594616935,0.0899999999999995,0.0899999999999995,50,1:1 Match,NEEDS_VERIFICATION,65,59% title; EANs differ,Different EANs - verify if rebrand
2283,B004GY24EQ,AMTECH BOX SPANNER /TOMMY BAR,Amtech K1150 6 Piece Tubular Box Spanner Set with Tommy bar,5032759049905,,0.207083333333334,0.207083333333334,50,1:1 Match,HIGHLY_LIKELY,85,AMTECH; 63% title,-
2285,B07YQ7BSR4,LAV TUMBLER 3PCS,Lav Sude Tumbler Glass Set. Drinking Glasses. Pack of 6. 315 cc.,8692952202568,5056057687577,0.238333333333333,-3.025666666666667,400,BUNDLE (2x) - LOSS,HIGHLY_LIKELY_FILTERED,80,LAV; 35% title,Requires 2 units; adjusted profit is negative
2290,B0FG23ZTX7,EXTRASTAR EXTENSION LEAD 2 GANG 2M WHITE,"EXTRASTAR 2 Gang Extension Lead, 2 Metre Extension Cable, Double Plug Socket 13A Fused Power Strip White",,5060999035297,0.248333333333333,0.248333333333333,50,1:1 Match,HIGHLY_LIKELY,85,EXTRASTAR; 50% title,-
2291,B0CPJNHF1R,COOKER HOOD FILTER CHARCOAL,"Cooker Hood Filter Kit 3Pack - 2 Grease Filters for Cooker Hood and 1 Carbon Filter Extractor Fan, Cut to Size Extractor Fan Filters for Fresh, Odour-Free Cooking â€“ Made in Germany",5030017021557,5065007284087,0.316666666666668,-9.235333333333331,500,BUNDLE (3x) - LOSS,HIGHLY_LIKELY_FILTERED,80,COOKER; 24% title,Requires 3 units; adjusted profit is negative
2296,B07FTPQ29C,MIRACLE MICROWAVE STEAM CLEANER,4X Microwave Steam Cleaning Packs Fast Acting Degreaser Fat Stain Remover Cleaner,5050565906960,5057502414137,0.0899999999999995,0.0899999999999995,100,1:1 Match,NEEDS_VERIFICATION,65,42% title; EANs differ,Different EANs - verify if rebrand
2301,B001TIXOUK,VRIYA INCENSE STICKS VANILLA HEXA INCENSE HEXA  PK6,"STAMFORD INC. 37121 Vanilla Incense Sticks, 20 Sticks x 6 Packs",8906093633267,,0.127083333333333,0.127083333333333,100,1:1 Match,NEEDS_VERIFICATION,70,45% title; EAN missing,Verify brand on packaging
2309,B01N7UCP9P,HAPPY 8TH BIRTHDAY BANNER PINK 9FT,Oaktree UK 9ft Banner Happy 8th Birthday Pink,0011179859658,5055370624405,0.0699999999999999,0.0699999999999999,50,1:1 Match,NEEDS_VERIFICATION,65,58% title; EANs differ,Different EANs - verify if rebrand
2310,B01N7UCP9P,HAPPY 8TH BIRTHDAY BANNER 9FT,Oaktree UK 9ft Banner Happy 8th Birthday Pink,0011179859795,5055370624405,0.0699999999999999,0.0699999999999999,50,1:1 Match,NEEDS_VERIFICATION,65,54% title; EANs differ,Different EANs - verify if rebrand
2311,B0815B7FBY,HARRIS PUTTY KNIFE,Harris Seriously Good Putty Knife,5056287402902,,0.134166666666667,0.134166666666667,50,1:1 Match,HIGHLY_LIKELY,85,HARRIS; 70% title,-
2317,B001326TJA,EVERBUILD ONE STRIKE FILLER 250ML,Everbuild â€“ One Strike â€“ Multi-Purpose Quick-Drying Filler â€“ One-Time Application â€“ White â€“ 1 Litre Tub,5029347300029,,0.151666666666667,0.151666666666667,500,1:1 Match,HIGHLY_LIKELY,80,EVERBUILD; 41% title,-
2326,B008F6946C,BLUE CANYON VECTOR SHOWER SPRAY,Blue Canyon Vector Double Tap Shower Spray| Bathroom Accessory| Premium Shower Attachment for Bath taps| Push-on-Fitting| Suitable for Round & Oval Taps| Shower Head for Bathroom| ~1.5 Meters| (White),5060187175750,5060187175750,0.198333333333333,0.198333333333333,500,1:1 Match,VERIFIED,95,Exact EAN match; BLUE CANYON,-
2328,B005HNXFJS,SISTEMA TO GO BREAKFAST BOX,"Sistema Klip It Colour Accents Breakfast To Go Container, Assorted Colours, One Only Supplied",9414202213556,,0.177916666666666,0.177916666666666,100,1:1 Match,HIGHLY_LIKELY,80,SISTEMA; 38% title,-
2331,B0BN8J4WLM,PYREX BUTTERFLY RECTANGULAR DISH SET OF 2,Pyrex - Set of 3 Rectangular Oven Dishes - Ideal for 2 to 6 People - 3 Sizes - Borosilicate Glass - Wide Handles - Extreme Resistance - Dishwasher Safe - Made in France,3426470299985,,0.588333333333333,0.588333333333333,400,1:1 Match,NEEDS_VERIFICATION,75,PYREX; 30% title,Verify variant
2337,B093H2DHHF,TREAT AND EASE EYE MIST SPRAY,Eye Mist Eyelid Spray for Refreshing Soothing Relief Dry Tired Irritated Itch Sore Eyes 15ml,5056175904327,5056175904327,0.061666666666667,0.061666666666667,100,1:1 Match,VERIFIED,95,Exact EAN match; TREAT,-
2340,B09QK4445T,RYSONS KITCHEN FRIDGE/FREEZER THERMOMETER,RYSON 2 Pack Fridge & Freezer Thermometer Kitchen Tool REFRIGERATORS Temperature Coloured,5056239417244,5056239417244,0.0583333333333332,-0.9496666666666668,50,BUNDLE (2x) - LOSS,VERIFIED_FILTERED,95,Exact EAN match; RYSONS,Requires 2 units; adjusted profit is negative
2342,B00VHWXWOG,KILROCK PLUGHOLE FRESHENER CITRUS FRESH 500ML(SOLD EACH),"Kilrock Plughole Unblocker Bathroom 500ml 2 Pack - Fast-Acting Drain Unblocker for Showers, Baths & Sinks â€“ Removes Hair, Sludge & Soap Scum â€“ Clears Blockages & Restores Fast Flow",5014353092389,,0.115416666666666,-2.560583333333334,50,BUNDLE (2x) - LOSS,HIGHLY_LIKELY_FILTERED,80,KILROCK; 29% title,Requires 2 units; adjusted profit is negative
2346,B000TAU3QW,CHEF AID STRAINER DIAMETER 18CM,"Chef Aid 18cm Long Handled Metal Sieve, Kitchen Essential Tool and Ideal for Straining, draining, Washing and Wide Range of Foods, with a fine mesh for Ease of use",5012904004188,5012904004188,0.0833333333333337,0.0833333333333337,200,1:1 Match,VERIFIED,95,Exact EAN match; CHEF AID,-
2350,B06X6JYSS5,APOLLO RB CUTTING BOARD 30X20,"Apollo 3245 RB Bread Board 30cm Round, Multi-Colour, 30x1.8x30",5026180059459,5026180032452,0.158333333333333,-130.34166666666667,100,BUNDLE (30x) - LOSS,HIGHLY_LIKELY_FILTERED,80,APOLLO; 46% title,Requires 30 units; adjusted profit is negative
2353,B01H2SZRS2,WHAM CRYSTAL 80LTR CLEAR BOX & LID,CRYSTAL 80L BOX & LID CLEAR 11315,5038135113154,,0.232916666666666,0.232916666666666,100,1:1 Match,NEEDS_VERIFICATION,70,62% title; EAN missing,Verify brand on packaging
2356,B0CPQMX5YR,EASY SPRAY 4IN1 MULTI PURPOSE CLEANER 750ML PK6,"Astonish Special Aromatic Edition Multi-Purpose Anti-Bacterial Surface Cleanser Spray, Pomegranate and Raspberry Scent, 12 X 750ml",5000185028788,,0.181666666666664,0.181666666666664,300,1:1 Match,NEEDS_VERIFICATION,70,41% title; EAN missing,Verify brand on packaging
2359,B00W3RVAG6,MASON CASH CERAMIC RECT DISH 16cm,"Mason Cash 2001.542 Collection Fine Stoneware Square Roasting Baking and Serving Dish, Ceramic, White, 16 x 16 x 4.5 cm",5010853203508,5010853203508,0.101666666666666,0.101666666666666,50,1:1 Match,VERIFIED,95,Exact EAN match; MASON CASH,-
2360,B0781HGQPM,COOKHOUSE WASHING UP BRUSH ROUND,Lakeland Tough Scrub Washing Up Brush â€“ Scraper For Baked-On Foods Non-Stick Friendly,5015302427924,5052775258358,0.0416666666666669,0.0416666666666669,300,1:1 Match,NEEDS_VERIFICATION,65,43% title; EANs differ,Different EANs - verify if rebrand
2361,B0BYKDX25N,FAIRY MAX POWER SOAP DISPENSING DISH BRUSH,Fairy Soap Dispensing Dish Brush,5010303194387,5010303180588,0.0550000000000003,0.0550000000000003,50,1:1 Match,HIGHLY_LIKELY,85,FAIRY; 86% title,-
2367,B01LCYXS24,PYREX ESSENTIALS CASSEROLE OVAL 4.1LTR,"Pyrex Essentials Glass oval Casserole high resistance, 3 L",3426470268684,,0.213750000000001,0.213750000000001,100,1:1 Match,HIGHLY_LIKELY,85,PYREX; 60% title,-
2374,B09NCVWKD6,DETTOL POWER & PURE KITCHEN 750ML PK6,"Dettol Power and Pure Kitchen Cleaner Spray 1 Litre, Pack of 4",5011417788776,5011417584200,0.186666666666668,-34.04933333333303,50,BUNDLE (4x) - LOSS,HIGHLY_LIKELY_FILTERED,80,DETTOL; 62% title,Requires 4 units; adjusted profit is negative
2377,B07YPPK4JY,FIRE UP NATURAL FIRELIGHTERS 28 PACK,"Fireglow Firelighters 24 Pack, White",5022704000013,5022704000013,0.0216666666666669,0.0216666666666669,100,SPLIT (Supplier pack larger) - VERIFY separability,VERIFIED,95,Exact EAN match; FIRE,-
2378,B00M36YPIM,CHEF AID SHOT GLASSES ASSORTED 20PCE,"Chef Aid Multi-Coloured Plastic Shot Glasses, Pack of 20 Reusable 30ml Party Cups, Bright, Colourful Drinking Glasses for Shots, Cocktails and Celebrations",5012904148738,5012904148738,0.0300000000000009,-33.257999999999996,600,BUNDLE (20x) - LOSS,VERIFIED_FILTERED,95,Exact EAN match; CHEF AID,Requires 20 units; adjusted profit is negative
2379,B08X1MMG5J,WHAM MEASURING JUG 2LTR,"Wham Cuisine 2L Clear Measuring Jug,JNS_453403",5038135320255,,0.0179166666666669,0.0179166666666669,100,1:1 Match,HIGHLY_LIKELY,85,WHAM; 52% title,-
2383,B096KRFC4W,MEMORIAL WATERPROOF GRAVESIDE LANTERN WITH ROBIN SOMEONE SPECIAL,Waterproof Robin Memorial Graveside Lantern with LED Candle (Someone Special),5055361761119,5055361761119,0.0783333333333329,0.0783333333333329,50,1:1 Match,VERIFIED,95,Exact EAN match; MEMORIAL,-
2385,B08CVK7746,STATUS 3WAY BASIC C/FREE SOCKET WHT 1PK CLAM,STATUS 2 Way Socket | 2 USB Port Cable Free Socket | S2W2USBCFS12,5022822194984,5022822207776,0.0400000000000002,0.0400000000000002,200,1:1 Match,HIGHLY_LIKELY,85,STATUS; 51% title,-
2389,B0013IUIPA,PRICE & KENSINGTON 2 CUP TEAPOT MATT NAVY,Price & Kensington Black 6 Cup Teapot,5010853210520,5010853110851,0.0466666666666657,0.0466666666666657,100,1:1 Match,HIGHLY_LIKELY,85,PRICE; 76% title,-
2391,B000QFCQ6U,ROLSON CHALK LINE AND LAYOUT SET 3PCE,Rolson 52537 3 pc Chalk Line Set,5029594525374,,0.0233333333333336,0.0233333333333336,50,1:1 Match,HIGHLY_LIKELY,85,ROLSON; 60% title,-
2392,B07JD22MJ2,GLASS WHISKEY DECANTER,alpina Whiskey Decanter and Caraf,8711252100531,8711252100531,0.0183333333333328,0.0183333333333328,200,1:1 Match,VERIFIED,95,Exact EAN match; GLASS,-
2396,B08P8GS8XP,WHAM CRYSTAL 160LTR CLEAR BOX & LID,"Wham Pack of 2 Crystal Storage Boxes with Lids, Plastic, 80L, Clear, 80L, Made in UK, Rectangular Storage Boxes 60 x 40 x 42cm",5038135120701,9876553862614,0.0504166666666676,-16.065583333333333,300,BUNDLE (2x) - LOSS,HIGHLY_LIKELY_FILTERED,80,WHAM; 33% title,Requires 2 units; adjusted profit is negative
2400,B0B8T9L8RY,SMART CHOICE TYRE RING DOG TOY,"Smart Choice Dog Toy Box, Grey",5052516201520,5052516213103,0.00833333333333308,0.00833333333333308,100,1:1 Match,HIGHLY_LIKELY,85,SMART; 66% title,-
2402,B0CQ4VX6Z5,FLOW FLOOR & SURFACE CLEANER 5L EACH,Flow Lemon Floor & Surface All Purpose Cleaner | Concentrate Formula | Interior & Exterior | Safe On All Surfaces (5 Litre),5061029210899,,0.000833333333333241,0.000833333333333241,50,1:1 Match,HIGHLY_LIKELY,80,FLOW; 41% title,-
