SupplierTitle,AmazonTitle,EAN,EAN_OnPage,ASIN,SupplierPrice_incVAT,SellingPrice_incVAT,NetProfit,ROI,bought_in_past_month,amazon_sales_badge,sales_value,tier,confidence_score,flags,reasons,ean_exact_match,SupplierURL,AmazonURL,fba_seller_count,Category,_row_id,tier,confidence_score,reasons,flags,ean_exact_match,title_similarity,shared_tokens
MUNCH CRUNCH SERRANO HAM/TURKEY TREAT,Munch & Crunch Serrano Ham Bone Large Treats For Dogs x 18 Bones,5.05325E+12,,B0CVQP7XXD,1.212,25.49,14.08541667,902.9113248,50,50,50,TIER_3_NEEDS_REVIEW,30,AMAZON_EAN_MISSING | EXTREME_PRICE_RATIO,"Supplier EAN present, Amazon EAN missing | Strong title match (sim=0.65, shared=4) | Brand match: munch | Price ratio 21.0x - likely mismatch",False,https://www.efghousewares.co.uk/munch-crunch-serrano-ham-turkey-treat,https://www.amazon.co.uk/dp/B0CVQP7XXD,,Munch Crunch Serrano Ham Turkey Treat,590,TIER_3_NEEDS_REVIEW,30,"Supplier EAN present, Amazon EAN missing | Strong title match (sim=0.65, shared=4) | Brand match: munch | Price ratio 21.0x - likely mismatch",AMAZON_EAN_MISSING | EXTREME_PRICE_RATIO,False,0.646,4
WHAM BEEHIVE ROUND POT NAVY 40CM,Wham Set 4 Beehive 40cm Round Plastic Pot Cement Grey,5.0576E+12,,B0B68VSJ43,2.424,18.69,8.25875,321.3521401,,,0,TIER_3_NEEDS_REVIEW,30,AMAZON_EAN_MISSING,"Supplier EAN present, Amazon EAN missing | Moderate title match (sim=0.59, shared=5) | Brand match: wham",False,https://www.efghousewares.co.uk/wham-beehive-round-pot-navy-40cm-119091,https://www.amazon.co.uk/dp/B0B68VSJ43,,Wham Beehive Round Pot Navy 40Cm 119091,591,TIER_3_NEEDS_REVIEW,30,"Supplier EAN present, Amazon EAN missing | Moderate title match (sim=0.59, shared=5) | Brand match: wham",AMAZON_EAN_MISSING,False,0.588,5
LUSCIOUS ROSE EDT 85ML POUR FEMME EACH,Luscious Rose Womens Perfume e85ml Giftset Eau de Perfume Pour Homme Xmas Gift,5.05517E+12,,B00F4L6EI2,1.344,8.99,2.287916667,137.000998,,,0,TIER_3_NEEDS_REVIEW,30,AMAZON_EAN_MISSING,"Supplier EAN present, Amazon EAN missing | Moderate title match (sim=0.53, shared=3) | Brand match: luscious",False,https://www.efghousewares.co.uk/luscious-rose-edt-85ml-pour-femme-each-110142,https://www.amazon.co.uk/dp/B00F4L6EI2,,Luscious Rose Edt 85Ml Pour Femme Each 110142,592,TIER_3_NEEDS_REVIEW,30,"Supplier EAN present, Amazon EAN missing | Moderate title match (sim=0.53, shared=3) | Brand match: luscious",AMAZON_EAN_MISSING,False,0.534,3
KINGAVON 5W ELECTRONIC INSECT KILLER WHITE,"Kingavon BB-IK112 Electrical Insect Killer, Silver, 28x8x26.5 cm",5.0174E+12,,B003YLS96Y,6.924,22.99,7.554583333,119.5345464,,,0,TIER_3_NEEDS_REVIEW,30,AMAZON_EAN_MISSING,"Supplier EAN present, Amazon EAN missing | Moderate title match (sim=0.69, shared=3) | Brand match: kingavon",False,https://www.efghousewares.co.uk/kingavon-5w-electronic-insect-killer-white-122012,https://www.amazon.co.uk/dp/B003YLS96Y,,Kingavon 5W Electronic Insect Killer White 122012,593,TIER_3_NEEDS_REVIEW,30,"Supplier EAN present, Amazon EAN missing | Moderate title match (sim=0.69, shared=3) | Brand match: kingavon",AMAZON_EAN_MISSING,False,0.686,3
CASA & CASA CLASSICO STAINLESS STEEL SINK ORGANISER WITH TRAY,"Casa & Casa Classico Stainless Steel Kitchen Sink Organiser with Tray, Caddy Sponge Holder, Tidy Utensil Holder, Drains Water for Kitchen & Bathroom, Fingerprint-Proof Coating, Sink Area Organiser",5.0563E+12,,B09ZLK8PYB,6.852,12.96,0.51,8.146964856,,,0,TIER_3_NEEDS_REVIEW,30,AMAZON_EAN_MISSING,"Supplier EAN present, Amazon EAN missing | Moderate title match (sim=0.48, shared=7) | Brand match: casa",False,https://www.efghousewares.co.uk/casa-casa-classico-stainless-steel-sink-organiser-with-tray-121307,https://www.amazon.co.uk/dp/B09ZLK8PYB,,Casa Casa Classico Stainless Steel Sink Organiser With Tray 121307,594,TIER_3_NEEDS_REVIEW,30,"Supplier EAN present, Amazon EAN missing | Moderate title match (sim=0.48, shared=7) | Brand match: casa",AMAZON_EAN_MISSING,False,0.484,7
ULTRATAPE D/S SIDED CARPET 50MM,UltraTape 50MM X 10M White Double Sided PP Tape - Economy Grade,5.02779E+12,,B01H2SLS58,1.14,5.98,0.053333333,3.555555556,,,0,TIER_3_NEEDS_REVIEW,30,AMAZON_EAN_MISSING,"Supplier EAN present, Amazon EAN missing | Moderate title match (sim=0.50, shared=3) | Brand match: ultratape",False,https://www.efghousewares.co.uk/ultratape-d-s-sided-carpet-50mm,https://www.amazon.co.uk/dp/B01H2SLS58,Available (see Keepa data),Ultratape D S Sided Carpet 50Mm,595,TIER_3_NEEDS_REVIEW,30,"Supplier EAN present, Amazon EAN missing | Moderate title match (sim=0.50, shared=3) | Brand match: ultratape",AMAZON_EAN_MISSING,False,0.5,3
ANTIQUAX CHAND CRYSTAL CLEANER,Antiquax Chandelier & Crystal Cleaner 500ml,5.01181E+12,,B000TASMHO,7.728,11.49,-1.26125,-18.04363376,,,0,TIER_3_NEEDS_REVIEW,30,AMAZON_EAN_MISSING | UNPROFITABLE,"Supplier EAN present, Amazon EAN missing | Moderate title match (sim=0.83, shared=3) | Brand match: antiquax",False,https://www.efghousewares.co.uk/antiquax-chand-crystal-cleaner,https://www.amazon.co.uk/dp/B000TASMHO,,Antiquax Chand Crystal Cleaner,596,TIER_3_NEEDS_REVIEW,30,"Supplier EAN present, Amazon EAN missing | Moderate title match (sim=0.83, shared=3) | Brand match: antiquax",AMAZON_EAN_MISSING | UNPROFITABLE,False,0.833,3
THE BIG CHEESE ANTI MOUSE REPELLENT BATTERY POWERED,"The Big Cheese Mouse Out Battery Powered Mouse Repellent - Portable Ultrasonic Rodent Deterrent - Long-Lasting 3 Month Protection – Safe for People & Pets - Ideal for Attics, Sheds, Garages",5.0362E+12,,B07XJVJRK2,7.392,10.99,-1.335416667,-19.90188773,200,200,200,TIER_3_NEEDS_REVIEW,30,AMAZON_EAN_MISSING | UNPROFITABLE,"Supplier EAN present, Amazon EAN missing | Moderate title match (sim=0.35, shared=6) | Brand match: the",False,https://www.efghousewares.co.uk/stv-anti-mouse-repellent-battery-powered,https://www.amazon.co.uk/dp/B07XJVJRK2,,Stv Anti Mouse Repellent Battery Powered,597,TIER_3_NEEDS_REVIEW,30,"Supplier EAN present, Amazon EAN missing | Moderate title match (sim=0.35, shared=6) | Brand match: the",AMAZON_EAN_MISSING | UNPROFITABLE,False,0.353,6
PYREX 0.8LTR RECTANGULAR DISH & LID ( PM),Pyrex 1041511 Multi-Purpose Rectangular Mould with Lid 0.8 Litres Glass Transparent 19 x 14 x 4 cm,3.13761E+12,,B000KGCO30,3.96,8.43,-1.145,-29.74025974,100,100,100,TIER_3_NEEDS_REVIEW,30,AMAZON_EAN_MISSING | UNPROFITABLE,"Supplier EAN present, Amazon EAN missing | Moderate title match (sim=0.51, shared=3) | Brand match: pyrex",False,https://www.efghousewares.co.uk/pyrex-0-8ltr-rectangular-dish-lid-pm-,https://www.amazon.co.uk/dp/B000KGCO30,,Pyrex 0 8Ltr Rectangular Dish Lid Pm ,598,TIER_3_NEEDS_REVIEW,30,"Supplier EAN present, Amazon EAN missing | Moderate title match (sim=0.51, shared=3) | Brand match: pyrex",AMAZON_EAN_MISSING | UNPROFITABLE,False,0.511,3
UNIBOND ANTI-MOULD KITCHEN & BATHROOM SEALANT WHITE,"UniBond Anti-Mould White, Waterproof Mould Protection, Long-lasting White Silicone Sealant for Kitchen & Bathroom, Powerful Bath Sealant, 1 x 274g Cartridge",4.015E+12,,B01G3OCFVI,6.252,9,-1.795,-31.16319444,,,0,TIER_3_NEEDS_REVIEW,30,AMAZON_EAN_MISSING | UNPROFITABLE,"Supplier EAN present, Amazon EAN missing | Moderate title match (sim=0.46, shared=7) | Brand match: unibond",False,https://www.efghousewares.co.uk/unibond-anti-mould-kitchen-bath-white,https://www.amazon.co.uk/dp/B01G3OCFVI,,Unibond Anti Mould Kitchen Bath White,599,TIER_3_NEEDS_REVIEW,30,"Supplier EAN present, Amazon EAN missing | Moderate title match (sim=0.46, shared=7) | Brand match: unibond",AMAZON_EAN_MISSING | UNPROFITABLE,False,0.465,7
RUSTINS WOOD DYE WALNUT 250ML,Rustins Wood Paint Walnut 250 ml,5.01533E+12,,B004E51JXY,7.0128,8.99,-2.822333333,-44.1403399,100,100,100,TIER_3_NEEDS_REVIEW,30,AMAZON_EAN_MISSING | UNPROFITABLE,"Supplier EAN present, Amazon EAN missing | Moderate title match (sim=0.85, shared=3) | Brand match: rustins",False,https://www.efghousewares.co.uk/rustins-wood-dye-walnut-250ml,https://www.amazon.co.uk/dp/B004E51JXY,,Other,600,TIER_3_NEEDS_REVIEW,30,"Supplier EAN present, Amazon EAN missing | Moderate title match (sim=0.85, shared=3) | Brand match: rustins",AMAZON_EAN_MISSING | UNPROFITABLE,False,0.852,3
ADDIS HAND BRUSH STIFF SILVER,"Addis Hand Brush with Stiff Bristles and an Extra-Sturdy Handle, Metallic Silver, 1,319236",5.0103E+12,,B000TAR90A,3.5424,5.1,-2.2995,-65.66247858,100,100,100,TIER_3_NEEDS_REVIEW,30,AMAZON_EAN_MISSING | UNPROFITABLE,"Supplier EAN present, Amazon EAN missing | Moderate title match (sim=0.50, shared=5) | Brand match: addis",False,https://www.efghousewares.co.uk/addis-hand-brush-stiff-silver-122537,https://www.amazon.co.uk/dp/B000TAR90A,,Other,601,TIER_3_NEEDS_REVIEW,30,"Supplier EAN present, Amazon EAN missing | Moderate title match (sim=0.50, shared=5) | Brand match: addis",AMAZON_EAN_MISSING | UNPROFITABLE,False,0.504,5
TALA STAINLESS STEEL SPATULA,Tala Stainless Steel Palette Knife,5.0129E+12,,B0052DFBEA,2.424,3.29,-1.838333333,-71.5304799,500,500,500,TIER_3_NEEDS_REVIEW,30,AMAZON_EAN_MISSING | UNPROFITABLE,"Supplier EAN present, Amazon EAN missing | Moderate title match (sim=0.77, shared=3) | Brand match: tala",False,https://www.efghousewares.co.uk/tala-s-s-spatula-9356,https://www.amazon.co.uk/dp/B0052DFBEA,Available (see Keepa data),Tala S S Spatula 9356,602,TIER_3_NEEDS_REVIEW,30,"Supplier EAN present, Amazon EAN missing | Moderate title match (sim=0.77, shared=3) | Brand match: tala",AMAZON_EAN_MISSING | UNPROFITABLE,False,0.774,3
LORD SHERATON CARETAKER POLISH 300ML,Lord Sheraton Caretaker Furniture Polish 300ml - Revitalize and Protect Your Furniture,5.00033E+12,,B006KSW56I,2.94,4.99,-2.241666667,-74.72222222,100,100,100,TIER_3_NEEDS_REVIEW,30,AMAZON_EAN_MISSING | UNPROFITABLE,"Supplier EAN present, Amazon EAN missing | Moderate title match (sim=0.60, shared=5) | Brand match: lord",False,https://www.efghousewares.co.uk/lord-sheraton-caretaker-polish-300ml,https://www.amazon.co.uk/dp/B006KSW56I,,Lord Sheraton Caretaker Polish 300Ml,603,TIER_3_NEEDS_REVIEW,30,"Supplier EAN present, Amazon EAN missing | Moderate title match (sim=0.60, shared=5) | Brand match: lord",AMAZON_EAN_MISSING | UNPROFITABLE,False,0.595,5
UNIBOND NO MORE NAILS ORIGINAL TUBE 175G,"UniBond No More Nails Original, Heavy-Duty Mounting Adhesive, No Nails Strong Glue for Wood, Ceramic, Metal & More, White instant Grab Adhesive, 1 x 234g Tube",5.01038E+12,,B013XCFO6G,3.492,3.99,-3.04375,-87.96965318,,,0,TIER_3_NEEDS_REVIEW,30,AMAZON_EAN_MISSING | UNPROFITABLE,"Supplier EAN present, Amazon EAN missing | Moderate title match (sim=0.37, shared=5) | Brand match: unibond",False,https://www.efghousewares.co.uk/unibond-no-more-nails-interior-tube,https://www.amazon.co.uk/dp/B013XCFO6G,,Unibond No More Nails Interior Tube,604,TIER_3_NEEDS_REVIEW,30,"Supplier EAN present, Amazon EAN missing | Moderate title match (sim=0.37, shared=5) | Brand match: unibond",AMAZON_EAN_MISSING | UNPROFITABLE,False,0.368,5
MASTERPLAST RUB HEAT MASSAGING CREAM,"Masterplast Heat Rub | Massaging Cream, for Muscular Aches, Pains and Discomfort, 70G",5.05038E+12,,B00B7JAMOC,1.14,3.57,-1.38125,-92.08333333,50,50,50,TIER_3_NEEDS_REVIEW,30,AMAZON_EAN_MISSING | UNPROFITABLE,"Supplier EAN present, Amazon EAN missing | Moderate title match (sim=0.55, shared=5) | Brand match: masterplast",False,https://www.efghousewares.co.uk/masterplast-rub-heat-massaging-cream,https://www.amazon.co.uk/dp/B00B7JAMOC,,Masterplast Rub Heat Massaging Cream,605,TIER_3_NEEDS_REVIEW,30,"Supplier EAN present, Amazon EAN missing | Moderate title match (sim=0.55, shared=5) | Brand match: masterplast",AMAZON_EAN_MISSING | UNPROFITABLE,False,0.547,5
KORBOND THREADED NEEDLE KIT 10PCS,Korbond Threaded Needle Kit- Emergency Clothing Repairs and Alteration Kit - Sewing Needles with 9 Colours + Safety Pins + Button,5.02744E+12,,B007MCRZES,1.32,2,-1.693333333,-102.6262626,50,50,50,TIER_3_NEEDS_REVIEW,30,AMAZON_EAN_MISSING | UNPROFITABLE,"Supplier EAN present, Amazon EAN missing | Moderate title match (sim=0.39, shared=4) | Brand match: korbond",False,https://www.efghousewares.co.uk/korbond-threaded-needle-kit-10pcs,https://www.amazon.co.uk/dp/B007MCRZES,,Korbond Threaded Needle Kit 10Pcs,606,TIER_3_NEEDS_REVIEW,30,"Supplier EAN present, Amazon EAN missing | Moderate title match (sim=0.39, shared=4) | Brand match: korbond",AMAZON_EAN_MISSING | UNPROFITABLE,False,0.392,4
JUST STATIONERY ELASTIC BANDS ORIGINAL 100GM,"Just Stationery Assorted Size Original Rubber Elastic Band, Brown (Pack of 1, 100g)",5.01392E+12,,B004JNICGS,0.852,3.65,-1.418333333,-112.5661376,300,300,300,TIER_3_NEEDS_REVIEW,30,AMAZON_EAN_MISSING | UNPROFITABLE,"Supplier EAN present, Amazon EAN missing | Moderate title match (sim=0.57, shared=4) | Brand match: just",False,https://www.efghousewares.co.uk/just-stationery-elastic-bands-original-100gm,https://www.amazon.co.uk/dp/B004JNICGS,Available (see Keepa data),Just Stationery Elastic Bands Original 100Gm,607,TIER_3_NEEDS_REVIEW,30,"Supplier EAN present, Amazon EAN missing | Moderate title match (sim=0.57, shared=4) | Brand match: just",AMAZON_EAN_MISSING | UNPROFITABLE,False,0.569,4
TABLEAU DRY LUBE 200ML,Tableau Dry Lube 200ml,5.01184E+12,5.02184E+12,B0042LEIZ6,5.58,8.27,-2.298333333,-44.19871795,,,0,TIER_3_NEEDS_REVIEW,25,EAN_MISMATCH | UNPROFITABLE,"EAN mismatch: supplier=5011840000000 vs amazon=5021840000000 | Strong title match (sim=1.00, shared=4) | Brand match: tableau",False,https://www.efghousewares.co.uk/tableau-dry-lube-200ml,https://www.amazon.co.uk/dp/B0042LEIZ6,Available (see Keepa data),Tableau Dry Lube 200Ml,614,TIER_3_NEEDS_REVIEW,25,"EAN mismatch: supplier=5011840000000 vs amazon=5021840000000 | Strong title match (sim=1.00, shared=4) | Brand match: tableau",EAN_MISMATCH | UNPROFITABLE,False,1.0,4
CRAFT CONTAINER 6PC,RYSONS Craft Container 6 Pack,5.05624E+12,5.05624E+12,B09WJ9RYG9,1.008,19.99,10.35958333,745.293765,,,0,TIER_3_NEEDS_REVIEW,20,EAN_CHECKSUM_FAIL | BRAND_MISMATCH,"EAN digits match but checksum invalid | Weak title match (sim=0.79, shared=2)",False,https://www.efghousewares.co.uk/craft-container-6pc,https://www.amazon.co.uk/dp/B09WJ9RYG9,,Craft Container 6Pc,483,TIER_3_NEEDS_REVIEW,20,"EAN digits match but checksum invalid | Weak title match (sim=0.79, shared=2)",EAN_CHECKSUM_FAIL | BRAND_MISMATCH,False,0.792,2
RYSONS 4PC METAL FORKS 18CM,Fig & Olive Stainless Steel Forks 4 pcs,5.05624E+12,5.05624E+12,B0CGJR45QY,1.008,19.99,10.35958333,745.293765,,,0,TIER_3_NEEDS_REVIEW,20,EAN_CHECKSUM_FAIL | BRAND_MISMATCH,"EAN digits match but checksum invalid | Weak title match (sim=0.43, shared=1)",False,https://www.efghousewares.co.uk/rysons-4pc-metal-forks-18cm-105444,https://www.amazon.co.uk/dp/B0CGJR45QY,,Rysons 4Pc Metal Forks 18Cm 105444,484,TIER_3_NEEDS_REVIEW,20,"EAN digits match but checksum invalid | Weak title match (sim=0.43, shared=1)",EAN_CHECKSUM_FAIL | BRAND_MISMATCH,False,0.431,1
BIRTHDAY CANDLES 50PC,RYSONS Birthday Candles 50 PCS,5.05624E+12,5.05624E+12,B09X617B1M,1.008,19.99,10.35958333,745.293765,,,0,TIER_3_NEEDS_REVIEW,20,EAN_CHECKSUM_FAIL | BRAND_MISMATCH,"EAN digits match but checksum invalid | Weak title match (sim=0.82, shared=2)",False,https://www.efghousewares.co.uk/birthday-candles-50pc-105756,https://www.amazon.co.uk/dp/B09X617B1M,,Birthday Candles 50Pc 105756,485,TIER_3_NEEDS_REVIEW,20,"EAN digits match but checksum invalid | Weak title match (sim=0.82, shared=2)",EAN_CHECKSUM_FAIL | BRAND_MISMATCH,False,0.824,2
EMBROIDERY THREAD 12PK,Rysons Embroidery Thread 12 Pack,5.05624E+12,5.05624E+12,B0CJM9F5GD,1.008,19.99,10.35958333,745.293765,,,0,TIER_3_NEEDS_REVIEW,20,EAN_CHECKSUM_FAIL | BRAND_MISMATCH,"EAN digits match but checksum invalid | Weak title match (sim=0.81, shared=2)",False,https://www.efghousewares.co.uk/embroidery-thread-12pk,https://www.amazon.co.uk/dp/B0CJM9F5GD,,Embroidery Thread 12Pk,486,TIER_3_NEEDS_REVIEW,20,"EAN digits match but checksum invalid | Weak title match (sim=0.81, shared=2)",EAN_CHECKSUM_FAIL | BRAND_MISMATCH,False,0.815,2
HOBBY PLATE,"Made in Turkey, Divided Square Plate - 3 Pack (Purple, Blue and White Color)",8.69406E+12,8.69406E+12,B01GSFG30G,0.852,14.99,6.331666667,502.5132275,,,0,TIER_3_NEEDS_REVIEW,20,EAN_CHECKSUM_FAIL | BRAND_MISMATCH,"EAN digits match but checksum invalid | Weak title match (sim=0.17, shared=1)",False,https://www.efghousewares.co.uk/hobby-plate,https://www.amazon.co.uk/dp/B01GSFG30G,,Hobby Plate,487,TIER_3_NEEDS_REVIEW,20,"EAN digits match but checksum invalid | Weak title match (sim=0.17, shared=1)",EAN_CHECKSUM_FAIL | BRAND_MISMATCH,False,0.171,1
BARBEQUE GRILL BRUSH 3 IN 1 STAINLESS STEEL,No Label - Barbecue Grill brush 3 in 1,8.7113E+12,8.7113E+12,B00KDU9XPU,1.2096,16.49,7.373666667,473.2777065,,,0,TIER_3_NEEDS_REVIEW,20,EAN_CHECKSUM_FAIL | BRAND_MISMATCH,"EAN digits match but checksum invalid | Weak title match (sim=0.65, shared=2)",False,https://www.efghousewares.co.uk/barbeque-grill-brush-3-in-1-stainless-steel,https://www.amazon.co.uk/dp/B00KDU9XPU,,Other,488,TIER_3_NEEDS_REVIEW,20,"EAN digits match but checksum invalid | Weak title match (sim=0.65, shared=2)",EAN_CHECKSUM_FAIL | BRAND_MISMATCH,False,0.65,2
ALBERO SPONGE HOLDER,PlasticForte Sink Caddy With Ring Holder Kitchen Toilet Storage Organizer Sponge Soap Tray (turquoise),8.41493E+12,8.41493E+12,B00VQ2VM6M,0.9,8.88,3.87,297.6923077,,,0,TIER_3_NEEDS_REVIEW,20,EAN_CHECKSUM_FAIL | BRAND_MISMATCH,"EAN digits match but checksum invalid | Weak title match (sim=0.25, shared=2)",False,https://www.efghousewares.co.uk/albero-sponge-holder,https://www.amazon.co.uk/dp/B00VQ2VM6M,,Albero Sponge Holder,489,TIER_3_NEEDS_REVIEW,20,"EAN digits match but checksum invalid | Weak title match (sim=0.25, shared=2)",EAN_CHECKSUM_FAIL | BRAND_MISMATCH,False,0.25,2
GARDEN SEEDER POTS BIODEGRADABLE 6x6CM SET OF 14,PROGARDEN Cultivation Pots 6 x 6 cm Cardboard Pack of 14 – Biodegradable Plant Pots Square – Growing Pots for Plant Growing – Natural,8.72057E+12,8.72057E+12,B0D49VL4K2,0.792,9.99,3.45625,285.6404959,,,0,TIER_3_NEEDS_REVIEW,20,EAN_CHECKSUM_FAIL | BRAND_MISMATCH,"EAN digits match but checksum invalid | Weak title match (sim=0.38, shared=2)",False,https://www.efghousewares.co.uk/bio-degradble-seeding-pots-14pc-119503,https://www.amazon.co.uk/dp/B0D49VL4K2,,Bio Degradble Seeding Pots 14Pc 119503,490,TIER_3_NEEDS_REVIEW,20,"EAN digits match but checksum invalid | Weak title match (sim=0.38, shared=2)",EAN_CHECKSUM_FAIL | BRAND_MISMATCH,False,0.382,2
TOILET PLUNGER,ADORN Sink Plunger with 225mm (9 inch) Plastic Handle 110mm (4.25 inch) - Hanging Hoop - Toilet Plunger - Builders Choice,6.92346E+12,6.92346E+12,B07BVLXYKF,0.804,9.3,2.9575,242.4180328,,,0,TIER_3_NEEDS_REVIEW,20,EAN_CHECKSUM_FAIL | BRAND_MISMATCH,"EAN digits match but checksum invalid | Weak title match (sim=0.22, shared=2)",False,https://www.efghousewares.co.uk/toilet-plunger-113669,https://www.amazon.co.uk/dp/B07BVLXYKF,,Toilet Plunger 113669,491,TIER_3_NEEDS_REVIEW,20,"EAN digits match but checksum invalid | Weak title match (sim=0.22, shared=2)",EAN_CHECKSUM_FAIL | BRAND_MISMATCH,False,0.22,2
DRAIN MOLE UNBLOCKER 45CM,JIATING DRAIN MOLE UNBLOCKING TWISTER,5.05624E+12,5.05624E+12,B09X626NNK,1.008,8.99,2.567916667,184.7422062,,,0,TIER_3_NEEDS_REVIEW,20,EAN_CHECKSUM_FAIL | BRAND_MISMATCH,"EAN digits match but checksum invalid | Weak title match (sim=0.65, shared=2)",False,https://www.efghousewares.co.uk/drain-mole-unblocker-45cm,https://www.amazon.co.uk/dp/B09X626NNK,,Drain Mole Unblocker 45Cm,494,TIER_3_NEEDS_REVIEW,20,"EAN digits match but checksum invalid | Weak title match (sim=0.65, shared=2)",EAN_CHECKSUM_FAIL | BRAND_MISMATCH,False,0.645,2
ADORN 4PC  SUCTION HOOK,ADRON 4 x Heavy Duty Large Suction Cup Hooks Snap Lever Vacuum Holder Bathroom/Kitchen Holder Sucker Caddy,6.92346E+12,6.92346E+12,B0717B2TZ2,1.008,7.99,2.249583333,161.8405276,,,0,TIER_3_NEEDS_REVIEW,20,EAN_CHECKSUM_FAIL | BRAND_MISMATCH,"EAN digits match but checksum invalid | Weak title match (sim=0.31, shared=1)",False,https://www.efghousewares.co.uk/adorn-4pc-suction-hook,https://www.amazon.co.uk/dp/B0717B2TZ2,,Adorn 4Pc Suction Hook,496,TIER_3_NEEDS_REVIEW,20,"EAN digits match but checksum invalid | Weak title match (sim=0.31, shared=1)",EAN_CHECKSUM_FAIL | BRAND_MISMATCH,False,0.312,1
A-Z TRY ME MUSICAL CAR,"AtoZ My 1st Musical Car Keys Baby Toy with Light and Sound, 0+ Months, for Little Hands",5.01287E+12,5.01287E+12,B0F8R7P3HB,4.368,18.99,6.135,146.4200477,,,0,TIER_3_NEEDS_REVIEW,20,EAN_CHECKSUM_FAIL | BRAND_MISMATCH,"EAN digits match but checksum invalid | Weak title match (sim=0.32, shared=2)",False,https://www.efghousewares.co.uk/a-z-try-me-musical-car-120237,https://www.amazon.co.uk/dp/B0F8R7P3HB,Available (see Keepa data),A Z Try Me Musical Car 120237,498,TIER_3_NEEDS_REVIEW,20,"EAN digits match but checksum invalid | Weak title match (sim=0.32, shared=2)",EAN_CHECKSUM_FAIL | BRAND_MISMATCH,False,0.324,2
SIGNATURE CARRYALL 28CM SILVER,Small Carryall,5.01435E+12,5.01435E+12,B00755LGVK,1.212,8.52,2.065,132.3717949,,,0,TIER_3_NEEDS_REVIEW,20,EAN_CHECKSUM_FAIL | BRAND_MISMATCH,"EAN digits match but checksum invalid | Weak title match (sim=0.50, shared=1)",False,https://www.efghousewares.co.uk/signature-carryall-28cm-silver,https://www.amazon.co.uk/dp/B00755LGVK,,Signature Carryall 28Cm Silver,499,TIER_3_NEEDS_REVIEW,20,"EAN digits match but checksum invalid | Weak title match (sim=0.50, shared=1)",EAN_CHECKSUM_FAIL | BRAND_MISMATCH,False,0.5,1
VPL DOUBLE COLOUR 12IN TUB,Black Tie Dye Design 30cm Circular Round Plastic Reusable Washing Up Bowl Basin Kitchen,8.90405E+12,8.90405E+12,B072BVGDQ4,1.056,7.83,1.70625,119.3181818,,,0,TIER_3_NEEDS_REVIEW,20,EAN_CHECKSUM_FAIL | BRAND_MISMATCH,"EAN digits match but checksum invalid | Weak title match (sim=0.27, shared=0)",False,https://www.efghousewares.co.uk/vpl-double-colour-12in-tub,https://www.amazon.co.uk/dp/B072BVGDQ4,,Vpl Double Colour 12In Tub,501,TIER_3_NEEDS_REVIEW,20,"EAN digits match but checksum invalid | Weak title match (sim=0.27, shared=0)",EAN_CHECKSUM_FAIL | BRAND_MISMATCH,False,0.265,0
LAV KLASIK GLASS TEA GLASS 115ML 6 PACK,Set 6 PCS Traditional USEABLE Turkish MOROCCAN OLD Persian Eastern Tea Glasses,8.69295E+12,8.69295E+12,B000WPO4YQ,1.944,9.99,2.095,96.5437788,,,0,TIER_3_NEEDS_REVIEW,20,EAN_CHECKSUM_FAIL | BRAND_MISMATCH,"EAN digits match but checksum invalid | Weak title match (sim=0.29, shared=1)",False,https://www.efghousewares.co.uk/lav-klasik-glass-tea-glass-pk6,https://www.amazon.co.uk/dp/B000WPO4YQ,,Lav Klasik Glass Tea Glass Pk6,504,TIER_3_NEEDS_REVIEW,20,"EAN digits match but checksum invalid | Weak title match (sim=0.29, shared=1)",EAN_CHECKSUM_FAIL | BRAND_MISMATCH,False,0.291,1
SIGNATURE RECTANGULAR BOWL SILVER,A Haunting We Will Go [DVD],5.01435E+12,5.01435E+12,B005L8EJVC,1.032,6.49,1.328333333,94.20803783,,,0,TIER_3_NEEDS_REVIEW,20,EAN_CHECKSUM_FAIL | BRAND_MISMATCH,"EAN digits match but checksum invalid | Weak title match (sim=0.28, shared=0)",False,https://www.efghousewares.co.uk/signature-rectangular-bowl-silver,https://www.amazon.co.uk/dp/B005L8EJVC,,Signature Rectangular Bowl Silver,505,TIER_3_NEEDS_REVIEW,20,"EAN digits match but checksum invalid | Weak title match (sim=0.28, shared=0)",EAN_CHECKSUM_FAIL | BRAND_MISMATCH,False,0.276,0
JVL DOORMAT RUBBER TUFF RECTANGLE 45X75CM,Rub Tuffscrape Mat 45x75 cm,5.01744E+12,5.01744E+12,B003BPLW6W,8.136,22.99,6.544583333,89.28490223,,,0,TIER_3_NEEDS_REVIEW,20,EAN_CHECKSUM_FAIL | BRAND_MISMATCH,"EAN digits match but checksum invalid | Weak title match (sim=0.53, shared=0)",False,https://www.efghousewares.co.uk/jvl-doormat-rubber-tuff-rectangle-45x75cm,https://www.amazon.co.uk/dp/B003BPLW6W,,Jvl Doormat Rubber Tuff Rectangle 45X75Cm,506,TIER_3_NEEDS_REVIEW,20,"EAN digits match but checksum invalid | Weak title match (sim=0.53, shared=0)",EAN_CHECKSUM_FAIL | BRAND_MISMATCH,False,0.529,0
PRISM TOILET 6PK BLOCKS MIXED,"24pk Toilet Bowl Freshener | Each 50g Toilet Block Lasts for 14 Days | 24 Cistern Blocks in Ocean, Pine & Bleach Scents by Prism",5.05526E+12,5.05526E+12,B07TYK5JDJ,1.008,7.49,1.201666667,86.45083933,,,0,TIER_3_NEEDS_REVIEW,20,EAN_CHECKSUM_FAIL | BRAND_MISMATCH,"EAN digits match but checksum invalid | Weak title match (sim=0.25, shared=3)",False,https://www.efghousewares.co.uk/prism-toilet-6pk-blocks-mixed,https://www.amazon.co.uk/dp/B07TYK5JDJ,,Prism Toilet 6Pk Blocks Mixed,507,TIER_3_NEEDS_REVIEW,20,"EAN digits match but checksum invalid | Weak title match (sim=0.25, shared=3)",EAN_CHECKSUM_FAIL | BRAND_MISMATCH,False,0.248,3
XOXO GLITTER NAIL FILES 4PC,"Curved Glitter & Uv Painted Nail Files - Stunning & Assorted Colors for Professional Nail Care - Ideal for Salon, Home Use & Gifting - 4 Pc",5.05057E+12,5.05057E+12,B0CXG4NCXM,1.008,5.95,1.158333333,83.33333333,,,0,TIER_3_NEEDS_REVIEW,20,EAN_CHECKSUM_FAIL | BRAND_MISMATCH,"EAN digits match but checksum invalid | Weak title match (sim=0.29, shared=3)",False,https://www.efghousewares.co.uk/xoxo-glitter-nail-files-4pc-108303,https://www.amazon.co.uk/dp/B0CXG4NCXM,,Xoxo Glitter Nail Files 4Pc 108303,508,TIER_3_NEEDS_REVIEW,20,"EAN digits match but checksum invalid | Weak title match (sim=0.29, shared=3)",EAN_CHECKSUM_FAIL | BRAND_MISMATCH,False,0.289,3
SIGNATURE SILVER RECTANGULAR BOWL,Thumbs Up Rectangle Bowl Platinum,5.01435E+12,5.01435E+12,B007R2FIOW,1.452,7.95,1.46125,83.02556818,,,0,TIER_3_NEEDS_REVIEW,20,EAN_CHECKSUM_FAIL | BRAND_MISMATCH,"EAN digits match but checksum invalid | Weak title match (sim=0.48, shared=1)",False,https://www.efghousewares.co.uk/signature-silver-rect-bowl,https://www.amazon.co.uk/dp/B007R2FIOW,,Signature Silver Rect Bowl,509,TIER_3_NEEDS_REVIEW,20,"EAN digits match but checksum invalid | Weak title match (sim=0.48, shared=1)",EAN_CHECKSUM_FAIL | BRAND_MISMATCH,False,0.485,1
COUNTRY CLUB MICROFIBRE FLOOR CLOTH 50X50CM,Microbrite Floor Cloth One Cloth,5.02367E+12,5.02367E+12,B07SW47VH1,1.08,6.13,1.158333333,79.88505747,,,0,TIER_3_NEEDS_REVIEW,20,EAN_CHECKSUM_FAIL | BRAND_MISMATCH,"EAN digits match but checksum invalid | Weak title match (sim=0.59, shared=2)",False,https://www.efghousewares.co.uk/countryclub-microfibre-floor-cloth-50x50cm-29424,https://www.amazon.co.uk/dp/B07SW47VH1,,Countryclub Microfibre Floor Cloth 50X50Cm 29424,510,TIER_3_NEEDS_REVIEW,20,"EAN digits match but checksum invalid | Weak title match (sim=0.59, shared=2)",EAN_CHECKSUM_FAIL | BRAND_MISMATCH,False,0.587,2
KEY STAGE STICKER WORK BOOKS,Pre School Activity Workbooks with Reward Stickers,9.78184E+12,9.78184E+12,1842392751,1.83168,7.73,1.475266667,71.04925191,,,0,TIER_3_NEEDS_REVIEW,20,EAN_CHECKSUM_FAIL | BRAND_MISMATCH,"EAN digits match but checksum invalid | Weak title match (sim=0.38, shared=0)",False,https://www.efghousewares.co.uk/key-stage-sticker-work-books-117439,https://www.amazon.co.uk/dp/1842392751,,Other,513,TIER_3_NEEDS_REVIEW,20,"EAN digits match but checksum invalid | Weak title match (sim=0.38, shared=0)",EAN_CHECKSUM_FAIL | BRAND_MISMATCH,False,0.385,0
ASHLEY WOODEN SPOONS 3PC,3pc Wooden Cooking Spoons Set - 3 Sizes - Large Medium Small Kitchen Serving Mixing Baking Stirring Utensils - by Ashley,5.0174E+12,5.0174E+12,B0CHZ4XTJ1,1.008,6.65,0.910416667,65.49760192,,,0,TIER_3_NEEDS_REVIEW,20,EAN_CHECKSUM_FAIL | BRAND_MISMATCH,"EAN digits match but checksum invalid | Weak title match (sim=0.24, shared=4)",False,https://www.efghousewares.co.uk/ashley-wooden-spoons-3pc,https://www.amazon.co.uk/dp/B0CHZ4XTJ1,,Ashley Wooden Spoons 3Pc,514,TIER_3_NEEDS_REVIEW,20,"EAN digits match but checksum invalid | Weak title match (sim=0.24, shared=4)",EAN_CHECKSUM_FAIL | BRAND_MISMATCH,False,0.241,4
VPL DOUBLE COLOUR 16 LTR  BUCKET & LID,Bucket With Lid 16 Lt Dc Vpl,8.90405E+12,8.90405E+12,B00GX8JHLG,3.228,10.9,2.070833333,63.91460905,,,0,TIER_3_NEEDS_REVIEW,20,EAN_CHECKSUM_FAIL | BRAND_MISMATCH,"EAN digits match but checksum invalid | Weak title match (sim=0.34, shared=3)",False,https://www.efghousewares.co.uk/vpl-double-colour-16-ltr-bucket-lid,https://www.amazon.co.uk/dp/B00GX8JHLG,,Vpl Double Colour 16 Ltr Bucket Lid,515,TIER_3_NEEDS_REVIEW,20,"EAN digits match but checksum invalid | Weak title match (sim=0.34, shared=3)",EAN_CHECKSUM_FAIL | BRAND_MISMATCH,False,0.338,3
VPL DOUBLE COLOUR 7 LTR BUCKET & LID,Bucket With Lid 7ltr Dc,8.90405E+12,8.90405E+12,B00GX8VGHY,1.68,7.9,1.235833333,63.37606838,,,0,TIER_3_NEEDS_REVIEW,20,EAN_CHECKSUM_FAIL | BRAND_MISMATCH,"EAN digits match but checksum invalid | Weak title match (sim=0.38, shared=2)",False,https://www.efghousewares.co.uk/vpl-double-colour-7-ltr-bucket-lid,https://www.amazon.co.uk/dp/B00GX8VGHY,,Vpl Double Colour 7 Ltr Bucket Lid,516,TIER_3_NEEDS_REVIEW,20,"EAN digits match but checksum invalid | Weak title match (sim=0.38, shared=2)",EAN_CHECKSUM_FAIL | BRAND_MISMATCH,False,0.379,2
SECURIT CHAIN PRE-CUT 3MMX16MMX1M,3mmx 1m Zinc Plated Oval Link Chain,5.01992E+12,5.01992E+12,B008D0O8V6,1.884,7.33,1.328333333,62.6572327,,,0,TIER_3_NEEDS_REVIEW,20,EAN_CHECKSUM_FAIL | BRAND_MISMATCH,"EAN digits match but checksum invalid | Weak title match (sim=0.24, shared=1)",False,https://www.efghousewares.co.uk/securit-chain-pre-cut-3mmx16mmx1m,https://www.amazon.co.uk/dp/B008D0O8V6,,Securit Chain Pre Cut 3Mmx16Mmx1M,517,TIER_3_NEEDS_REVIEW,20,"EAN digits match but checksum invalid | Weak title match (sim=0.24, shared=1)",EAN_CHECKSUM_FAIL | BRAND_MISMATCH,False,0.239,1
VASE ACRYLIC 25CM,Clear Plastic Acrylic Flower Vase (H25cm),5.05514E+12,5.05514E+12,B01KADI7GK,3.828,11.9,2.279166667,60.9402852,,,0,TIER_3_NEEDS_REVIEW,20,EAN_CHECKSUM_FAIL | BRAND_MISMATCH,"EAN digits match but checksum invalid | Weak title match (sim=0.54, shared=2)",False,https://www.efghousewares.co.uk/acrylic-vase-25cm,https://www.amazon.co.uk/dp/B01KADI7GK,,Acrylic Vase 25Cm,518,TIER_3_NEEDS_REVIEW,20,"EAN digits match but checksum invalid | Weak title match (sim=0.54, shared=2)",EAN_CHECKSUM_FAIL | BRAND_MISMATCH,False,0.536,2
VPL DOUBLE COLOUR RECT BOWL,Tie Dye Design 37x31cm Rectangular Reusable Plastic Washing Up Bowl Basin Kitchen (Black),8.90405E+12,8.90405E+12,B071Z65VR5,1.68,7.83,1.18625,60.83333333,,,0,TIER_3_NEEDS_REVIEW,20,EAN_CHECKSUM_FAIL | BRAND_MISMATCH,"EAN digits match but checksum invalid | Weak title match (sim=0.26, shared=1)",False,https://www.efghousewares.co.uk/vpl-double-colour-rect-bowl,https://www.amazon.co.uk/dp/B071Z65VR5,,Vpl Double Colour Rect Bowl,519,TIER_3_NEEDS_REVIEW,20,"EAN digits match but checksum invalid | Weak title match (sim=0.26, shared=1)",EAN_CHECKSUM_FAIL | BRAND_MISMATCH,False,0.263,1
BARBEQUE PIZZA SPATULA STAINLESS STEEL,HTI-Living VerDecora BBQ Pizza Spatula,8.7192E+12,8.7192E+12,B07RH59V2J,8.724,23.09,4.701666667,60.12361466,,,0,TIER_3_NEEDS_REVIEW,20,EAN_CHECKSUM_FAIL | BRAND_MISMATCH,"EAN digits match but checksum invalid | Weak title match (sim=0.45, shared=2)",False,https://www.efghousewares.co.uk/barbeque-pizza-spatula-stainless-steel,https://www.amazon.co.uk/dp/B07RH59V2J,,Barbeque Pizza Spatula Stainless Steel,520,TIER_3_NEEDS_REVIEW,20,"EAN digits match but checksum invalid | Weak title match (sim=0.45, shared=2)",EAN_CHECKSUM_FAIL | BRAND_MISMATCH,False,0.453,2
TRICIRCLE COMBINATION PADLOCKS 40ML,40mm Steel Combination Padlock - 3 Number,6.90175E+12,6.90175E+12,B008ESLXCO,2.808,8.9,1.636666667,56.63206459,,,0,TIER_3_NEEDS_REVIEW,20,EAN_CHECKSUM_FAIL | BRAND_MISMATCH,"EAN digits match but checksum invalid | Weak title match (sim=0.64, shared=1)",False,https://www.efghousewares.co.uk/tricircle-combination-padlocks-40ml,https://www.amazon.co.uk/dp/B008ESLXCO,,Tricircle Combination Padlocks 40Ml,521,TIER_3_NEEDS_REVIEW,20,"EAN digits match but checksum invalid | Weak title match (sim=0.64, shared=1)",EAN_CHECKSUM_FAIL | BRAND_MISMATCH,False,0.64,1
VASE ACRYLIC 25CM,APAC Clear Acrylic Cylinder (25x12cm),5.05558E+12,5.05558E+12,B01K7KE0ZI,4.032,11.95,2.144583333,54.8486786,,,0,TIER_3_NEEDS_REVIEW,20,EAN_CHECKSUM_FAIL | BRAND_MISMATCH,"EAN digits match but checksum invalid | Weak title match (sim=0.58, shared=1)",False,https://www.efghousewares.co.uk/acrylic-vase-25cm-15-01-23,https://www.amazon.co.uk/dp/B01K7KE0ZI,,Acrylic Vase 25Cm 15 01 23,522,TIER_3_NEEDS_REVIEW,20,"EAN digits match but checksum invalid | Weak title match (sim=0.58, shared=1)",EAN_CHECKSUM_FAIL | BRAND_MISMATCH,False,0.577,1
VPL DOUBLE COLOUR 13 LTR BUCKET & LID,Bucket With Lid 13 Lt Dc Vpl,8.90405E+12,8.90405E+12,B00GX8EWUM,2.784,9.17,1.215416667,42.34901278,,,0,TIER_3_NEEDS_REVIEW,20,EAN_CHECKSUM_FAIL | BRAND_MISMATCH,"EAN digits match but checksum invalid | Weak title match (sim=0.34, shared=3)",False,https://www.efghousewares.co.uk/vpl-double-colour-13-ltr-bucket-lid,https://www.amazon.co.uk/dp/B00GX8EWUM,,Vpl Double Colour 13 Ltr Bucket Lid,523,TIER_3_NEEDS_REVIEW,20,"EAN digits match but checksum invalid | Weak title match (sim=0.34, shared=3)",EAN_CHECKSUM_FAIL | BRAND_MISMATCH,False,0.344,3
FORTUNE EDT 100ML POUR HOMME EACH,Spring Flower Ladies Perfume 100ml Fragrance Natural spray,5.05517E+12,5.05517E+12,B008HSO1J8,3.09312,9.99,1.2474,39.88361683,,,0,TIER_3_NEEDS_REVIEW,20,EAN_CHECKSUM_FAIL | BRAND_MISMATCH,"EAN digits match but checksum invalid | Weak title match (sim=0.35, shared=1)",False,https://www.efghousewares.co.uk/fortune-edt-100ml-pour-homme-each-110041,https://www.amazon.co.uk/dp/B008HSO1J8,,Other,524,TIER_3_NEEDS_REVIEW,20,"EAN digits match but checksum invalid | Weak title match (sim=0.35, shared=1)",EAN_CHECKSUM_FAIL | BRAND_MISMATCH,False,0.352,1
ASHLEY TIN OPENER METAL,1x Metal Can Opener - Manual Butterfly Kitchen Tin Bottle Jar Lid Remover Tool - by Ashley,5.0174E+12,5.0174E+12,B0CJ3D67KT,1.008,5.99,0.442916667,31.86450839,,,0,TIER_3_NEEDS_REVIEW,20,EAN_CHECKSUM_FAIL | BRAND_MISMATCH,"EAN digits match but checksum invalid | Weak title match (sim=0.27, shared=4)",False,https://www.efghousewares.co.uk/ashley-tin-opener-metal,https://www.amazon.co.uk/dp/B0CJ3D67KT,,Ashley Tin Opener Metal,526,TIER_3_NEEDS_REVIEW,20,"EAN digits match but checksum invalid | Weak title match (sim=0.27, shared=4)",EAN_CHECKSUM_FAIL | BRAND_MISMATCH,False,0.27,4
ELLIOTTS GLASS SPRAY BOTTLE BROWN480ML,"Elliott 480ml Brown Glass Spray Bottle, Manufactured from Recycled Glass and featuring a locking trigger action spray Mechanism, Ideal for use for Cleaning, Watering Plants and many other uses",5.01316E+12,5.01316E+12,B099X92QGG,1.812,7.18,0.653333333,31.71521036,50,50,50,TIER_3_NEEDS_REVIEW,20,EAN_CHECKSUM_FAIL | BRAND_MISMATCH,"EAN digits match but checksum invalid | Weak title match (sim=0.28, shared=3)",False,https://www.efghousewares.co.uk/elliotts-glass-spray-bottle-brown480ml,https://www.amazon.co.uk/dp/B099X92QGG,Available (see Keepa data),Elliotts Glass Spray Bottle Brown480Ml,527,TIER_3_NEEDS_REVIEW,20,"EAN digits match but checksum invalid | Weak title match (sim=0.28, shared=3)",EAN_CHECKSUM_FAIL | BRAND_MISMATCH,False,0.282,3
GABBYS DOLLHOUSE STICKER BOOK,"ALLIGATOR - Gabby's Dollhouse Sticker Book, Sticker Book, Sticker Books, Gabbys Dollhouse Toys UK, Gabby's Dollhouse Book,Sticker Activity Book, Reusable Sticker Book",9.78179E+12,9.78179E+12,1788245415,1.212,4.99,0.468333333,30.02136752,100,100,100,TIER_3_NEEDS_REVIEW,20,EAN_CHECKSUM_FAIL | BRAND_MISMATCH,"EAN digits match but checksum invalid | Weak title match (sim=0.31, shared=4)",False,https://www.efghousewares.co.uk/gabbys-dollhouse-sticker-book-117428,https://www.amazon.co.uk/dp/1788245415,Available (see Keepa data),Gabbys Dollhouse Sticker Book 117428,528,TIER_3_NEEDS_REVIEW,20,"EAN digits match but checksum invalid | Weak title match (sim=0.31, shared=4)",EAN_CHECKSUM_FAIL | BRAND_MISMATCH,False,0.312,4
ULTRATAPE WALL REPAIR SCRIM 50 X 90MM EA,Details About Adhesive Tape Plasterboard Joint Scrim Repair Decorators Cloth Tapes 48mm x 90mAdhesive Tape Plasterboard Joint Scrim Repair Decorators Cloth Tapes 48mm x 90m,5.02779E+12,5.02779E+12,B00JR9SEVC,3.612,9.98,1.036666667,29.11985019,,,0,TIER_3_NEEDS_REVIEW,20,EAN_CHECKSUM_FAIL | BRAND_MISMATCH,"EAN digits match but checksum invalid | Weak title match (sim=0.27, shared=2)",False,https://www.efghousewares.co.uk/ultratape-wall-repair-scrim-50-x-90mm-ea,https://www.amazon.co.uk/dp/B00JR9SEVC,,Ultratape Wall Repair Scrim 50 X 90Mm Ea,529,TIER_3_NEEDS_REVIEW,20,"EAN digits match but checksum invalid | Weak title match (sim=0.27, shared=2)",EAN_CHECKSUM_FAIL | BRAND_MISMATCH,False,0.274,2
ROYAL CUISINE SALT & PEPPER SET BLACK,Salt and Pepper Shakers Stainless Steel and Glass Set| Elegant Stainless Steel Salt and Pepper Dispenser| Spices W/Collapsible Funnel Black,5.06009E+12,5.06009E+12,B07RYW3XGW,3.228,9.97,0.918333333,28.3436214,,,0,TIER_3_NEEDS_REVIEW,20,EAN_CHECKSUM_FAIL | BRAND_MISMATCH,"EAN digits match but checksum invalid | Weak title match (sim=0.26, shared=3)",False,https://www.efghousewares.co.uk/royal-cuisine-salt-pepper-set-black-8-7,https://www.amazon.co.uk/dp/B07RYW3XGW,Available (see Keepa data),Royal Cuisine Salt Pepper Set Black 8 7,530,TIER_3_NEEDS_REVIEW,20,"EAN digits match but checksum invalid | Weak title match (sim=0.26, shared=3)",EAN_CHECKSUM_FAIL | BRAND_MISMATCH,False,0.256,3
TUBTRUG FLEXI TUB SMALL ORANGE,Red Gorilla Plastic Tub (14 Litres) (Orange),7.29848E+11,7.29848E+11,B009VRQT58,4.068,9.68,0.506666667,12.85956007,,,0,TIER_3_NEEDS_REVIEW,20,EAN_CHECKSUM_FAIL | BRAND_MISMATCH,"EAN digits match but checksum invalid | Weak title match (sim=0.43, shared=2)",False,https://www.efghousewares.co.uk/tubtrug-flexi-tub-small-orange,https://www.amazon.co.uk/dp/B009VRQT58,,Tubtrug Flexi Tub Small Orange,532,TIER_3_NEEDS_REVIEW,20,"EAN digits match but checksum invalid | Weak title match (sim=0.43, shared=2)",EAN_CHECKSUM_FAIL | BRAND_MISMATCH,False,0.429,2
PIFCO BLACK TOASTER 2 SLICE,PIFCO® Black Toaster 2 Slice - 700W - 6 Browning Controls & Anti-Jam Function - Compact Design 2 Slice Toaster - Easy to Clean with Removable Crumbs Tray,5.02196E+12,5.02196E+12,B09VPLM7VM,7.992,16.19,0.431666667,5.987055016,1000,,1000,TIER_3_NEEDS_REVIEW,20,EAN_CHECKSUM_FAIL | BRAND_MISMATCH,"EAN digits match but checksum invalid | Weak title match (sim=0.31, shared=4)",False,https://www.efghousewares.co.uk/pifco-black-toaster-2-slice-107586,https://www.amazon.co.uk/dp/B09VPLM7VM,,Pifco Black Toaster 2 Slice 107586,534,TIER_3_NEEDS_REVIEW,20,"EAN digits match but checksum invalid | Weak title match (sim=0.31, shared=4)",EAN_CHECKSUM_FAIL | BRAND_MISMATCH,False,0.312,4
SUPRISE EDT 100ML FOR WOMEN EACH,Surprise Womens Eau de Perfume e100ml Pour Femme Present Christmas Xmas Giftset for Her,5.05517E+12,5.05517E+12,B07K9G7Q3F,3.09312,7.99,0.140733333,4.499722897,,,0,TIER_3_NEEDS_REVIEW,20,EAN_CHECKSUM_FAIL | BRAND_MISMATCH,"EAN digits match but checksum invalid | Weak title match (sim=0.37, shared=0)",False,https://www.efghousewares.co.uk/suprise-edt-100ml-for-women-each-110056,https://www.amazon.co.uk/dp/B07K9G7Q3F,Available (see Keepa data),Other,535,TIER_3_NEEDS_REVIEW,20,"EAN digits match but checksum invalid | Weak title match (sim=0.37, shared=0)",EAN_CHECKSUM_FAIL | BRAND_MISMATCH,False,0.37,0
TREAT AND EASE EYE MIST SPRAY,Eye Mist Eyelid Spray for Refreshing Soothing Relief Dry Tired Irritated Itch Sore Eyes 15ml,5.05618E+12,5.05618E+12,B093H2DHHF,1.008,3.93,0.055,3.956834532,100,100,100,TIER_3_NEEDS_REVIEW,20,EAN_CHECKSUM_FAIL | BRAND_MISMATCH,"EAN digits match but checksum invalid | Weak title match (sim=0.23, shared=3)",False,https://www.efghousewares.co.uk/treat-and-ease-eye-mist-spray-106977,https://www.amazon.co.uk/dp/B093H2DHHF,Available (see Keepa data),Treat And Ease Eye Mist Spray 106977,536,TIER_3_NEEDS_REVIEW,20,"EAN digits match but checksum invalid | Weak title match (sim=0.23, shared=3)",EAN_CHECKSUM_FAIL | BRAND_MISMATCH,False,0.231,3
SUPER DREAMER FITTED SHEET DOUBLE  BLACK,"GC GAVENO CAVAILIA Microfiber Fitted Sheet Double - Plain Bed Sheets - Deep Pocket 10 inch (25cm) - Shrinkage, Fade & Wrinkle Resistant Bottom Sheet, Black to Mattress (137x193 cm) - Machine Washable",5.05135E+12,5.05135E+12,B0BTMS65BX,3.456,8.99,0.101666667,2.96404276,50,50,50,TIER_3_NEEDS_REVIEW,20,EAN_CHECKSUM_FAIL | BRAND_MISMATCH,"EAN digits match but checksum invalid | Weak title match (sim=0.27, shared=4)",False,https://www.efghousewares.co.uk/super-dreamer-fitted-sheet-double-black-123678,https://www.amazon.co.uk/dp/B0BTMS65BX,,Super Dreamer Fitted Sheet Double Black 123678,537,TIER_3_NEEDS_REVIEW,20,"EAN digits match but checksum invalid | Weak title match (sim=0.27, shared=4)",EAN_CHECKSUM_FAIL | BRAND_MISMATCH,False,0.272,4
SUPER DREAMER FITTED SHEET KING CHARCOAL,"GC GAVENO CAVAILIA Fitted Sheet King Size (25cm) Deep Pocket - Microfiber Bed Sheets Charcoal - Breathable, Fade & Wrinkle Resistant - Elasticated Corners Easycare Mattress & Bottom Sheet (152x203cm)",5.05135E+12,5.05135E+12,B0BTMSNSL4,3.888,9.49,0.078333333,2.066842568,,,0,TIER_3_NEEDS_REVIEW,20,EAN_CHECKSUM_FAIL | BRAND_MISMATCH,"EAN digits match but checksum invalid | Weak title match (sim=0.26, shared=4)",False,https://www.efghousewares.co.uk/super-dreamer-fitted-sheet-king-charcoal-123681,https://www.amazon.co.uk/dp/B0BTMSNSL4,,Super Dreamer Fitted Sheet King Charcoal 123681,539,TIER_3_NEEDS_REVIEW,20,"EAN digits match but checksum invalid | Weak title match (sim=0.26, shared=4)",EAN_CHECKSUM_FAIL | BRAND_MISMATCH,False,0.262,4
SUPER DREAMER FITTED SHEET KING BLACK,"GC GAVENO CAVAILIA Fitted Sheet King Size (25cm) Deep Pocket - Microfiber Bed Sheets Black - Breathable, Fade & Wrinkle Resistant - Elasticated Corners - Easycare Mattress & Bottom Sheet (152x203cm)",5.05135E+12,5.05135E+12,B0BTMNY9RV,3.888,9.49,0.038333333,1.011433597,100,100,100,TIER_3_NEEDS_REVIEW,20,EAN_CHECKSUM_FAIL | BRAND_MISMATCH,"EAN digits match but checksum invalid | Weak title match (sim=0.24, shared=4)",False,https://www.efghousewares.co.uk/super-dreamer-fitted-sheet-king-black-123682,https://www.amazon.co.uk/dp/B0BTMNY9RV,,Super Dreamer Fitted Sheet King Black 123682,540,TIER_3_NEEDS_REVIEW,20,"EAN digits match but checksum invalid | Weak title match (sim=0.24, shared=4)",EAN_CHECKSUM_FAIL | BRAND_MISMATCH,False,0.241,4
ALARM CLOCK  SQUARE BLACK,Wm Widdop Quartz Travel Alarm - Black case/dial,5.01722E+12,5.01722E+12,B0094GKUCE,5.172,9.49,-0.361666667,-7.44170096,,,0,TIER_3_NEEDS_REVIEW,20,EAN_CHECKSUM_FAIL | BRAND_MISMATCH | UNPROFITABLE,"EAN digits match but checksum invalid | Weak title match (sim=0.34, shared=2)",False,https://www.efghousewares.co.uk/alarm-clock-square-black-117997,https://www.amazon.co.uk/dp/B0094GKUCE,Available (see Keepa data),Alarm Clock Square Black 117997,544,TIER_3_NEEDS_REVIEW,20,"EAN digits match but checksum invalid | Weak title match (sim=0.34, shared=2)",EAN_CHECKSUM_FAIL | BRAND_MISMATCH | UNPROFITABLE,False,0.343,2
TAYLORS EYE KITCHEN SCISSORS MULTI COLOURED,Taylor's Eye Witness Soft Grip Shears-Assorted,5.01477E+12,5.01477E+12,B00A18RUBS,4.236,7.99,-0.351666667,-8.619281046,,,0,TIER_3_NEEDS_REVIEW,20,EAN_CHECKSUM_FAIL | BRAND_MISMATCH | UNPROFITABLE,"EAN digits match but checksum invalid | Weak title match (sim=0.55, shared=1)",False,https://www.efghousewares.co.uk/taylors-eye-kitchen-scissors-multi-coloured,https://www.amazon.co.uk/dp/B00A18RUBS,Available (see Keepa data),Taylors Eye Kitchen Scissors Multi Coloured,545,TIER_3_NEEDS_REVIEW,20,"EAN digits match but checksum invalid | Weak title match (sim=0.55, shared=1)",EAN_CHECKSUM_FAIL | BRAND_MISMATCH | UNPROFITABLE,False,0.552,1
RAVENHEAD ENTERTAIN GLASS SET OF 2 COCKTAILS 42CL,ENTERTAIN SET OF 2 42CL COCKTAIL GLASSES,5.01085E+12,5.01085E+12,B00AZZGCHU,5.4,9.48,-0.745,-14.75247525,,,0,TIER_3_NEEDS_REVIEW,20,EAN_CHECKSUM_FAIL | BRAND_MISMATCH | UNPROFITABLE,"EAN digits match but checksum invalid | Weak title match (sim=0.63, shared=2)",False,https://www.efghousewares.co.uk/entertain-glass-set-of-2-cocktails-42cl,https://www.amazon.co.uk/dp/B00AZZGCHU,,Other,547,TIER_3_NEEDS_REVIEW,20,"EAN digits match but checksum invalid | Weak title match (sim=0.63, shared=2)",EAN_CHECKSUM_FAIL | BRAND_MISMATCH | UNPROFITABLE,False,0.629,2
MINIATURE KITCHEN PLAYSET 3 ASSORTED,"My Little Kitchen Play Food Set, Pink Refrigerator with Food Accessories, Kids Pretend Play Kitchen Toys",5.01287E+12,5.01287E+12,B0FH2KBSZQ,5.172,9.99,-0.735,-15.12345679,,,0,TIER_3_NEEDS_REVIEW,20,EAN_CHECKSUM_FAIL | BRAND_MISMATCH | UNPROFITABLE,"EAN digits match but checksum invalid | Weak title match (sim=0.43, shared=1)",False,https://www.efghousewares.co.uk/miniature-kitchen-playset-3-assorted-116723,https://www.amazon.co.uk/dp/B0FH2KBSZQ,,Miniature Kitchen Playset 3 Assorted 116723,548,TIER_3_NEEDS_REVIEW,20,"EAN digits match but checksum invalid | Weak title match (sim=0.43, shared=1)",EAN_CHECKSUM_FAIL | BRAND_MISMATCH | UNPROFITABLE,False,0.435,1
LAVA MISKET COCTAIL GLASSES 6PC 175CC,LAV 6x Clear 175ml Misket Martini Glasses - Dishwasher Safe Classic Party Bar Champagne Espresso Cocktail Glass Gift Set,8.69295E+12,8.69295E+12,B00A3KBB1E,6.708,12.6,-1.02,-16.61237785,,,0,TIER_3_NEEDS_REVIEW,20,EAN_CHECKSUM_FAIL | BRAND_MISMATCH | UNPROFITABLE,"EAN digits match but checksum invalid | Weak title match (sim=0.33, shared=2)",False,https://www.efghousewares.co.uk/lava-misket-coctail-glasses-6pc-175cc-112098,https://www.amazon.co.uk/dp/B00A3KBB1E,,Lava Misket Coctail Glasses 6Pc 175Cc 112098,549,TIER_3_NEEDS_REVIEW,20,"EAN digits match but checksum invalid | Weak title match (sim=0.33, shared=2)",EAN_CHECKSUM_FAIL | BRAND_MISMATCH | UNPROFITABLE,False,0.333,2
COUNTRY CLUB VELOUR TEA TOWELS LEMONS PACK OF 3,100% Cotton Lemon Design Tea Towel Pack of 3,5.02367E+12,5.02367E+12,B087RTD8N7,2.988,7.45,-0.601666667,-19.79166667,50,50,50,TIER_3_NEEDS_REVIEW,20,EAN_CHECKSUM_FAIL | BRAND_MISMATCH | UNPROFITABLE,"EAN digits match but checksum invalid | Weak title match (sim=0.60, shared=1)",False,https://www.efghousewares.co.uk/countryclub-3-lemon-tea-towels,https://www.amazon.co.uk/dp/B087RTD8N7,Available (see Keepa data),Countryclub 3 Lemon Tea Towels,552,TIER_3_NEEDS_REVIEW,20,"EAN digits match but checksum invalid | Weak title match (sim=0.60, shared=1)",EAN_CHECKSUM_FAIL | BRAND_MISMATCH | UNPROFITABLE,False,0.6,1
ASHLEY CAN OPENER PLASTIC HANDLE,1x Black Deluxe Metal Can Opener - Manual Butterfly Kitchen Tin Bottle Jar Lid Remover Tool - by Ashley,5.0174E+12,5.0174E+12,B0CJ3F41VN,1.344,5.99,-0.488333333,-29.24151697,,,0,TIER_3_NEEDS_REVIEW,20,EAN_CHECKSUM_FAIL | BRAND_MISMATCH | UNPROFITABLE,"EAN digits match but checksum invalid | Weak title match (sim=0.32, shared=3)",False,https://www.efghousewares.co.uk/ashley-can-opener-plastic-handle,https://www.amazon.co.uk/dp/B0CJ3F41VN,Available (see Keepa data),Ashley Can Opener Plastic Handle,557,TIER_3_NEEDS_REVIEW,20,"EAN digits match but checksum invalid | Weak title match (sim=0.32, shared=3)",EAN_CHECKSUM_FAIL | BRAND_MISMATCH | UNPROFITABLE,False,0.316,3
CLAW DRYWALL PICTURE HANGER 7KG 4PK 3PH7-4UKN,"3M Claw Plasterboard Picture Hanging Wall Hooks For Hanging Home Décor, 4 Hangers, Holds up to 7 kg - Ideal for Heavyweight Items",4.06404E+12,4.06404E+12,B09RMWTHB9,6.708,7.97,-1.998333333,-32.54614549,500,500,500,TIER_3_NEEDS_REVIEW,20,EAN_CHECKSUM_FAIL | BRAND_MISMATCH | UNPROFITABLE,"EAN digits match but checksum invalid | Weak title match (sim=0.33, shared=2)",False,https://www.efghousewares.co.uk/claw-drywall-picture-hanger-7kg-4pk-3ph7-4ukn-115833,https://www.amazon.co.uk/dp/B09RMWTHB9,Available (see Keepa data),Claw Drywall Picture Hanger 7Kg 4Pk 3Ph7 4Ukn 115833,560,TIER_3_NEEDS_REVIEW,20,"EAN digits match but checksum invalid | Weak title match (sim=0.33, shared=2)",EAN_CHECKSUM_FAIL | BRAND_MISMATCH | UNPROFITABLE,False,0.331,2
CLAW DRYWALL PICTURE HANGER 11KG 4PK 3PH11-4UKN,"3M Claw Plasterboard Picture Hanging Wall Hooks For Hanging Home Décor, 4 Hangers, Holds up to 11 kg - Ideal for Heavyweight Items",4.06404E+12,4.06404E+12,B09RM83LPS,6.792,7.95,-2.115,-34.05797101,300,300,300,TIER_3_NEEDS_REVIEW,20,EAN_CHECKSUM_FAIL | BRAND_MISMATCH | UNPROFITABLE,"EAN digits match but checksum invalid | Weak title match (sim=0.34, shared=2)",False,https://www.efghousewares.co.uk/claw-drywall-picture-hanger-11kg-4pk-3ph11-4ukn-115835,https://www.amazon.co.uk/dp/B09RM83LPS,Available (see Keepa data),Claw Drywall Picture Hanger 11Kg 4Pk 3Ph11 4Ukn 115835,561,TIER_3_NEEDS_REVIEW,20,"EAN digits match but checksum invalid | Weak title match (sim=0.34, shared=2)",EAN_CHECKSUM_FAIL | BRAND_MISMATCH | UNPROFITABLE,False,0.337,2
ETERNAL ROMANCE EDT 100ML POUR FEMME EACH,Fine Perfumery Eternal Romance EDP Spray for Women 3.4 oz,5.05517E+12,5.05517E+12,B008HSKWXW,2.148,5.67,-0.815,-34.82905983,50,,50,TIER_3_NEEDS_REVIEW,20,EAN_CHECKSUM_FAIL | BRAND_MISMATCH | UNPROFITABLE,"EAN digits match but checksum invalid | Weak title match (sim=0.54, shared=2)",False,https://www.efghousewares.co.uk/eternal-romance-edt-100ml-pour-femme-each-110053,https://www.amazon.co.uk/dp/B008HSKWXW,Available (see Keepa data),Eternal Romance Edt 100Ml Pour Femme Each 110053,563,TIER_3_NEEDS_REVIEW,20,"EAN digits match but checksum invalid | Weak title match (sim=0.54, shared=2)",EAN_CHECKSUM_FAIL | BRAND_MISMATCH | UNPROFITABLE,False,0.536,2
151 IRONING BOARD COVER CLIPS PACK OF 4,Set Of 4 Iron Board Clips,5.05325E+12,5.05325E+12,B08DHLMJYY,1.14,3.2,-0.573333333,-38.22222222,100,100,100,TIER_3_NEEDS_REVIEW,20,EAN_CHECKSUM_FAIL | BRAND_MISMATCH | UNPROFITABLE,"EAN digits match but checksum invalid | Weak title match (sim=0.53, shared=2)",False,https://www.efghousewares.co.uk/151-ironing-board-clips-4pc-25/9-104025,https://www.amazon.co.uk/dp/B08DHLMJYY,,9 104025,564,TIER_3_NEEDS_REVIEW,20,"EAN digits match but checksum invalid | Weak title match (sim=0.53, shared=2)",EAN_CHECKSUM_FAIL | BRAND_MISMATCH | UNPROFITABLE,False,0.531,2
PLASPLUGS PLASTERBOARD SUPER TOGGLE PK20,Plasplug SSTC554 Super Toggle Hollow Fixing,5.01005E+12,5.01005E+12,B00534860Y,4.704,6,-1.75,-39.14988814,50,50,50,TIER_3_NEEDS_REVIEW,20,EAN_CHECKSUM_FAIL | BRAND_MISMATCH | UNPROFITABLE,"EAN digits match but checksum invalid | Weak title match (sim=0.60, shared=2)",False,https://www.efghousewares.co.uk/plasplugs-plasterboard-super-toggle-pk20,https://www.amazon.co.uk/dp/B00534860Y,,Plasplugs Plasterboard Super Toggle Pk20,565,TIER_3_NEEDS_REVIEW,20,"EAN digits match but checksum invalid | Weak title match (sim=0.60, shared=2)",EAN_CHECKSUM_FAIL | BRAND_MISMATCH | UNPROFITABLE,False,0.602,2
CLAW DRYWALL PICTURE HANGER 30KG 2PK3PH30-2UKN,"3M Claw Plasterboard Picture Hanging Wall Hooks For Hanging Home Décor, 2 Hangers, Holds up to 30 kg - Ideal for Heavyweight Items",4.06404E+12,4.06404E+12,B09RQNTMCL,6.708,7.29,-2.515,-40.96091205,400,400,400,TIER_3_NEEDS_REVIEW,20,EAN_CHECKSUM_FAIL | BRAND_MISMATCH | UNPROFITABLE,"EAN digits match but checksum invalid | Weak title match (sim=0.33, shared=2)",False,https://www.efghousewares.co.uk/claw-drywall-picture-hanger-30kg-2pk3ph30-2ukn-115838,https://www.amazon.co.uk/dp/B09RQNTMCL,Available (see Keepa data),Claw Drywall Picture Hanger 30Kg 2Pk3Ph30 2Ukn 115838,566,TIER_3_NEEDS_REVIEW,20,"EAN digits match but checksum invalid | Weak title match (sim=0.33, shared=2)",EAN_CHECKSUM_FAIL | BRAND_MISMATCH | UNPROFITABLE,False,0.327,2
ALLIGATOR PRESCHOOL LEARNING STICKER B00KS,Pre-school Sticker Books,9.78184E+12,9.78184E+12,1842391011,1.344,4.58,-0.693333333,-41.51696607,,,0,TIER_3_NEEDS_REVIEW,20,EAN_CHECKSUM_FAIL | BRAND_MISMATCH | UNPROFITABLE,"EAN digits match but checksum invalid | Weak title match (sim=0.65, shared=1)",False,https://www.efghousewares.co.uk/alligator-preschool-sticker-b00ks,https://www.amazon.co.uk/dp/1842391011,,Alligator Preschool Sticker B00Ks,567,TIER_3_NEEDS_REVIEW,20,"EAN digits match but checksum invalid | Weak title match (sim=0.65, shared=1)",EAN_CHECKSUM_FAIL | BRAND_MISMATCH | UNPROFITABLE,False,0.646,1
SONIC PRIME STICKER BOOK,"Alligator Sonic Prime Sticker Book with Lots of Reusable Stickers Inside Bouns Stand-Up Character On The Back Cover|Fun and Play Activity Books|Perfect for Travel, Birthday Gifts for Kids|Age 3+",9.78179E+12,9.78179E+12,1788246063,1.212,3.45,-0.665,-42.62820513,400,400,400,TIER_3_NEEDS_REVIEW,20,EAN_CHECKSUM_FAIL | BRAND_MISMATCH | UNPROFITABLE,"EAN digits match but checksum invalid | Weak title match (sim=0.23, shared=4)",False,https://www.efghousewares.co.uk/sonic-prime-sticker-book-124253,https://www.amazon.co.uk/dp/1788246063,Available (see Keepa data),Sonic Prime Sticker Book 124253,568,TIER_3_NEEDS_REVIEW,20,"EAN digits match but checksum invalid | Weak title match (sim=0.23, shared=4)",EAN_CHECKSUM_FAIL | BRAND_MISMATCH | UNPROFITABLE,False,0.226,4
RUSTINS STICKY OFF 60ML,Sticky Off 50ml,5.01533E+12,5.01533E+12,B0CJC1WCMT,1.872,4.96,-1.136666667,-53.87045814,,,0,TIER_3_NEEDS_REVIEW,20,EAN_CHECKSUM_FAIL | BRAND_MISMATCH | UNPROFITABLE,"EAN digits match but checksum invalid | Weak title match (sim=0.74, shared=2)",False,https://www.efghousewares.co.uk/rustins-sticky-off-60ml,https://www.amazon.co.uk/dp/B0CJC1WCMT,,Rustins Sticky Off 60Ml,570,TIER_3_NEEDS_REVIEW,20,"EAN digits match but checksum invalid | Weak title match (sim=0.74, shared=2)",EAN_CHECKSUM_FAIL | BRAND_MISMATCH | UNPROFITABLE,False,0.737,2
COUNTY CARBON PAPER 10 SHEETS,A4 Hand Carbon (pack quantity 10),5.02183E+12,5.02183E+12,B01EAP2O2W,0.708,2.89,-0.721666667,-63.30409357,200,200,200,TIER_3_NEEDS_REVIEW,20,EAN_CHECKSUM_FAIL | BRAND_MISMATCH | UNPROFITABLE,"EAN digits match but checksum invalid | Weak title match (sim=0.47, shared=1)",False,https://www.efghousewares.co.uk/county-carbon-paper-10-sheets,https://www.amazon.co.uk/dp/B01EAP2O2W,,County Carbon Paper 10 Sheets,572,TIER_3_NEEDS_REVIEW,20,"EAN digits match but checksum invalid | Weak title match (sim=0.47, shared=1)",EAN_CHECKSUM_FAIL | BRAND_MISMATCH | UNPROFITABLE,False,0.467,1
HAMPER BASKET KIT 30 X 45,Dark Brown Rectangular Hamper Kit - 30cm x 45cm (1 Set) - Including Wood Wool & Ribbon Bow - Perfect for Gifting and Special Occasions,5.05057E+12,5.05057E+12,B01MTKUJTB,5.58,8.12,-3.453333333,-66.41025641,,,0,TIER_3_NEEDS_REVIEW,20,EAN_CHECKSUM_FAIL | BRAND_MISMATCH | UNPROFITABLE,"EAN digits match but checksum invalid | Weak title match (sim=0.24, shared=2)",False,https://www.efghousewares.co.uk/hamper-basket-kit-30-x-45-117344,https://www.amazon.co.uk/dp/B01MTKUJTB,,Hamper Basket Kit 30 X 45 117344,575,TIER_3_NEEDS_REVIEW,20,"EAN digits match but checksum invalid | Weak title match (sim=0.24, shared=2)",EAN_CHECKSUM_FAIL | BRAND_MISMATCH | UNPROFITABLE,False,0.235,2
WHAM CASA SILVER ROUND BOWL 32CM,Casa 32cm Round Washing Up Bowl Silver,5.03814E+12,5.03814E+12,B002QGHJHS,1.416,5.94,-1.16,-67.05202312,100,100,100,TIER_3_NEEDS_REVIEW,20,EAN_CHECKSUM_FAIL | BRAND_MISMATCH | UNPROFITABLE,"EAN digits match but checksum invalid | Weak title match (sim=0.31, shared=5)",False,https://www.efghousewares.co.uk/wham-casa-silver-round-bowl-32cm,https://www.amazon.co.uk/dp/B002QGHJHS,,Wham Casa Silver Round Bowl 32Cm,576,TIER_3_NEEDS_REVIEW,20,"EAN digits match but checksum invalid | Weak title match (sim=0.31, shared=5)",EAN_CHECKSUM_FAIL | BRAND_MISMATCH | UNPROFITABLE,False,0.314,5
151 LOVE YOUR WOOD FURNITURE MARKERS ASSORTED PACK OF 3,Furniture Touch Up Markers,5.05038E+12,5.05038E+12,B01L8GLZ5I,1.14,3.1,-1.086666667,-72.44444444,200,200,200,TIER_3_NEEDS_REVIEW,20,EAN_CHECKSUM_FAIL | BRAND_MISMATCH | UNPROFITABLE,"EAN digits match but checksum invalid | Weak title match (sim=0.42, shared=2)",False,https://www.efghousewares.co.uk/love-your-wood-furniture-marker-16-11,https://www.amazon.co.uk/dp/B01L8GLZ5I,Available (see Keepa data),Love Your Wood Furniture Marker 16 11,577,TIER_3_NEEDS_REVIEW,20,"EAN digits match but checksum invalid | Weak title match (sim=0.42, shared=2)",EAN_CHECKSUM_FAIL | BRAND_MISMATCH | UNPROFITABLE,False,0.42,2
TRADITIONAL SNAP CARDS,"HTI Toys Snap Cards, 40235",5.01476E+12,5.01476E+12,B000XSWUZW,0.672,2.74,-0.816666667,-73.57357357,,,0,TIER_3_NEEDS_REVIEW,20,EAN_CHECKSUM_FAIL | BRAND_MISMATCH | UNPROFITABLE,"EAN digits match but checksum invalid | Weak title match (sim=0.60, shared=2)",False,https://www.efghousewares.co.uk/traditional-snap-cards-111372,https://www.amazon.co.uk/dp/B000XSWUZW,,Traditional Snap Cards 111372,578,TIER_3_NEEDS_REVIEW,20,"EAN digits match but checksum invalid | Weak title match (sim=0.60, shared=2)",EAN_CHECKSUM_FAIL | BRAND_MISMATCH | UNPROFITABLE,False,0.596,2
ELLIOTTS CLOTHS LINE STEEL CORE 20CM,Elliott 20 metre Steel Core Clothesline in White - Durable and Weather resistant Laundry Drying Rope for Indoor & Outdoor Use,5.01316E+12,5.01316E+12,B00LW1RXX8,1.5,3.99,-1.415,-78.61111111,400,400,400,TIER_3_NEEDS_REVIEW,20,EAN_CHECKSUM_FAIL | BRAND_MISMATCH | UNPROFITABLE,"EAN digits match but checksum invalid | Weak title match (sim=0.29, shared=2)",False,https://www.efghousewares.co.uk/elliotts-cloths-line-steel-core-20cm,https://www.amazon.co.uk/dp/B00LW1RXX8,Available (see Keepa data),Elliotts Cloths Line Steel Core 20Cm,581,TIER_3_NEEDS_REVIEW,20,"EAN digits match but checksum invalid | Weak title match (sim=0.29, shared=2)",EAN_CHECKSUM_FAIL | BRAND_MISMATCH | UNPROFITABLE,False,0.289,2
PLASPLUGS SINGLE DOOR HOOKS WHITE,Plasplug HW124 Single Hook - White,5.01005E+12,5.01005E+12,B000TAT746,2.016,2.75,-1.758333333,-78.8490284,50,50,50,TIER_3_NEEDS_REVIEW,20,EAN_CHECKSUM_FAIL | BRAND_MISMATCH | UNPROFITABLE,"EAN digits match but checksum invalid | Weak title match (sim=0.79, shared=2)",False,https://www.efghousewares.co.uk/plasplugs-single-door-hooks-white,https://www.amazon.co.uk/dp/B000TAT746,Available (see Keepa data),Plasplugs Single Door Hooks White,582,TIER_3_NEEDS_REVIEW,20,"EAN digits match but checksum invalid | Weak title match (sim=0.79, shared=2)",EAN_CHECKSUM_FAIL | BRAND_MISMATCH | UNPROFITABLE,False,0.788,2
AMAZING WORLD ANIMAL FRIENDS,ANIMAL FRIENDS Sticker Activity Book (A4,9.78086E+12,9.78086E+12,857264575,1.212,2.99,-1.248333333,-80.02136752,,,0,TIER_3_NEEDS_REVIEW,20,EAN_CHECKSUM_FAIL | BRAND_MISMATCH | UNPROFITABLE,"EAN digits match but checksum invalid | Weak title match (sim=0.42, shared=2)",False,https://www.efghousewares.co.uk/amazing-world-animal-friends-124256,https://www.amazon.co.uk/dp/0857264575,Available (see Keepa data),Amazing World Animal Friends 124256,583,TIER_3_NEEDS_REVIEW,20,"EAN digits match but checksum invalid | Weak title match (sim=0.42, shared=2)",EAN_CHECKSUM_FAIL | BRAND_MISMATCH | UNPROFITABLE,False,0.418,2
FIRST STEPS BOTTLE BRUSH ASS,"RSW 1 Bottle and Teat Brush, 2 Brushes in 1, Ideal for Cleaning Training Cups, Wide Neck Bottles, Lids, Valves, Baby, 2 in",5.0153E+12,5.0153E+12,B094JVKC6G,1.056,3.89,-1.168333333,-81.7016317,200,200,200,TIER_3_NEEDS_REVIEW,20,EAN_CHECKSUM_FAIL | BRAND_MISMATCH | UNPROFITABLE,"EAN digits match but checksum invalid | Weak title match (sim=0.28, shared=2)",False,https://www.efghousewares.co.uk/first-steps-bottle-brush-ass,https://www.amazon.co.uk/dp/B094JVKC6G,Available (see Keepa data),First Steps Bottle Brush Ass,584,TIER_3_NEEDS_REVIEW,20,"EAN digits match but checksum invalid | Weak title match (sim=0.28, shared=2)",EAN_CHECKSUM_FAIL | BRAND_MISMATCH | UNPROFITABLE,False,0.28,2
PRICES PILLAR CANDLE IVORY 10X8CM,Price's Candles - Altar Candle - 100mm x 80mm - Unscented - Up To 50 Hour Burn Time - Smokeless & Dripless,5.01041E+12,5.01041E+12,B0001PW296,2.016,4,-1.916666667,-85.94917788,100,100,100,TIER_3_NEEDS_REVIEW,20,EAN_CHECKSUM_FAIL | BRAND_MISMATCH | UNPROFITABLE,"EAN digits match but checksum invalid | Weak title match (sim=0.39, shared=1)",False,https://www.efghousewares.co.uk/prices-pillar-candle-ivory-10x8cm-sp-,https://www.amazon.co.uk/dp/B0001PW296,,Prices Pillar Candle Ivory 10X8Cm Sp ,585,TIER_3_NEEDS_REVIEW,20,"EAN digits match but checksum invalid | Weak title match (sim=0.39, shared=1)",EAN_CHECKSUM_FAIL | BRAND_MISMATCH | UNPROFITABLE,False,0.394,1
MIRACLE GRO ACR CONC LIQUID 800ml,"Miracle-Gro 121180 Azelia, Camellia & Rhododendron Concentrated Plant Food, 800 ml, Natural",5.01027E+12,5.01027E+12,B0BS6TW27R,4.716,3.97,-4.421666667,-98.69791667,4000,,4000,TIER_3_NEEDS_REVIEW,20,EAN_CHECKSUM_FAIL | BRAND_MISMATCH | UNPROFITABLE,"EAN digits match but checksum invalid | Weak title match (sim=0.47, shared=2)",False,https://www.efghousewares.co.uk/miracle-gro-acr-conc-liquid-800ml-103647,https://www.amazon.co.uk/dp/B0BS6TW27R,,Miracle Gro Acr Conc Liquid 800Ml 103647,586,TIER_3_NEEDS_REVIEW,20,"EAN digits match but checksum invalid | Weak title match (sim=0.47, shared=2)",EAN_CHECKSUM_FAIL | BRAND_MISMATCH | UNPROFITABLE,False,0.471,2
RODO SAFETY SPECTACLE CLEAR,Blackrock Safety Spectacles Clear,5.0192E+12,5.0192E+12,B0052LHGBI,1.416,2.95,-2.361666667,-136.5125241,1000,,1000,TIER_3_NEEDS_REVIEW,20,EAN_CHECKSUM_FAIL | BRAND_MISMATCH | UNPROFITABLE,"EAN digits match but checksum invalid | Weak title match (sim=0.83, shared=2)",False,https://www.efghousewares.co.uk/rodo-safety-spectacle-clear,https://www.amazon.co.uk/dp/B0052LHGBI,,Rodo Safety Spectacle Clear,587,TIER_3_NEEDS_REVIEW,20,"EAN digits match but checksum invalid | Weak title match (sim=0.83, shared=2)",EAN_CHECKSUM_FAIL | BRAND_MISMATCH | UNPROFITABLE,False,0.833,2
TIPPEX CARDED,TIPP-EX RAPID CORRECTEUR LIQUIDE - 20 ML. BLISTER DE 1,3.08613E+12,3.08613E+12,B004YK5052,1.272,2.7,-2.2175,-137.7329193,2000,,2000,TIER_3_NEEDS_REVIEW,20,EAN_CHECKSUM_FAIL | BRAND_MISMATCH | UNPROFITABLE,"EAN digits match but checksum invalid | Weak title match (sim=0.38, shared=0)",False,https://www.efghousewares.co.uk/tippex-carded,https://www.amazon.co.uk/dp/B004YK5052,,Tippex Carded,588,TIER_3_NEEDS_REVIEW,20,"EAN digits match but checksum invalid | Weak title match (sim=0.38, shared=0)",EAN_CHECKSUM_FAIL | BRAND_MISMATCH | UNPROFITABLE,False,0.375,0
